time,open,high,low,close,volume
2025-01-27 20:30:00,108485.0,108485.0,108485.0,108485.0,1.0
2025-01-27 21:00:00,108485.0,108485.0,108485.0,108485.0,0.0
2025-01-31 19:30:00,108700.0,108700.0,108200.0,108200.0,3.0
2025-01-31 20:00:00,108000.0,108050.0,107600.0,107600.0,4.0
2025-01-31 20:30:00,107600.0,107600.0,107600.0,107600.0,0.0
2025-01-31 21:00:00,107600.0,107600.0,107600.0,107600.0,0.0
2025-02-04 19:30:00,106250.0,106250.0,106250.0,106250.0,1.0
2025-02-04 20:00:00,106250.0,106250.0,106250.0,106250.0,0.0
2025-02-04 20:30:00,106250.0,106250.0,106250.0,106250.0,0.0
2025-02-04 21:00:00,106250.0,106250.0,106250.0,106250.0,0.0
2025-02-05 19:30:00,102550.0,102550.0,102550.0,102550.0,1.0
2025-02-05 20:00:00,102550.0,102550.0,102550.0,102550.0,0.0
2025-02-05 20:30:00,102150.0,102150.0,102150.0,102150.0,1.0
2025-02-05 21:00:00,102150.0,102150.0,102150.0,102150.0,0.0
2025-02-07 20:00:00,101645.0,101645.0,101275.0,101275.0,4.0
2025-02-07 20:30:00,101040.0,101040.0,101040.0,101040.0,1.0
2025-02-07 21:00:00,101040.0,101040.0,101040.0,101040.0,0.0
2025-02-10 20:30:00,102515.0,102650.0,102455.0,102455.0,3.0
2025-02-10 21:00:00,102455.0,102455.0,102455.0,102455.0,0.0
2025-02-11 20:00:00,100000.0,100000.0,100000.0,100000.0,1.0
2025-02-11 20:30:00,99745.0,99835.0,99745.0,99835.0,2.0
2025-02-11 21:00:00,99835.0,99835.0,99835.0,99835.0,0.0
2025-02-12 20:00:00,102510.0,102510.0,102510.0,102510.0,1.0
2025-02-12 20:30:00,102360.0,102360.0,102360.0,102360.0,1.0
2025-02-12 21:00:00,102360.0,102360.0,102360.0,102360.0,0.0
2025-02-25 20:30:00,92350.0,92350.0,92350.0,92350.0,1.0
2025-02-25 21:00:00,92350.0,92350.0,92350.0,92350.0,0.0
2025-02-26 20:30:00,87995.0,88375.0,87995.0,88375.0,2.0
2025-02-26 21:00:00,88375.0,88375.0,88375.0,88375.0,0.0
2025-02-27 19:30:00,87850.0,87955.0,87850.0,87955.0,2.0
2025-02-27 20:00:00,87955.0,87955.0,87955.0,87955.0,0.0
2025-02-27 20:30:00,87955.0,87955.0,87955.0,87955.0,0.0
2025-02-27 21:00:00,87955.0,87955.0,87955.0,87955.0,0.0
2025-03-10 14:00:00,83500.0,83500.0,83500.0,83500.0,1.0
2025-03-10 14:30:00,83500.0,83500.0,83500.0,83500.0,0.0
2025-03-10 15:00:00,83500.0,83500.0,83500.0,83500.0,0.0
2025-03-10 15:30:00,83500.0,83500.0,83500.0,83500.0,0.0
2025-03-10 16:00:00,83500.0,83500.0,83500.0,83500.0,0.0
2025-03-10 16:30:00,83500.0,83500.0,83500.0,83500.0,0.0
2025-03-10 17:00:00,83500.0,83500.0,83500.0,83500.0,0.0
2025-03-10 17:30:00,83500.0,83500.0,83500.0,83500.0,0.0
2025-03-10 18:00:00,83500.0,83500.0,83500.0,83500.0,0.0
2025-03-10 18:30:00,83500.0,83500.0,83500.0,83500.0,0.0
2025-03-10 19:00:00,83500.0,83500.0,83500.0,83500.0,0.0
2025-03-10 19:30:00,83500.0,83500.0,83500.0,83500.0,0.0
2025-03-10 20:00:00,83500.0,83500.0,83500.0,83500.0,0.0
2025-03-13 16:30:00,83855.0,83855.0,83855.0,83855.0,1.0
2025-03-13 17:00:00,83800.0,83800.0,83640.0,83640.0,2.0
2025-03-13 17:30:00,83640.0,83640.0,83640.0,83640.0,0.0
2025-03-13 18:00:00,83640.0,83640.0,83640.0,83640.0,0.0
2025-03-13 18:30:00,83640.0,83640.0,83640.0,83640.0,0.0
2025-03-13 19:00:00,83640.0,83640.0,83640.0,83640.0,0.0
2025-03-13 19:30:00,83640.0,83640.0,83640.0,83640.0,0.0
2025-03-13 20:00:00,83640.0,83640.0,83640.0,83640.0,0.0
2025-03-28 16:00:00,86240.0,86305.0,86240.0,86305.0,2.0
2025-03-28 16:30:00,86305.0,86305.0,86305.0,86305.0,0.0
2025-03-28 17:00:00,86305.0,86305.0,86305.0,86305.0,0.0
2025-03-28 17:30:00,86305.0,86305.0,86305.0,86305.0,0.0
2025-03-28 18:00:00,86305.0,86305.0,86305.0,86305.0,0.0
2025-03-28 18:30:00,86305.0,86305.0,86305.0,86305.0,0.0
2025-03-28 19:00:00,86305.0,86305.0,86305.0,86305.0,0.0
2025-03-28 19:30:00,86305.0,86305.0,86305.0,86305.0,0.0
2025-03-28 20:00:00,86305.0,86305.0,86305.0,86305.0,0.0
2025-03-31 17:30:00,85580.0,85625.0,85580.0,85625.0,2.0
2025-03-31 18:00:00,85625.0,85625.0,85625.0,85625.0,0.0
2025-03-31 18:30:00,85625.0,85625.0,85625.0,85625.0,0.0
2025-03-31 19:00:00,85625.0,85625.0,85625.0,85625.0,0.0
2025-03-31 19:30:00,85625.0,85625.0,85625.0,85625.0,0.0
2025-03-31 20:00:00,85625.0,85625.0,85625.0,85625.0,0.0
2025-04-08 16:30:00,80000.0,80000.0,80000.0,80000.0,2.0
2025-04-08 17:00:00,80000.0,80000.0,80000.0,80000.0,0.0
2025-04-08 17:30:00,80000.0,80000.0,80000.0,80000.0,0.0
2025-04-08 18:00:00,80000.0,80000.0,80000.0,80000.0,0.0
2025-04-08 18:30:00,80000.0,80000.0,80000.0,80000.0,0.0
2025-04-08 19:00:00,80000.0,80000.0,80000.0,80000.0,0.0
2025-04-08 19:30:00,80000.0,80000.0,80000.0,80000.0,0.0
2025-04-08 20:00:00,80000.0,80000.0,80000.0,80000.0,0.0
2025-04-23 13:30:00,97250.0,97250.0,97250.0,97250.0,0.0
2025-04-23 14:00:00,95805.0,95805.0,95805.0,95805.0,3.0
2025-04-23 14:30:00,95805.0,95805.0,95805.0,95805.0,0.0
2025-04-23 15:00:00,95805.0,95805.0,95805.0,95805.0,0.0
2025-04-23 15:30:00,95805.0,95805.0,95805.0,95805.0,0.0
2025-04-23 16:00:00,95805.0,95805.0,95805.0,95805.0,0.0
2025-04-23 16:30:00,95805.0,95805.0,95805.0,95805.0,0.0
2025-04-23 17:00:00,95805.0,95805.0,95805.0,95805.0,0.0
2025-04-23 17:30:00,95805.0,95805.0,95805.0,95805.0,0.0
2025-04-23 18:00:00,95805.0,95805.0,95805.0,95805.0,0.0
2025-04-23 18:30:00,95805.0,95805.0,95805.0,95805.0,0.0
2025-04-23 19:00:00,95805.0,95805.0,95805.0,95805.0,0.0
2025-04-23 19:30:00,95805.0,95805.0,95805.0,95805.0,0.0
2025-04-23 20:00:00,95805.0,95805.0,95805.0,95805.0,0.0
2025-05-05 13:30:00,96550.0,96550.0,96550.0,96550.0,1.0
2025-05-05 14:00:00,96550.0,96550.0,96550.0,96550.0,0.0
2025-05-05 14:30:00,96550.0,96550.0,96550.0,96550.0,0.0
2025-05-05 15:00:00,96550.0,96550.0,96550.0,96550.0,0.0
2025-05-05 15:30:00,96550.0,96550.0,96550.0,96550.0,0.0
2025-05-05 16:00:00,96550.0,96550.0,96550.0,96550.0,0.0
2025-05-05 16:30:00,96550.0,96550.0,96550.0,96550.0,0.0
2025-05-05 17:00:00,96850.0,96850.0,96850.0,96850.0,1.0
2025-05-05 17:30:00,96850.0,96850.0,96850.0,96850.0,0.0
2025-05-05 18:00:00,96850.0,96850.0,96850.0,96850.0,0.0
2025-05-05 18:30:00,96850.0,96850.0,96850.0,96850.0,0.0
2025-05-05 19:00:00,96850.0,96850.0,96850.0,96850.0,0.0
2025-05-05 19:30:00,96850.0,96850.0,96850.0,96850.0,0.0
2025-05-05 20:00:00,96850.0,96850.0,96850.0,96850.0,0.0
2025-05-06 18:00:00,97230.0,97230.0,97230.0,97230.0,1.0
2025-05-06 18:30:00,97230.0,97230.0,97230.0,97230.0,0.0
2025-05-06 19:00:00,97230.0,97230.0,97230.0,97230.0,0.0
2025-05-06 19:30:00,97230.0,97230.0,97230.0,97230.0,0.0
2025-05-06 20:00:00,97230.0,97230.0,97230.0,97230.0,0.0
2025-05-08 16:30:00,104075.0,104075.0,104075.0,104075.0,1.0
2025-05-08 17:00:00,104075.0,104075.0,104075.0,104075.0,0.0
2025-05-08 17:30:00,104075.0,104075.0,104075.0,104075.0,0.0
2025-05-08 18:00:00,104075.0,104075.0,104075.0,104075.0,0.0
2025-05-08 18:30:00,104075.0,104075.0,104075.0,104075.0,0.0
2025-05-08 19:00:00,104075.0,104075.0,104075.0,104075.0,0.0
2025-05-08 19:30:00,104075.0,104075.0,104075.0,104075.0,0.0
2025-05-08 20:00:00,104075.0,104075.0,104075.0,104075.0,0.0
2025-05-12 18:00:00,104510.0,104510.0,104510.0,104510.0,1.0
2025-05-12 18:30:00,104510.0,104510.0,104510.0,104510.0,0.0
2025-05-12 19:00:00,104510.0,104510.0,104510.0,104510.0,0.0
2025-05-12 19:30:00,104510.0,104510.0,104510.0,104510.0,0.0
2025-05-12 20:00:00,104510.0,104510.0,104510.0,104510.0,0.0
2025-05-23 15:30:00,112800.0,112800.0,112800.0,112800.0,1.0
2025-05-23 16:00:00,112800.0,112800.0,112800.0,112800.0,0.0
2025-05-23 16:30:00,112800.0,112800.0,112800.0,112800.0,0.0
2025-05-23 17:00:00,112800.0,112800.0,112800.0,112800.0,0.0
2025-05-23 17:30:00,112800.0,112800.0,112800.0,112800.0,0.0
2025-05-23 18:00:00,112800.0,112800.0,112800.0,112800.0,0.0
2025-05-23 18:30:00,112800.0,112800.0,112800.0,112800.0,0.0
2025-05-23 19:00:00,112800.0,112800.0,112800.0,112800.0,0.0
2025-05-23 19:30:00,112800.0,112800.0,112800.0,112800.0,0.0
2025-05-23 20:00:00,112800.0,112800.0,112800.0,112800.0,0.0
2025-05-28 17:00:00,110640.0,110640.0,110640.0,110640.0,1.0
2025-05-28 17:30:00,110640.0,110640.0,110640.0,110640.0,0.0
2025-05-28 18:00:00,110640.0,110640.0,110640.0,110640.0,0.0
2025-05-28 18:30:00,110640.0,110640.0,110640.0,110640.0,0.0
2025-05-28 19:00:00,110640.0,110640.0,110640.0,110640.0,0.0
2025-05-28 19:30:00,110640.0,110640.0,110640.0,110640.0,0.0
2025-05-28 20:00:00,110640.0,110640.0,110640.0,110640.0,0.0
2025-05-29 14:00:00,110290.0,110290.0,110290.0,110290.0,5.0
2025-05-29 14:30:00,110290.0,110290.0,110290.0,110290.0,0.0
2025-05-29 15:00:00,110290.0,110290.0,110290.0,110290.0,0.0
2025-05-29 15:30:00,110290.0,110290.0,110290.0,110290.0,0.0
2025-05-29 16:00:00,110290.0,110290.0,110290.0,110290.0,0.0
2025-05-29 16:30:00,110290.0,110290.0,110290.0,110290.0,0.0
2025-05-29 17:00:00,110290.0,110290.0,110290.0,110290.0,0.0
2025-05-29 17:30:00,110290.0,110290.0,110290.0,110290.0,0.0
2025-05-29 18:00:00,110290.0,110290.0,110290.0,110290.0,0.0
2025-05-29 18:30:00,110290.0,110290.0,110290.0,110290.0,0.0
2025-05-29 19:00:00,110290.0,110290.0,110290.0,110290.0,0.0
2025-05-29 19:30:00,110290.0,110290.0,110290.0,110290.0,0.0
2025-05-29 20:00:00,110290.0,110290.0,110290.0,110290.0,0.0
2025-05-30 17:30:00,106775.0,106775.0,106765.0,106765.0,2.0
2025-05-30 18:00:00,106765.0,106765.0,106765.0,106765.0,0.0
2025-05-30 18:30:00,106765.0,106765.0,106765.0,106765.0,0.0
2025-05-30 19:00:00,106765.0,106765.0,106765.0,106765.0,0.0
2025-05-30 19:30:00,106765.0,106765.0,106765.0,106765.0,0.0
2025-05-30 20:00:00,107150.0,107150.0,107150.0,107150.0,3.0
2025-06-02 13:30:00,106985.0,106985.0,106915.0,106915.0,3.0
2025-06-02 14:00:00,106580.0,106620.0,106580.0,106620.0,4.0
2025-06-02 14:30:00,106700.0,106700.0,106690.0,106690.0,2.0
2025-06-02 15:00:00,106690.0,106690.0,106690.0,106690.0,0.0
2025-06-02 15:30:00,106690.0,106690.0,106690.0,106690.0,0.0
2025-06-02 16:00:00,106690.0,106690.0,106690.0,106690.0,0.0
2025-06-02 16:30:00,106690.0,106690.0,106690.0,106690.0,0.0
2025-06-02 17:00:00,106690.0,106690.0,106690.0,106690.0,0.0
2025-06-02 17:30:00,106905.0,106905.0,106905.0,106905.0,1.0
2025-06-02 18:00:00,106905.0,106905.0,106905.0,106905.0,0.0
2025-06-02 18:30:00,106905.0,106905.0,106905.0,106905.0,0.0
2025-06-02 19:00:00,106905.0,106905.0,106905.0,106905.0,0.0
2025-06-02 19:30:00,106905.0,106905.0,106905.0,106905.0,0.0
2025-06-02 20:00:00,106905.0,106905.0,106905.0,106905.0,0.0
2025-06-03 14:00:00,107850.0,107850.0,107850.0,107850.0,1.0
2025-06-03 14:30:00,107850.0,107850.0,107850.0,107850.0,0.0
2025-06-03 15:00:00,107850.0,107850.0,107850.0,107850.0,0.0
2025-06-03 15:30:00,107850.0,107850.0,107850.0,107850.0,0.0
2025-06-03 16:00:00,107850.0,107850.0,107850.0,107850.0,0.0
2025-06-03 16:30:00,107850.0,107850.0,107850.0,107850.0,0.0
2025-06-03 17:00:00,107850.0,107850.0,107850.0,107850.0,0.0
2025-06-03 17:30:00,107850.0,107850.0,107850.0,107850.0,0.0
2025-06-03 18:00:00,107850.0,107850.0,107850.0,107850.0,0.0
2025-06-03 18:30:00,107850.0,107850.0,107850.0,107850.0,0.0
2025-06-03 19:00:00,107850.0,107850.0,107850.0,107850.0,0.0
2025-06-03 19:30:00,107850.0,107850.0,107850.0,107850.0,0.0
2025-06-03 20:00:00,107850.0,107850.0,107850.0,107850.0,0.0
2025-06-05 17:00:00,106000.0,106000.0,105860.0,105860.0,2.0
2025-06-05 17:30:00,105860.0,105860.0,105860.0,105860.0,0.0
2025-06-05 18:00:00,105860.0,105860.0,105860.0,105860.0,0.0
2025-06-05 18:30:00,105860.0,105860.0,105860.0,105860.0,0.0
2025-06-05 19:00:00,105860.0,105860.0,105860.0,105860.0,0.0
2025-06-05 19:30:00,105860.0,105860.0,105860.0,105860.0,0.0
2025-06-05 20:00:00,105860.0,105860.0,105860.0,105860.0,0.0
2025-06-10 19:30:00,112900.0,112900.0,112900.0,112900.0,1.0
2025-06-10 20:00:00,112900.0,112900.0,112900.0,112900.0,0.0
2025-06-11 19:30:00,111305.0,111305.0,111305.0,111305.0,2.0
2025-06-11 20:00:00,111305.0,111305.0,111305.0,111305.0,0.0
2025-06-12 13:30:00,109525.0,109525.0,109520.0,109520.0,2.0
2025-06-12 14:00:00,109520.0,109520.0,109520.0,109520.0,0.0
2025-06-12 14:30:00,109520.0,109520.0,109520.0,109520.0,0.0
2025-06-12 15:00:00,110060.0,110060.0,110060.0,110060.0,1.0
2025-06-12 15:30:00,110060.0,110060.0,110060.0,110060.0,0.0
2025-06-12 16:00:00,110060.0,110060.0,110060.0,110060.0,0.0
2025-06-12 16:30:00,110060.0,110060.0,110060.0,110060.0,0.0
2025-06-12 17:00:00,110060.0,110060.0,110060.0,110060.0,0.0
2025-06-12 17:30:00,110060.0,110060.0,110060.0,110060.0,0.0
2025-06-12 18:00:00,110060.0,110060.0,110060.0,110060.0,0.0
2025-06-12 18:30:00,110060.0,110060.0,110060.0,110060.0,0.0
2025-06-12 19:00:00,110060.0,110060.0,110060.0,110060.0,0.0
2025-06-12 19:30:00,110060.0,110060.0,110060.0,110060.0,0.0
2025-06-12 20:00:00,110060.0,110060.0,110060.0,110060.0,0.0
2025-06-13 18:30:00,107175.0,107430.0,107175.0,107430.0,4.0
2025-06-13 19:00:00,107430.0,107430.0,107430.0,107430.0,0.0
2025-06-13 19:30:00,107430.0,107430.0,107430.0,107430.0,0.0
2025-06-13 20:00:00,107430.0,107430.0,107430.0,107430.0,0.0
2025-06-16 19:00:00,110960.0,110960.0,110960.0,110960.0,1.0
2025-06-16 19:30:00,111245.0,111245.0,111245.0,111245.0,2.0
2025-06-16 20:00:00,111245.0,111245.0,111245.0,111245.0,0.0
2025-06-17 13:30:00,107940.0,107940.0,107940.0,107940.0,0.0
2025-06-17 14:00:00,107940.0,107940.0,107940.0,107940.0,0.0
2025-06-17 14:30:00,107940.0,107940.0,107940.0,107940.0,0.0
2025-06-17 15:00:00,107940.0,107940.0,107940.0,107940.0,0.0
2025-06-17 15:30:00,107940.0,107940.0,107940.0,107940.0,0.0
2025-06-17 16:00:00,106750.0,106750.0,106750.0,106750.0,1.0
2025-06-17 16:30:00,106750.0,106750.0,106750.0,106750.0,0.0
2025-06-17 17:00:00,106750.0,106750.0,106750.0,106750.0,0.0
2025-06-17 17:30:00,106750.0,106750.0,106750.0,106750.0,0.0
2025-06-17 18:00:00,106750.0,106750.0,106750.0,106750.0,0.0
2025-06-17 18:30:00,106750.0,106750.0,106750.0,106750.0,0.0
2025-06-17 19:00:00,106750.0,106750.0,106750.0,106750.0,0.0
2025-06-17 19:30:00,107425.0,107450.0,107425.0,107450.0,4.0
2025-06-17 20:00:00,107450.0,107450.0,107450.0,107450.0,0.0
2025-06-18 13:30:00,106175.0,106175.0,106175.0,106175.0,0.0
2025-06-18 14:00:00,106175.0,106175.0,106175.0,106175.0,0.0
2025-06-18 14:30:00,106175.0,106175.0,106175.0,106175.0,0.0
2025-06-18 15:00:00,106175.0,106175.0,106175.0,106175.0,0.0
2025-06-18 15:30:00,107125.0,107125.0,107125.0,107125.0,1.0
2025-06-18 16:00:00,107125.0,107125.0,107125.0,107125.0,0.0
2025-06-18 16:30:00,107125.0,107125.0,107125.0,107125.0,0.0
2025-06-18 17:00:00,106405.0,106405.0,106405.0,106405.0,2.0
2025-06-18 17:30:00,106405.0,106405.0,106405.0,106405.0,0.0
2025-06-18 18:00:00,106405.0,106405.0,106405.0,106405.0,0.0
2025-06-18 18:30:00,106405.0,106405.0,106405.0,106405.0,0.0
2025-06-18 19:00:00,106405.0,106405.0,106405.0,106405.0,0.0
2025-06-18 19:30:00,106405.0,106405.0,106405.0,106405.0,0.0
2025-06-18 20:00:00,106405.0,106405.0,106405.0,106405.0,0.0
2025-06-23 13:30:00,102980.0,102980.0,102980.0,102980.0,1.0
2025-06-23 14:00:00,102980.0,102980.0,102980.0,102980.0,0.0
2025-06-23 14:30:00,103665.0,103665.0,103665.0,103665.0,1.0
2025-06-23 15:00:00,103665.0,103665.0,103665.0,103665.0,0.0
2025-06-23 15:30:00,103665.0,103665.0,103665.0,103665.0,0.0
2025-06-23 16:00:00,103260.0,103260.0,103260.0,103260.0,2.0
2025-06-23 16:30:00,103260.0,103260.0,103260.0,103260.0,0.0
2025-06-23 17:00:00,102845.0,102845.0,102845.0,102845.0,1.0
2025-06-23 17:30:00,104545.0,104595.0,104100.0,104195.0,6.0
2025-06-23 18:00:00,104195.0,104195.0,104195.0,104195.0,0.0
2025-06-23 18:30:00,104195.0,104195.0,104195.0,104195.0,0.0
2025-06-23 19:00:00,104195.0,104195.0,104195.0,104195.0,0.0
2025-06-23 19:30:00,104195.0,104195.0,104195.0,104195.0,0.0
2025-06-23 20:00:00,104195.0,104195.0,104195.0,104195.0,0.0
2025-06-24 14:00:00,107140.0,107140.0,107140.0,107140.0,1.0
2025-06-24 14:30:00,107140.0,107140.0,107140.0,107140.0,0.0
2025-06-24 15:00:00,107140.0,107140.0,107140.0,107140.0,0.0
2025-06-24 15:30:00,107140.0,107140.0,107140.0,107140.0,0.0
2025-06-24 16:00:00,107140.0,107140.0,107140.0,107140.0,0.0
2025-06-24 16:30:00,107140.0,107140.0,107140.0,107140.0,0.0
2025-06-24 17:00:00,107140.0,107140.0,107140.0,107140.0,0.0
2025-06-24 17:30:00,107140.0,107140.0,107140.0,107140.0,0.0
2025-06-24 18:00:00,107140.0,107140.0,107140.0,107140.0,0.0
2025-06-24 18:30:00,107140.0,107140.0,107140.0,107140.0,0.0
2025-06-24 19:00:00,107140.0,107140.0,107140.0,107140.0,0.0
2025-06-24 19:30:00,107140.0,107140.0,107140.0,107140.0,0.0
2025-06-24 20:00:00,107140.0,107140.0,107140.0,107140.0,0.0
2025-06-25 13:30:00,109955.0,110105.0,109860.0,110065.0,17.0
2025-06-25 14:00:00,110055.0,110225.0,110055.0,110225.0,3.0
2025-06-25 14:30:00,110225.0,110225.0,110225.0,110225.0,0.0
2025-06-25 15:00:00,109575.0,109575.0,109575.0,109575.0,1.0
2025-06-25 15:30:00,109145.0,109170.0,109145.0,109170.0,4.0
2025-06-25 16:00:00,109170.0,109170.0,109170.0,109170.0,0.0
2025-06-25 16:30:00,109170.0,109170.0,109170.0,109170.0,0.0
2025-06-25 17:00:00,109170.0,109170.0,109170.0,109170.0,0.0
2025-06-25 17:30:00,109170.0,109170.0,109170.0,109170.0,0.0
2025-06-25 18:00:00,109170.0,109170.0,109170.0,109170.0,0.0
2025-06-25 18:30:00,109170.0,109170.0,109170.0,109170.0,0.0
2025-06-25 19:00:00,109170.0,109170.0,109170.0,109170.0,0.0
2025-06-25 19:30:00,109170.0,109170.0,109170.0,109170.0,0.0
2025-06-25 20:00:00,109170.0,109170.0,109170.0,109170.0,0.0
2025-06-26 13:30:00,109125.0,109125.0,109020.0,109020.0,4.0
2025-06-26 14:00:00,108885.0,108895.0,108855.0,108855.0,5.0
2025-06-26 14:30:00,108855.0,108855.0,108855.0,108855.0,0.0
2025-06-26 15:00:00,109315.0,109315.0,109310.0,109315.0,4.0
2025-06-26 15:30:00,109315.0,109315.0,109315.0,109315.0,0.0
2025-06-26 16:00:00,109205.0,109205.0,109205.0,109205.0,2.0
2025-06-26 16:30:00,109205.0,109205.0,109205.0,109205.0,0.0
2025-06-26 17:00:00,109205.0,109205.0,109205.0,109205.0,0.0
2025-06-26 17:30:00,109205.0,109205.0,109205.0,109205.0,0.0
2025-06-26 18:00:00,109205.0,109205.0,109205.0,109205.0,0.0
2025-06-26 18:30:00,109205.0,109205.0,109205.0,109205.0,0.0
2025-06-26 19:00:00,109205.0,109205.0,109205.0,109205.0,0.0
2025-06-26 19:30:00,109650.0,109650.0,109650.0,109650.0,1.0
2025-06-26 20:00:00,109650.0,109650.0,109650.0,109650.0,0.0
2025-06-27 13:30:00,108875.0,108875.0,108875.0,108875.0,5.0
2025-06-27 14:00:00,108875.0,108875.0,108875.0,108875.0,0.0
2025-06-27 14:30:00,108875.0,108875.0,108875.0,108875.0,0.0
2025-06-27 15:00:00,108645.0,108645.0,108520.0,108630.0,18.0
2025-06-27 15:30:00,108630.0,108630.0,108630.0,108630.0,0.0
2025-06-27 16:00:00,109380.0,109380.0,109365.0,109365.0,3.0
2025-06-27 16:30:00,109365.0,109365.0,109365.0,109365.0,0.0
2025-06-27 17:00:00,109365.0,109365.0,109365.0,109365.0,0.0
2025-06-27 17:30:00,109365.0,109365.0,109365.0,109365.0,0.0
2025-06-27 18:00:00,109365.0,109365.0,109365.0,109365.0,0.0
2025-06-27 18:30:00,109365.0,109365.0,109365.0,109365.0,0.0
2025-06-27 19:00:00,109365.0,109365.0,109365.0,109365.0,0.0
2025-06-27 19:30:00,109365.0,109365.0,109365.0,109365.0,0.0
2025-06-27 20:00:00,109365.0,109365.0,109365.0,109365.0,0.0
2025-06-30 13:30:00,109540.0,109630.0,109540.0,109630.0,2.0
2025-06-30 14:00:00,109630.0,109630.0,109630.0,109630.0,0.0
2025-06-30 14:30:00,109630.0,109630.0,109630.0,109630.0,0.0
2025-06-30 15:00:00,109630.0,109630.0,109630.0,109630.0,0.0
2025-06-30 15:30:00,109630.0,109630.0,109630.0,109630.0,0.0
2025-06-30 16:00:00,109630.0,109630.0,109630.0,109630.0,0.0
2025-06-30 16:30:00,109630.0,109630.0,109630.0,109630.0,0.0
2025-06-30 17:00:00,109630.0,109630.0,109630.0,109630.0,0.0
2025-06-30 17:30:00,109630.0,109630.0,109630.0,109630.0,0.0
2025-06-30 18:00:00,109630.0,109630.0,109630.0,109630.0,0.0
2025-06-30 18:30:00,109630.0,109630.0,109630.0,109630.0,0.0
2025-06-30 19:00:00,109630.0,109630.0,109630.0,109630.0,0.0
2025-06-30 19:30:00,109605.0,109735.0,109605.0,109735.0,4.0
2025-06-30 20:00:00,109735.0,109735.0,109735.0,109735.0,0.0
2025-07-01 13:30:00,108525.0,108525.0,108525.0,108525.0,1.0
2025-07-01 14:00:00,108870.0,108870.0,108870.0,108870.0,1.0
2025-07-01 14:30:00,108165.0,108185.0,108150.0,108185.0,3.0
2025-07-01 15:00:00,107475.0,107505.0,107475.0,107505.0,2.0
2025-07-01 15:30:00,107505.0,107505.0,107505.0,107505.0,0.0
2025-07-01 16:00:00,107505.0,107505.0,107505.0,107505.0,0.0
2025-07-01 16:30:00,107505.0,107505.0,107505.0,107505.0,0.0
2025-07-01 17:00:00,107505.0,107505.0,107505.0,107505.0,0.0
2025-07-01 17:30:00,107505.0,107505.0,107505.0,107505.0,0.0
2025-07-01 18:00:00,107505.0,107505.0,107505.0,107505.0,0.0
2025-07-01 18:30:00,107505.0,107505.0,107505.0,107505.0,0.0
2025-07-01 19:00:00,107505.0,107505.0,107505.0,107505.0,0.0
2025-07-01 19:30:00,107165.0,107245.0,107165.0,107245.0,2.0
2025-07-01 20:00:00,107075.0,107075.0,107075.0,107075.0,1.0
2025-07-02 13:30:00,109445.0,109445.0,109445.0,109445.0,1.0
2025-07-02 14:00:00,109850.0,109850.0,109850.0,109850.0,1.0
2025-07-02 14:30:00,109850.0,109850.0,109850.0,109850.0,0.0
2025-07-02 15:00:00,110480.0,110480.0,110480.0,110480.0,1.0
2025-07-02 15:30:00,110480.0,110480.0,110480.0,110480.0,0.0
2025-07-02 16:00:00,111210.0,111690.0,111210.0,111690.0,2.0
2025-07-02 16:30:00,111315.0,111750.0,111315.0,111600.0,3.0
2025-07-02 17:00:00,111600.0,111600.0,111600.0,111600.0,0.0
2025-07-02 17:30:00,111065.0,111065.0,111005.0,111005.0,4.0
2025-07-02 18:00:00,111005.0,111005.0,111005.0,111005.0,0.0
2025-07-02 18:30:00,111005.0,111005.0,111005.0,111005.0,0.0
2025-07-02 19:00:00,111005.0,111005.0,111005.0,111005.0,0.0
2025-07-02 19:30:00,111435.0,111795.0,111435.0,111795.0,7.0
2025-07-02 20:00:00,111660.0,111660.0,111660.0,111660.0,1.0
2025-07-03 13:30:00,111300.0,111300.0,111300.0,111300.0,0.0
2025-07-03 14:00:00,111300.0,111300.0,111300.0,111300.0,0.0
2025-07-03 14:30:00,111300.0,111300.0,111300.0,111300.0,0.0
2025-07-03 15:00:00,111300.0,111300.0,111300.0,111300.0,0.0
2025-07-03 15:30:00,111170.0,111170.0,111170.0,111170.0,1.0
2025-07-03 16:00:00,111170.0,111170.0,111170.0,111170.0,0.0
2025-07-03 16:30:00,111170.0,111170.0,111170.0,111170.0,0.0
2025-07-03 17:00:00,111730.0,111730.0,111730.0,111730.0,1.0
2025-07-03 17:30:00,111730.0,111730.0,111730.0,111730.0,0.0
2025-07-03 18:00:00,111730.0,111730.0,111730.0,111730.0,0.0
2025-07-03 18:30:00,111730.0,111730.0,111730.0,111730.0,0.0
2025-07-03 19:00:00,111730.0,111730.0,111730.0,111730.0,0.0
2025-07-03 19:30:00,111730.0,111730.0,111730.0,111730.0,0.0
2025-07-03 20:00:00,111730.0,111730.0,111730.0,111730.0,0.0
2025-07-07 13:30:00,109980.0,109980.0,109900.0,109900.0,2.0
2025-07-07 14:00:00,109900.0,109900.0,109900.0,109900.0,0.0
2025-07-07 14:30:00,110135.0,110135.0,110135.0,110135.0,1.0
2025-07-07 15:00:00,110165.0,110190.0,110165.0,110190.0,2.0
2025-07-07 15:30:00,110190.0,110190.0,110190.0,110190.0,0.0
2025-07-07 16:00:00,110180.0,110180.0,110180.0,110180.0,1.0
2025-07-07 16:30:00,110180.0,110180.0,110180.0,110180.0,0.0
2025-07-07 17:00:00,110180.0,110180.0,110180.0,110180.0,0.0
2025-07-07 17:30:00,110215.0,110215.0,110215.0,110215.0,1.0
2025-07-07 18:00:00,110215.0,110215.0,110215.0,110215.0,0.0
2025-07-07 18:30:00,110215.0,110215.0,110215.0,110215.0,0.0
2025-07-07 19:00:00,110215.0,110215.0,110215.0,110215.0,0.0
2025-07-07 19:30:00,109920.0,109920.0,109870.0,109875.0,4.0
2025-07-07 20:00:00,109895.0,109895.0,109895.0,109895.0,1.0
2025-07-08 13:30:00,110750.0,110750.0,110750.0,110750.0,0.0
2025-07-08 14:00:00,110625.0,110625.0,110625.0,110625.0,1.0
2025-07-08 14:30:00,110625.0,110625.0,110625.0,110625.0,0.0
2025-07-08 15:00:00,110625.0,110625.0,110625.0,110625.0,0.0
2025-07-08 15:30:00,110625.0,110625.0,110625.0,110625.0,0.0
2025-07-08 16:00:00,110625.0,110625.0,110625.0,110625.0,0.0
2025-07-08 16:30:00,110625.0,110625.0,110625.0,110625.0,0.0
2025-07-08 17:00:00,110625.0,110625.0,110625.0,110625.0,0.0
2025-07-08 17:30:00,110625.0,110625.0,110625.0,110625.0,0.0
2025-07-08 18:00:00,110625.0,110625.0,110625.0,110625.0,0.0
2025-07-08 18:30:00,110625.0,110625.0,110625.0,110625.0,0.0
2025-07-08 19:00:00,110625.0,110625.0,110625.0,110625.0,0.0
2025-07-08 19:30:00,110675.0,110675.0,110645.0,110645.0,5.0
2025-07-08 20:00:00,110590.0,110590.0,110590.0,110590.0,1.0
2025-07-09 13:30:00,111470.0,111470.0,111465.0,111465.0,2.0
2025-07-09 14:00:00,110835.0,110835.0,110835.0,110835.0,1.0
2025-07-09 14:30:00,110835.0,110835.0,110835.0,110835.0,0.0
2025-07-09 15:00:00,110835.0,110835.0,110835.0,110835.0,0.0
2025-07-09 15:30:00,110835.0,110835.0,110835.0,110835.0,0.0
2025-07-09 16:00:00,110835.0,110835.0,110835.0,110835.0,0.0
2025-07-09 16:30:00,110835.0,110835.0,110835.0,110835.0,0.0
2025-07-09 17:00:00,110835.0,110835.0,110835.0,110835.0,0.0
2025-07-09 17:30:00,110945.0,110945.0,110945.0,110945.0,1.0
2025-07-09 18:00:00,110945.0,110945.0,110945.0,110945.0,0.0
2025-07-09 18:30:00,111310.0,111310.0,111310.0,111310.0,1.0
2025-07-09 19:00:00,111690.0,111690.0,111690.0,111690.0,1.0
2025-07-09 19:30:00,112385.0,113770.0,112375.0,113745.0,10.0
2025-07-09 20:00:00,113805.0,113805.0,113455.0,113455.0,2.0
2025-07-10 13:30:00,112815.0,112815.0,112815.0,112815.0,0.0
2025-07-10 14:00:00,113150.0,113150.0,113150.0,113150.0,1.0
2025-07-10 14:30:00,113150.0,113150.0,113150.0,113150.0,0.0
2025-07-10 15:00:00,113215.0,113215.0,113215.0,113215.0,1.0
2025-07-10 15:30:00,113255.0,113255.0,113080.0,113080.0,2.0
2025-07-10 16:00:00,114370.0,114370.0,114370.0,114370.0,1.0
2025-07-10 16:30:00,114370.0,114370.0,114370.0,114370.0,0.0
2025-07-10 17:00:00,114370.0,114370.0,114370.0,114370.0,0.0
2025-07-10 17:30:00,115600.0,115600.0,115600.0,115600.0,1.0
2025-07-10 18:00:00,115600.0,115600.0,115600.0,115600.0,0.0
2025-07-10 18:30:00,115600.0,115600.0,115600.0,115600.0,0.0
2025-07-10 19:00:00,115600.0,115600.0,115600.0,115600.0,0.0
2025-07-10 19:30:00,115415.0,115415.0,115375.0,115375.0,3.0
2025-07-10 20:00:00,115375.0,115375.0,115375.0,115375.0,1.0
2025-07-11 13:30:00,119675.0,119675.0,119675.0,119675.0,0.0
2025-07-11 14:00:00,119675.0,119675.0,119675.0,119675.0,0.0
2025-07-11 14:30:00,120000.0,120000.0,119615.0,119615.0,2.0
2025-07-11 15:00:00,119920.0,119920.0,119920.0,119920.0,2.0
2025-07-11 15:30:00,119550.0,119550.0,119215.0,119215.0,3.0
2025-07-11 16:00:00,119215.0,119215.0,119215.0,119215.0,0.0
2025-07-11 16:30:00,119215.0,119215.0,119215.0,119215.0,0.0
2025-07-11 17:00:00,119215.0,119215.0,119215.0,119215.0,0.0
2025-07-11 17:30:00,119535.0,119535.0,119535.0,119535.0,1.0
2025-07-11 18:00:00,119535.0,119535.0,119535.0,119535.0,0.0
2025-07-11 18:30:00,119535.0,119535.0,119535.0,119535.0,0.0
2025-07-11 19:00:00,119935.0,119935.0,119925.0,119925.0,2.0
2025-07-11 19:30:00,119840.0,120135.0,119840.0,120125.0,5.0
2025-07-11 20:00:00,119885.0,119885.0,119885.0,119885.0,1.0
2025-07-14 13:30:00,123110.0,123680.0,123110.0,123680.0,2.0
2025-07-14 14:00:00,123445.0,123445.0,123445.0,123445.0,1.0
2025-07-14 14:30:00,122730.0,122955.0,122730.0,122955.0,2.0
2025-07-14 15:00:00,122860.0,122860.0,122340.0,122340.0,6.0
2025-07-14 15:30:00,122140.0,122195.0,121640.0,121785.0,7.0
2025-07-14 16:00:00,121535.0,121745.0,121135.0,121740.0,13.0
2025-07-14 16:30:00,121955.0,121955.0,121775.0,121785.0,5.0
2025-07-14 17:00:00,122065.0,122065.0,122065.0,122065.0,1.0
2025-07-14 17:30:00,122065.0,122065.0,122065.0,122065.0,0.0
2025-07-14 18:00:00,122065.0,122065.0,122065.0,122065.0,0.0
2025-07-14 18:30:00,122065.0,122065.0,122065.0,122065.0,0.0
2025-07-14 19:00:00,122065.0,122065.0,122065.0,122065.0,0.0
2025-07-14 19:30:00,121790.0,121830.0,121790.0,121830.0,4.0
2025-07-14 20:00:00,121830.0,121830.0,121830.0,121830.0,0.0
2025-07-15 13:30:00,119585.0,120245.0,119585.0,120240.0,8.0
2025-07-15 14:00:00,120240.0,120240.0,120240.0,120240.0,0.0
2025-07-15 14:30:00,118970.0,118970.0,117945.0,118115.0,5.0
2025-07-15 15:00:00,118055.0,118055.0,117820.0,117925.0,6.0
2025-07-15 15:30:00,118110.0,118460.0,118110.0,118460.0,6.0
2025-07-15 16:00:00,118310.0,118780.0,118310.0,118600.0,6.0
2025-07-15 16:30:00,118600.0,118600.0,118600.0,118600.0,0.0
2025-07-15 17:00:00,118600.0,118600.0,118600.0,118600.0,0.0
2025-07-15 17:30:00,119200.0,119200.0,119200.0,119200.0,1.0
2025-07-15 18:00:00,119200.0,119200.0,119200.0,119200.0,0.0
2025-07-15 18:30:00,118475.0,118475.0,118330.0,118330.0,3.0
2025-07-15 19:00:00,118975.0,118975.0,118975.0,118975.0,1.0
2025-07-15 19:30:00,118260.0,118355.0,118220.0,118240.0,19.0
2025-07-15 20:00:00,118255.0,118290.0,118255.0,118290.0,2.0
2025-07-16 13:30:00,120435.0,120435.0,120435.0,120435.0,0.0
2025-07-16 14:00:00,120435.0,120435.0,120435.0,120435.0,0.0
2025-07-16 14:30:00,120455.0,120455.0,120455.0,120455.0,2.0
2025-07-16 15:00:00,120455.0,120455.0,120455.0,120455.0,0.0
2025-07-16 15:30:00,120455.0,120455.0,120455.0,120455.0,0.0
2025-07-16 16:00:00,120455.0,120455.0,120455.0,120455.0,0.0
2025-07-16 16:30:00,120455.0,120455.0,120455.0,120455.0,0.0
2025-07-16 17:00:00,120455.0,120455.0,120455.0,120455.0,0.0
2025-07-16 17:30:00,120455.0,120455.0,120455.0,120455.0,0.0
2025-07-16 18:00:00,120455.0,120455.0,120455.0,120455.0,0.0
2025-07-16 18:30:00,121505.0,121505.0,121505.0,121505.0,1.0
2025-07-16 19:00:00,121170.0,121170.0,121170.0,121170.0,1.0
2025-07-16 19:30:00,121165.0,121295.0,121120.0,121215.0,15.0
2025-07-16 20:00:00,121215.0,121215.0,121215.0,121215.0,0.0
2025-07-17 13:30:00,119795.0,119795.0,119795.0,119795.0,1.0
2025-07-17 14:00:00,119795.0,119795.0,119795.0,119795.0,0.0
2025-07-17 14:30:00,120705.0,120705.0,120345.0,120570.0,18.0
2025-07-17 15:00:00,120570.0,120570.0,120570.0,120570.0,0.0
2025-07-17 15:30:00,120570.0,120570.0,120570.0,120570.0,0.0
2025-07-17 16:00:00,120900.0,120900.0,120900.0,120900.0,1.0
2025-07-17 16:30:00,120900.0,120900.0,120900.0,120900.0,0.0
2025-07-17 17:00:00,120900.0,120900.0,120900.0,120900.0,0.0
2025-07-17 17:30:00,121060.0,121060.0,121060.0,121060.0,1.0
2025-07-17 18:00:00,121560.0,121580.0,121465.0,121465.0,4.0
2025-07-17 18:30:00,121745.0,121745.0,121745.0,121745.0,1.0
2025-07-17 19:00:00,121695.0,121695.0,121695.0,121695.0,1.0
2025-07-17 19:30:00,121500.0,121535.0,120850.0,120890.0,12.0
2025-07-17 20:00:00,120930.0,120930.0,120930.0,120930.0,1.0
2025-07-18 13:30:00,120595.0,120620.0,120375.0,120610.0,11.0
2025-07-18 14:00:00,121000.0,121000.0,119730.0,119730.0,9.0
2025-07-18 14:30:00,119730.0,119730.0,119730.0,119730.0,0.0
2025-07-18 15:00:00,119730.0,119730.0,119730.0,119730.0,0.0
2025-07-18 15:30:00,119655.0,119655.0,119655.0,119655.0,1.0
2025-07-18 16:00:00,119535.0,119535.0,119460.0,119460.0,3.0
2025-07-18 16:30:00,119460.0,119460.0,119460.0,119460.0,0.0
2025-07-18 17:00:00,119460.0,119460.0,119460.0,119460.0,0.0
2025-07-18 17:30:00,119480.0,119480.0,119430.0,119430.0,2.0
2025-07-18 18:00:00,119420.0,119445.0,119420.0,119445.0,2.0
2025-07-18 18:30:00,119445.0,119445.0,119445.0,119445.0,0.0
2025-07-18 19:00:00,119445.0,119445.0,119445.0,119445.0,0.0
2025-07-18 19:30:00,119115.0,119215.0,119045.0,119065.0,16.0
2025-07-18 20:00:00,119065.0,119065.0,119065.0,119065.0,0.0
2025-07-21 13:30:00,120220.0,120805.0,120220.0,120770.0,10.0
2025-07-21 14:00:00,120485.0,120790.0,120255.0,120570.0,6.0
2025-07-21 14:30:00,120695.0,120795.0,120545.0,120545.0,11.0
2025-07-21 15:00:00,120585.0,120585.0,120495.0,120510.0,4.0
2025-07-21 15:30:00,120245.0,120245.0,120100.0,120100.0,2.0
2025-07-21 16:00:00,119760.0,119760.0,119655.0,119760.0,3.0
2025-07-21 16:30:00,119760.0,119760.0,119760.0,119760.0,0.0
2025-07-21 17:00:00,119275.0,119275.0,119275.0,119275.0,1.0
2025-07-21 17:30:00,119395.0,119395.0,119395.0,119395.0,1.0
2025-07-21 18:00:00,119620.0,119620.0,119620.0,119620.0,1.0
2025-07-21 18:30:00,119620.0,119620.0,119620.0,119620.0,0.0
2025-07-21 19:00:00,119065.0,119065.0,118800.0,118800.0,2.0
2025-07-21 19:30:00,118390.0,118430.0,118295.0,118430.0,21.0
2025-07-21 20:00:00,118455.0,118455.0,118455.0,118455.0,1.0
2025-07-22 13:30:00,120910.0,121225.0,120130.0,120130.0,3.0
2025-07-22 14:00:00,120010.0,120315.0,120005.0,120090.0,7.0
2025-07-22 14:30:00,120090.0,120090.0,120090.0,120090.0,0.0
2025-07-22 15:00:00,120900.0,120900.0,120900.0,120900.0,1.0
2025-07-22 15:30:00,120925.0,120950.0,120785.0,120785.0,4.0
2025-07-22 16:00:00,120980.0,120980.0,120980.0,120980.0,1.0
2025-07-22 16:30:00,120835.0,120835.0,120835.0,120835.0,1.0
2025-07-22 17:00:00,120645.0,120645.0,120575.0,120575.0,2.0
2025-07-22 17:30:00,121020.0,121020.0,121020.0,121020.0,1.0
2025-07-22 18:00:00,121325.0,121325.0,121325.0,121325.0,1.0
2025-07-22 18:30:00,121605.0,122110.0,121605.0,121855.0,3.0
2025-07-22 19:00:00,121710.0,121710.0,121405.0,121405.0,3.0
2025-07-22 19:30:00,121140.0,121285.0,121065.0,121285.0,29.0
2025-07-22 20:00:00,121285.0,121285.0,121285.0,121285.0,0.0
2025-07-23 13:30:00,119100.0,119255.0,119090.0,119255.0,5.0
2025-07-23 14:00:00,119150.0,119705.0,119150.0,119705.0,4.0
2025-07-23 14:30:00,119705.0,119705.0,119705.0,119705.0,0.0
2025-07-23 15:00:00,120030.0,120030.0,119920.0,119920.0,2.0
2025-07-23 15:30:00,119920.0,119920.0,119920.0,119920.0,0.0
2025-07-23 16:00:00,119620.0,119620.0,119620.0,119620.0,2.0
2025-07-23 16:30:00,119485.0,119485.0,119485.0,119485.0,1.0
2025-07-23 17:00:00,119300.0,119300.0,119300.0,119300.0,1.0
2025-07-23 17:30:00,119435.0,119435.0,119295.0,119295.0,3.0
2025-07-23 18:00:00,119295.0,119295.0,119295.0,119295.0,0.0
2025-07-23 18:30:00,120130.0,120130.0,120130.0,120130.0,1.0
2025-07-23 19:00:00,120170.0,120170.0,120170.0,120170.0,1.0
2025-07-23 19:30:00,120165.0,120165.0,120160.0,120160.0,3.0
2025-07-23 20:00:00,120160.0,120160.0,120160.0,120160.0,0.0
2025-07-24 13:30:00,120625.0,120625.0,120625.0,120625.0,0.0
2025-07-24 14:00:00,120025.0,120025.0,119650.0,119825.0,4.0
2025-07-24 14:30:00,120435.0,120435.0,120435.0,120435.0,1.0
2025-07-24 15:00:00,121410.0,121410.0,120790.0,120790.0,8.0
2025-07-24 15:30:00,120575.0,120810.0,120575.0,120810.0,2.0
2025-07-24 16:00:00,120780.0,120780.0,120780.0,120780.0,2.0
2025-07-24 16:30:00,120780.0,120780.0,120780.0,120780.0,0.0
2025-07-24 17:00:00,120800.0,120800.0,120800.0,120800.0,1.0
2025-07-24 17:30:00,120940.0,121125.0,120940.0,121125.0,2.0
2025-07-24 18:00:00,121125.0,121125.0,121125.0,121125.0,0.0
2025-07-24 18:30:00,121125.0,121125.0,121125.0,121125.0,0.0
2025-07-24 19:00:00,121125.0,121125.0,121125.0,121125.0,0.0
2025-07-24 19:30:00,120905.0,120930.0,120765.0,120865.0,35.0
2025-07-24 20:00:00,120865.0,120865.0,120865.0,120865.0,0.0
2025-07-25 13:30:00,117860.0,118425.0,117320.0,117690.0,16.0
2025-07-25 14:00:00,118100.0,118100.0,117235.0,117500.0,19.0
2025-07-25 14:30:00,117280.0,117280.0,116920.0,116920.0,5.0
2025-07-25 15:00:00,116970.0,117585.0,116940.0,117435.0,45.0
2025-07-25 15:30:00,117490.0,117550.0,117170.0,117550.0,34.0
2025-07-25 16:00:00,117570.0,117790.0,117460.0,117485.0,9.0
2025-07-25 16:30:00,117815.0,118035.0,117815.0,118035.0,8.0
2025-07-25 17:00:00,118130.0,118295.0,117995.0,118155.0,18.0
2025-07-25 17:30:00,118015.0,118185.0,117830.0,118115.0,17.0
2025-07-25 18:00:00,118095.0,118430.0,118095.0,118340.0,16.0
2025-07-25 18:30:00,118390.0,118540.0,118380.0,118540.0,7.0
2025-07-25 19:00:00,118610.0,118710.0,118590.0,118710.0,4.0
2025-07-25 19:30:00,118840.0,118840.0,118555.0,118625.0,83.0
2025-07-25 20:00:00,118625.0,118625.0,118625.0,118625.0,0.0
2025-07-28 13:30:00,120370.0,120920.0,120035.0,120115.0,35.0
2025-07-28 14:00:00,120110.0,120165.0,119900.0,119900.0,3.0
2025-07-28 14:30:00,119970.0,119975.0,119800.0,119940.0,9.0
2025-07-28 15:00:00,119730.0,120015.0,119730.0,119940.0,12.0
2025-07-28 15:30:00,120200.0,120230.0,119860.0,119985.0,6.0
2025-07-28 16:00:00,119760.0,119850.0,119760.0,119850.0,3.0
2025-07-28 16:30:00,120070.0,120080.0,119675.0,119675.0,14.0
2025-07-28 17:00:00,119720.0,119720.0,119350.0,119615.0,15.0
2025-07-28 17:30:00,119715.0,119715.0,119345.0,119345.0,7.0
2025-07-28 18:00:00,119320.0,119390.0,119125.0,119235.0,5.0
2025-07-28 18:30:00,119290.0,119290.0,119290.0,119290.0,3.0
2025-07-28 19:00:00,119540.0,119820.0,119540.0,119820.0,17.0
2025-07-28 19:30:00,119710.0,119795.0,119295.0,119780.0,29.0
2025-07-28 20:00:00,119610.0,119610.0,119610.0,119610.0,1.0
2025-07-29 13:30:00,120370.0,120370.0,120370.0,120370.0,1.0
2025-07-29 14:00:00,120280.0,120280.0,119685.0,119685.0,2.0
2025-07-29 14:30:00,119675.0,119675.0,119485.0,119495.0,3.0
2025-07-29 15:00:00,119475.0,119475.0,119200.0,119230.0,12.0
2025-07-29 15:30:00,119000.0,119200.0,118885.0,119100.0,17.0
2025-07-29 16:00:00,119060.0,119060.0,118995.0,119060.0,4.0
2025-07-29 16:30:00,118730.0,119370.0,118555.0,119370.0,9.0
2025-07-29 17:00:00,119600.0,119600.0,119600.0,119600.0,1.0
2025-07-29 17:30:00,119365.0,119365.0,119365.0,119365.0,1.0
2025-07-29 18:00:00,119365.0,119365.0,119365.0,119365.0,0.0
2025-07-29 18:30:00,119095.0,119190.0,119095.0,119190.0,3.0
2025-07-29 19:00:00,119200.0,119510.0,118990.0,118990.0,33.0
2025-07-29 19:30:00,119000.0,119105.0,119000.0,119040.0,11.0
2025-07-29 20:00:00,119045.0,119055.0,118750.0,118750.0,5.0
2025-07-30 13:30:00,119070.0,119475.0,119020.0,119335.0,33.0
2025-07-30 14:00:00,119640.0,119645.0,119615.0,119615.0,4.0
2025-07-30 14:30:00,119640.0,120350.0,119640.0,120350.0,17.0
2025-07-30 15:00:00,120460.0,120460.0,120040.0,120040.0,2.0
2025-07-30 15:30:00,119755.0,119755.0,119750.0,119750.0,2.0
2025-07-30 16:00:00,119395.0,119605.0,119395.0,119400.0,5.0
2025-07-30 16:30:00,119250.0,119250.0,119250.0,119250.0,1.0
2025-07-30 17:00:00,119250.0,119250.0,119250.0,119250.0,0.0
2025-07-30 17:30:00,119390.0,119400.0,119180.0,119380.0,6.0
2025-07-30 18:00:00,119180.0,119270.0,119045.0,119130.0,67.0
2025-07-30 18:30:00,119000.0,119000.0,117960.0,117965.0,46.0
2025-07-30 19:00:00,117905.0,117910.0,117300.0,117690.0,31.0
2025-07-30 19:30:00,117825.0,118415.0,117720.0,118335.0,55.0
2025-07-30 20:00:00,118285.0,118750.0,118285.0,118750.0,20.0
2025-07-31 13:30:00,119585.0,120245.0,119500.0,120245.0,11.0
2025-07-31 14:00:00,120175.0,120175.0,119800.0,119800.0,3.0
2025-07-31 14:30:00,119435.0,119435.0,119400.0,119400.0,3.0
2025-07-31 15:00:00,119660.0,119660.0,119610.0,119610.0,4.0
2025-07-31 15:30:00,119900.0,119900.0,119845.0,119845.0,2.0
2025-07-31 16:00:00,119850.0,119900.0,119845.0,119900.0,4.0
2025-07-31 16:30:00,120250.0,120410.0,119890.0,119890.0,13.0
2025-07-31 17:00:00,119720.0,119720.0,119250.0,119250.0,3.0
2025-07-31 17:30:00,119215.0,119575.0,119185.0,119185.0,5.0
2025-07-31 18:00:00,119120.0,119120.0,118760.0,118920.0,12.0
2025-07-31 18:30:00,118920.0,118920.0,118920.0,118920.0,0.0
2025-07-31 19:00:00,118675.0,118780.0,118675.0,118780.0,3.0
2025-07-31 19:30:00,118270.0,118500.0,118130.0,118200.0,19.0
2025-07-31 20:00:00,118280.0,118280.0,117990.0,117990.0,7.0
2025-08-01 13:30:00,116470.0,116775.0,115270.0,115580.0,23.0
2025-08-01 14:00:00,115240.0,116850.0,114950.0,116780.0,30.0
2025-08-01 14:30:00,116975.0,117030.0,116460.0,116710.0,19.0
2025-08-01 15:00:00,116470.0,116470.0,115745.0,115745.0,7.0
2025-08-01 15:30:00,115905.0,116300.0,115905.0,116300.0,4.0
2025-08-01 16:00:00,116640.0,116870.0,116610.0,116770.0,11.0
2025-08-01 16:30:00,116270.0,116350.0,115990.0,115990.0,11.0
2025-08-01 17:00:00,116130.0,116130.0,115570.0,115595.0,13.0
2025-08-01 17:30:00,115880.0,116065.0,115520.0,115625.0,38.0
2025-08-01 18:00:00,115400.0,115400.0,114850.0,114850.0,5.0
2025-08-01 18:30:00,115320.0,115320.0,114890.0,114900.0,4.0
2025-08-01 19:00:00,114860.0,114915.0,114350.0,114455.0,10.0
2025-08-01 19:30:00,114360.0,114600.0,114195.0,114300.0,56.0
2025-08-01 20:00:00,114265.0,114540.0,114145.0,114295.0,35.0
2025-08-04 13:30:00,115190.0,115890.0,115190.0,115880.0,18.0
2025-08-04 14:00:00,116070.0,116630.0,116070.0,116505.0,28.0
2025-08-04 14:30:00,116440.0,116440.0,115855.0,115855.0,15.0
2025-08-04 15:00:00,116075.0,116090.0,115980.0,115980.0,7.0
2025-08-04 15:30:00,115920.0,116040.0,115920.0,116040.0,6.0
2025-08-04 16:00:00,116200.0,116380.0,116150.0,116150.0,27.0
2025-08-04 16:30:00,116490.0,116645.0,116490.0,116625.0,7.0
2025-08-04 17:00:00,116765.0,116980.0,116720.0,116840.0,9.0
2025-08-04 17:30:00,116545.0,116545.0,116365.0,116365.0,6.0
2025-08-04 18:00:00,116430.0,116430.0,116430.0,116430.0,2.0
2025-08-04 18:30:00,116420.0,116420.0,116090.0,116090.0,4.0
2025-08-04 19:00:00,116200.0,116375.0,116190.0,116190.0,4.0
2025-08-04 19:30:00,116160.0,116160.0,115940.0,116000.0,62.0
2025-08-04 20:00:00,115875.0,116000.0,115820.0,116000.0,6.0
2025-08-05 13:30:00,115270.0,115800.0,115260.0,115645.0,43.0
2025-08-05 14:00:00,115215.0,115215.0,114435.0,114470.0,23.0
2025-08-05 14:30:00,114115.0,114310.0,113815.0,114025.0,27.0
2025-08-05 15:00:00,114050.0,114255.0,114050.0,114050.0,6.0
2025-08-05 15:30:00,114000.0,114060.0,114000.0,114060.0,2.0
2025-08-05 16:00:00,114140.0,114310.0,114140.0,114310.0,5.0
2025-08-05 16:30:00,114365.0,114370.0,114325.0,114325.0,8.0
2025-08-05 17:00:00,114430.0,114650.0,114310.0,114650.0,11.0
2025-08-05 17:30:00,114650.0,114850.0,114575.0,114850.0,15.0
2025-08-05 18:00:00,114730.0,114730.0,114730.0,114730.0,1.0
2025-08-05 18:30:00,114660.0,114660.0,114660.0,114660.0,1.0
2025-08-05 19:00:00,114890.0,114920.0,114810.0,114810.0,6.0
2025-08-05 19:30:00,114810.0,114900.0,114610.0,114765.0,48.0
2025-08-05 20:00:00,114950.0,115000.0,114925.0,115000.0,5.0
2025-08-06 13:30:00,115070.0,115515.0,114845.0,115345.0,10.0
2025-08-06 14:00:00,115530.0,115690.0,115090.0,115090.0,14.0
2025-08-06 14:30:00,115340.0,116425.0,115340.0,116425.0,13.0
2025-08-06 15:00:00,116440.0,116505.0,116180.0,116200.0,9.0
2025-08-06 15:30:00,116510.0,116800.0,116485.0,116760.0,17.0
2025-08-06 16:00:00,116675.0,116675.0,116345.0,116345.0,18.0
2025-08-06 16:30:00,116490.0,116490.0,116230.0,116435.0,14.0
2025-08-06 17:00:00,116465.0,116565.0,116465.0,116565.0,14.0
2025-08-06 17:30:00,116620.0,116680.0,116620.0,116680.0,2.0
2025-08-06 18:00:00,117000.0,117020.0,116790.0,116790.0,4.0
2025-08-06 18:30:00,116740.0,116755.0,116630.0,116685.0,7.0
2025-08-06 19:00:00,116670.0,116670.0,116670.0,116670.0,1.0
2025-08-06 19:30:00,116500.0,116570.0,116455.0,116525.0,81.0
2025-08-06 20:00:00,116445.0,116445.0,116445.0,116445.0,2.0
2025-08-07 13:30:00,117630.0,117980.0,117625.0,117905.0,16.0
2025-08-07 14:00:00,117620.0,117680.0,117495.0,117555.0,15.0
2025-08-07 14:30:00,117545.0,117920.0,117545.0,117615.0,7.0
2025-08-07 15:00:00,117685.0,117910.0,117650.0,117805.0,7.0
2025-08-07 15:30:00,117910.0,118110.0,117895.0,118100.0,14.0
2025-08-07 16:00:00,118000.0,118030.0,117875.0,118030.0,5.0
2025-08-07 16:30:00,117970.0,117970.0,116910.0,117510.0,8.0
2025-08-07 17:00:00,117700.0,117850.0,117700.0,117750.0,4.0
2025-08-07 17:30:00,117690.0,117690.0,117600.0,117620.0,5.0
2025-08-07 18:00:00,117820.0,117820.0,117580.0,117620.0,10.0
2025-08-07 18:30:00,117600.0,117600.0,117560.0,117560.0,2.0
2025-08-07 19:00:00,117910.0,118010.0,117860.0,118010.0,6.0
2025-08-07 19:30:00,118160.0,118935.0,118160.0,118890.0,78.0
2025-08-07 20:00:00,118770.0,118935.0,118755.0,118920.0,27.0
2025-08-08 13:30:00,117965.0,118140.0,117755.0,118125.0,10.0
2025-08-08 14:00:00,118115.0,118115.0,117920.0,118020.0,11.0
2025-08-08 14:30:00,117825.0,117860.0,117645.0,117645.0,10.0
2025-08-08 15:00:00,117640.0,117640.0,117470.0,117550.0,16.0
2025-08-08 15:30:00,117385.0,117440.0,116980.0,117440.0,40.0
2025-08-08 16:00:00,117330.0,117405.0,117290.0,117290.0,4.0
2025-08-08 16:30:00,117385.0,117465.0,117295.0,117465.0,4.0
2025-08-08 17:00:00,117530.0,117705.0,117530.0,117675.0,5.0
2025-08-08 17:30:00,117775.0,117785.0,117770.0,117775.0,4.0
2025-08-08 18:00:00,118065.0,118065.0,117860.0,117900.0,5.0
2025-08-08 18:30:00,117760.0,117760.0,117740.0,117740.0,3.0
2025-08-08 19:00:00,117830.0,117860.0,117790.0,117790.0,4.0
2025-08-08 19:30:00,117610.0,117700.0,117595.0,117630.0,64.0
2025-08-08 20:00:00,117580.0,117620.0,117580.0,117615.0,5.0
2025-08-11 13:30:00,121180.0,121430.0,120895.0,121430.0,15.0
2025-08-11 14:00:00,121260.0,121280.0,120990.0,121055.0,12.0
2025-08-11 14:30:00,121195.0,121580.0,121195.0,121425.0,12.0
2025-08-11 15:00:00,121380.0,121380.0,121080.0,121320.0,9.0
2025-08-11 15:30:00,121495.0,121540.0,121480.0,121480.0,18.0
2025-08-11 16:00:00,121405.0,122010.0,121395.0,121620.0,11.0
2025-08-11 16:30:00,121790.0,121790.0,121310.0,121310.0,10.0
2025-08-11 17:00:00,121170.0,121295.0,120915.0,120920.0,11.0
2025-08-11 17:30:00,120965.0,121025.0,120710.0,120710.0,8.0
2025-08-11 18:00:00,120690.0,120900.0,120590.0,120805.0,11.0
2025-08-11 18:30:00,120880.0,121050.0,120880.0,120945.0,5.0
2025-08-11 19:00:00,120920.0,120920.0,120720.0,120720.0,8.0
2025-08-11 19:30:00,120420.0,120450.0,119890.0,120255.0,140.0
2025-08-11 20:00:00,120260.0,120280.0,119950.0,120035.0,22.0
2025-08-12 13:30:00,120340.0,120720.0,119780.0,119780.0,21.0
2025-08-12 14:00:00,120045.0,120225.0,120045.0,120225.0,3.0
2025-08-12 14:30:00,120130.0,120500.0,120130.0,120500.0,7.0
2025-08-12 15:00:00,120605.0,120960.0,120605.0,120910.0,9.0
2025-08-12 15:30:00,120875.0,121070.0,120830.0,121070.0,7.0
2025-08-12 16:00:00,121165.0,121175.0,120990.0,120990.0,6.0
2025-08-12 16:30:00,120860.0,120880.0,120710.0,120805.0,15.0
2025-08-12 17:00:00,120835.0,121020.0,120835.0,120935.0,12.0
2025-08-12 17:30:00,120630.0,120790.0,120415.0,120415.0,22.0
2025-08-12 18:00:00,120625.0,121260.0,120625.0,121000.0,18.0
2025-08-12 18:30:00,121035.0,121035.0,120510.0,120510.0,13.0
2025-08-12 19:00:00,120605.0,121080.0,120545.0,121060.0,16.0
2025-08-12 19:30:00,121080.0,121190.0,120870.0,120885.0,63.0
2025-08-12 20:00:00,120750.0,121005.0,120675.0,121005.0,12.0
2025-08-13 13:30:00,121850.0,123275.0,121405.0,122975.0,93.0
2025-08-13 14:00:00,123205.0,123505.0,122780.0,122780.0,190.0
2025-08-13 14:30:00,123225.0,123240.0,122180.0,122305.0,43.0
2025-08-13 15:00:00,122390.0,122500.0,121640.0,121640.0,14.0
2025-08-13 15:30:00,122000.0,122620.0,122000.0,122290.0,20.0
2025-08-13 16:00:00,122260.0,123015.0,122260.0,122975.0,14.0
2025-08-13 16:30:00,123050.0,123050.0,122710.0,122710.0,9.0
2025-08-13 17:00:00,122830.0,123160.0,122830.0,123160.0,16.0
2025-08-13 17:30:00,123200.0,123200.0,122855.0,123080.0,11.0
2025-08-13 18:00:00,123220.0,123340.0,122980.0,122980.0,18.0
2025-08-13 18:30:00,123220.0,123220.0,122825.0,123000.0,10.0
2025-08-13 19:00:00,122930.0,123910.0,122930.0,123810.0,20.0
2025-08-13 19:30:00,123950.0,124285.0,123635.0,124205.0,152.0
2025-08-13 20:00:00,124215.0,124360.0,123925.0,124185.0,36.0
2025-08-14 13:30:00,119525.0,120120.0,118920.0,119685.0,69.0
2025-08-14 14:00:00,119660.0,120120.0,119320.0,120120.0,19.0
2025-08-14 14:30:00,120035.0,120570.0,120035.0,120060.0,43.0
2025-08-14 15:00:00,119940.0,120005.0,119395.0,119395.0,16.0
2025-08-14 15:30:00,119415.0,119440.0,119080.0,119310.0,18.0
2025-08-14 16:00:00,119390.0,119390.0,118700.0,118770.0,18.0
2025-08-14 16:30:00,118805.0,119135.0,118790.0,119030.0,9.0
2025-08-14 17:00:00,118995.0,119310.0,118750.0,119310.0,8.0
2025-08-14 17:30:00,119190.0,119190.0,118745.0,119000.0,10.0
2025-08-14 18:00:00,119025.0,119055.0,118370.0,118800.0,16.0
2025-08-14 18:30:00,119025.0,119440.0,119020.0,119315.0,19.0
2025-08-14 19:00:00,119360.0,119605.0,119275.0,119595.0,20.0
2025-08-14 19:30:00,119375.0,119810.0,119120.0,119140.0,134.0
2025-08-14 20:00:00,119140.0,119185.0,119030.0,119075.0,20.0
2025-08-15 13:30:00,119630.0,119650.0,118955.0,118955.0,47.0
2025-08-15 14:00:00,118870.0,119425.0,118840.0,118995.0,39.0
2025-08-15 14:30:00,118990.0,119165.0,118380.0,118455.0,24.0
2025-08-15 15:00:00,118370.0,118700.0,118020.0,118460.0,28.0
2025-08-15 15:30:00,118470.0,118470.0,117955.0,118435.0,38.0
2025-08-15 16:00:00,118245.0,118270.0,118045.0,118200.0,15.0
2025-08-15 16:30:00,118310.0,118570.0,118230.0,118570.0,12.0
2025-08-15 17:00:00,118465.0,118780.0,118275.0,118650.0,32.0
2025-08-15 17:30:00,118695.0,119010.0,118655.0,118735.0,13.0
2025-08-15 18:00:00,118500.0,118515.0,118480.0,118495.0,7.0
2025-08-15 18:30:00,118460.0,118535.0,118180.0,118260.0,26.0
2025-08-15 19:00:00,118210.0,118495.0,118150.0,118245.0,13.0
2025-08-15 19:30:00,118170.0,118215.0,117915.0,118045.0,65.0
2025-08-15 20:00:00,118000.0,118175.0,117950.0,118175.0,41.0
2025-08-18 13:30:00,116700.0,116775.0,115840.0,115840.0,17.0
2025-08-18 14:00:00,115935.0,116460.0,115860.0,116460.0,9.0
2025-08-18 14:30:00,116280.0,116390.0,116120.0,116380.0,5.0
2025-08-18 15:00:00,116540.0,116650.0,116370.0,116600.0,11.0
2025-08-18 15:30:00,116615.0,117130.0,116615.0,117090.0,10.0
2025-08-18 16:00:00,117125.0,117315.0,116985.0,116985.0,26.0
2025-08-18 16:30:00,116965.0,117070.0,116940.0,117005.0,6.0
2025-08-18 17:00:00,116975.0,117670.0,116975.0,117670.0,18.0
2025-08-18 17:30:00,117775.0,117805.0,117510.0,117550.0,49.0
2025-08-18 18:00:00,117465.0,117470.0,117285.0,117455.0,33.0
2025-08-18 18:30:00,117430.0,117580.0,117420.0,117525.0,8.0
2025-08-18 19:00:00,117530.0,117635.0,117235.0,117260.0,25.0
2025-08-18 19:30:00,117340.0,117415.0,117220.0,117350.0,34.0
2025-08-18 20:00:00,117360.0,117495.0,117360.0,117495.0,6.0
2025-08-19 13:30:00,116800.0,116800.0,115850.0,116120.0,59.0
2025-08-19 14:00:00,116175.0,116300.0,115000.0,115000.0,75.0
2025-08-19 14:30:00,115040.0,115315.0,114600.0,114760.0,107.0
2025-08-19 15:00:00,114855.0,114960.0,114470.0,114935.0,61.0
2025-08-19 15:30:00,114935.0,114935.0,114575.0,114610.0,14.0
2025-08-19 16:00:00,114640.0,114660.0,114485.0,114485.0,18.0
2025-08-19 16:30:00,114385.0,114510.0,114125.0,114125.0,11.0
2025-08-19 17:00:00,114125.0,114295.0,113855.0,114200.0,31.0
2025-08-19 17:30:00,114365.0,114375.0,114160.0,114310.0,14.0
2025-08-19 18:00:00,114175.0,114250.0,114100.0,114130.0,8.0
2025-08-19 18:30:00,114035.0,114035.0,113700.0,113880.0,11.0
2025-08-19 19:00:00,113600.0,114225.0,113550.0,114225.0,19.0
2025-08-19 19:30:00,114205.0,114345.0,113885.0,113980.0,141.0
2025-08-19 20:00:00,113945.0,114075.0,113760.0,113760.0,38.0
2025-08-20 13:30:00,114230.0,114230.0,113395.0,113475.0,52.0
2025-08-20 14:00:00,113665.0,114055.0,113170.0,113980.0,40.0
2025-08-20 14:30:00,114140.0,114670.0,114070.0,114350.0,24.0
2025-08-20 15:00:00,114230.0,115180.0,114230.0,115140.0,19.0
2025-08-20 15:30:00,114800.0,114800.0,114125.0,114125.0,11.0
2025-08-20 16:00:00,114125.0,115125.0,114125.0,115125.0,11.0
2025-08-20 16:30:00,115080.0,115100.0,114650.0,114650.0,16.0
2025-08-20 17:00:00,114725.0,114900.0,114685.0,114685.0,28.0
2025-08-20 17:30:00,114845.0,115100.0,114845.0,115100.0,18.0
2025-08-20 18:00:00,114995.0,115000.0,114350.0,114350.0,13.0
2025-08-20 18:30:00,114190.0,114545.0,114190.0,114545.0,10.0
2025-08-20 19:00:00,114765.0,114800.0,114765.0,114800.0,2.0
2025-08-20 19:30:00,114930.0,115255.0,114870.0,115195.0,84.0
2025-08-20 20:00:00,115140.0,115175.0,114980.0,114980.0,27.0
2025-08-21 13:30:00,114075.0,114570.0,114075.0,114355.0,108.0
2025-08-21 14:00:00,114340.0,114805.0,114340.0,114635.0,11.0
2025-08-21 14:30:00,114475.0,114475.0,113810.0,114200.0,10.0
2025-08-21 15:00:00,114125.0,114125.0,113490.0,113760.0,54.0
2025-08-21 15:30:00,113880.0,113930.0,113605.0,113605.0,43.0
2025-08-21 16:00:00,113565.0,113655.0,113500.0,113500.0,12.0
2025-08-21 16:30:00,113460.0,113555.0,113145.0,113185.0,22.0
2025-08-21 17:00:00,113225.0,113260.0,113050.0,113050.0,34.0
2025-08-21 17:30:00,113060.0,113375.0,113060.0,113205.0,9.0
2025-08-21 18:00:00,113035.0,113430.0,113035.0,113415.0,8.0
2025-08-21 18:30:00,113165.0,113450.0,113005.0,113450.0,13.0
2025-08-21 19:00:00,113400.0,113525.0,113070.0,113070.0,12.0
2025-08-21 19:30:00,113005.0,113080.0,112800.0,113000.0,166.0
2025-08-21 20:00:00,113020.0,113150.0,112965.0,113065.0,16.0
2025-08-22 13:30:00,112945.0,113495.0,112760.0,113270.0,43.0
2025-08-22 14:00:00,113440.0,116725.0,113440.0,116020.0,293.0
2025-08-22 14:30:00,116295.0,117015.0,116255.0,116780.0,105.0
2025-08-22 15:00:00,116905.0,117945.0,116905.0,117660.0,76.0
2025-08-22 15:30:00,117685.0,118235.0,117280.0,117280.0,59.0
2025-08-22 16:00:00,117460.0,117700.0,117030.0,117240.0,50.0
2025-08-22 16:30:00,117350.0,117455.0,117025.0,117060.0,40.0
2025-08-22 17:00:00,117095.0,117885.0,117095.0,117885.0,39.0
2025-08-22 17:30:00,117815.0,117915.0,117505.0,117915.0,47.0
2025-08-22 18:00:00,118000.0,118345.0,117815.0,117815.0,26.0
2025-08-22 18:30:00,117835.0,118080.0,117645.0,117645.0,34.0
2025-08-22 19:00:00,117700.0,117805.0,117670.0,117685.0,21.0
2025-08-22 19:30:00,117690.0,117690.0,117430.0,117600.0,197.0
2025-08-22 20:00:00,117610.0,117840.0,117590.0,117840.0,31.0
2025-08-25 13:30:00,112455.0,112455.0,111330.0,112340.0,203.0
2025-08-25 14:00:00,112345.0,113060.0,112130.0,112800.0,125.0
2025-08-25 14:30:00,112800.0,113140.0,112730.0,113030.0,35.0
2025-08-25 15:00:00,113155.0,113475.0,112740.0,113315.0,86.0
2025-08-25 15:30:00,113305.0,113390.0,113025.0,113050.0,35.0
2025-08-25 16:00:00,113070.0,113825.0,112950.0,113500.0,39.0
2025-08-25 16:30:00,113490.0,113690.0,113390.0,113510.0,21.0
2025-08-25 17:00:00,113280.0,113630.0,113050.0,113600.0,18.0
2025-08-25 17:30:00,113560.0,113560.0,113145.0,113310.0,39.0
2025-08-25 18:00:00,113295.0,113520.0,113165.0,113490.0,39.0
2025-08-25 18:30:00,113435.0,113465.0,113170.0,113265.0,34.0
2025-08-25 19:00:00,113235.0,113235.0,112595.0,112820.0,135.0
2025-08-25 19:30:00,112770.0,112770.0,111535.0,111605.0,401.0
2025-08-25 20:00:00,111575.0,111890.0,110865.0,110900.0,266.0
2025-08-26 13:30:00,110605.0,110935.0,110150.0,110840.0,117.0
2025-08-26 14:00:00,110905.0,111330.0,110590.0,111005.0,83.0
2025-08-26 14:30:00,110990.0,111255.0,110920.0,111140.0,56.0
2025-08-26 15:00:00,111060.0,111340.0,110790.0,110885.0,80.0
2025-08-26 15:30:00,110830.0,110860.0,110340.0,110450.0,55.0
2025-08-26 16:00:00,110460.0,110570.0,110280.0,110475.0,42.0
2025-08-26 16:30:00,110500.0,110890.0,110400.0,110890.0,81.0
2025-08-26 17:00:00,110960.0,110970.0,110580.0,110685.0,66.0
2025-08-26 17:30:00,110665.0,110785.0,110390.0,110785.0,41.0
2025-08-26 18:00:00,110800.0,111335.0,110800.0,111335.0,95.0
2025-08-26 18:30:00,111345.0,111815.0,111235.0,111500.0,130.0
2025-08-26 19:00:00,111485.0,111980.0,111310.0,111920.0,123.0
2025-08-26 19:30:00,111935.0,111965.0,111645.0,111925.0,188.0
2025-08-26 20:00:00,111885.0,112080.0,111750.0,112070.0,32.0
2025-08-27 13:30:00,112060.0,112695.0,111800.0,112270.0,96.0
2025-08-27 14:00:00,112245.0,113030.0,112125.0,113030.0,83.0
2025-08-27 14:30:00,113030.0,113460.0,112590.0,112630.0,144.0
2025-08-27 15:00:00,112570.0,112830.0,112455.0,112485.0,62.0
2025-08-27 15:30:00,112570.0,112740.0,112270.0,112740.0,31.0
2025-08-27 16:00:00,112790.0,112890.0,112420.0,112610.0,43.0
2025-08-27 16:30:00,112490.0,113015.0,112365.0,112930.0,44.0
2025-08-27 17:00:00,112815.0,113205.0,112665.0,113135.0,49.0
2025-08-27 17:30:00,113140.0,113240.0,113060.0,113160.0,52.0
2025-08-27 18:00:00,113090.0,113455.0,113090.0,113330.0,70.0
2025-08-27 18:30:00,113250.0,113250.0,112700.0,112700.0,49.0
2025-08-27 19:00:00,112750.0,112895.0,112355.0,112775.0,60.0
2025-08-27 19:30:00,112835.0,112990.0,112730.0,112905.0,160.0
2025-08-27 20:00:00,112895.0,112920.0,112480.0,112490.0,23.0
2025-08-28 13:30:00,113775.0,113965.0,113340.0,113540.0,144.0
2025-08-28 14:00:00,113610.0,113865.0,113400.0,113400.0,87.0
2025-08-28 14:30:00,113425.0,114075.0,113305.0,114015.0,119.0
2025-08-28 15:00:00,113935.0,114095.0,113210.0,113290.0,195.0
2025-08-28 15:30:00,113365.0,113575.0,113135.0,113445.0,146.0
2025-08-28 16:00:00,113500.0,113985.0,113435.0,113825.0,136.0
2025-08-28 16:30:00,113815.0,113825.0,113130.0,113130.0,115.0
2025-08-28 17:00:00,113125.0,113315.0,113000.0,113300.0,82.0
2025-08-28 17:30:00,113280.0,113460.0,113175.0,113220.0,89.0
2025-08-28 18:00:00,113235.0,113475.0,113020.0,113450.0,105.0
2025-08-28 18:30:00,113450.0,113550.0,113085.0,113165.0,93.0
2025-08-28 19:00:00,113135.0,113275.0,112950.0,113125.0,52.0
2025-08-28 19:30:00,113145.0,113220.0,112645.0,112675.0,185.0
2025-08-28 20:00:00,112705.0,112795.0,112600.0,112770.0,95.0
2025-08-29 13:30:00,111210.0,111210.0,109470.0,109595.0,813.0
2025-08-29 14:00:00,109675.0,110035.0,108820.0,109115.0,862.0
2025-08-29 14:30:00,109010.0,109420.0,108605.0,108720.0,500.0
2025-08-29 15:00:00,108720.0,109260.0,108700.0,108965.0,414.0
2025-08-29 15:30:00,108970.0,109170.0,108815.0,108970.0,215.0
2025-08-29 16:00:00,108955.0,109350.0,108710.0,109065.0,207.0
2025-08-29 16:30:00,109155.0,109455.0,109140.0,109325.0,251.0
2025-08-29 17:00:00,109330.0,109330.0,108775.0,109005.0,155.0
2025-08-29 17:30:00,109035.0,109225.0,108955.0,109080.0,160.0
2025-08-29 18:00:00,109090.0,109100.0,108685.0,108725.0,165.0
2025-08-29 18:30:00,108765.0,108820.0,108690.0,108740.0,140.0
2025-08-29 19:00:00,108745.0,109315.0,108520.0,109220.0,239.0
2025-08-29 19:30:00,109255.0,109300.0,108710.0,108750.0,418.0
2025-08-29 20:00:00,108770.0,108835.0,108205.0,108450.0,243.0
2025-09-02 13:30:00,109985.0,111915.0,109695.0,111835.0,852.0
2025-09-02 14:00:00,111810.0,112210.0,111430.0,112105.0,473.0
2025-09-02 14:30:00,112070.0,112410.0,111795.0,112005.0,345.0
2025-09-02 15:00:00,112025.0,112190.0,111610.0,111915.0,366.0
2025-09-02 15:30:00,111925.0,111950.0,111260.0,111495.0,287.0
2025-09-02 16:00:00,111475.0,111815.0,111110.0,111135.0,212.0
2025-09-02 16:30:00,111190.0,111485.0,111135.0,111415.0,205.0
2025-09-02 17:00:00,111435.0,111575.0,111245.0,111480.0,154.0
2025-09-02 17:30:00,111535.0,111690.0,111325.0,111530.0,163.0
2025-09-02 18:00:00,111520.0,111565.0,111015.0,111080.0,220.0
2025-09-02 18:30:00,111060.0,111470.0,110790.0,111245.0,202.0
2025-09-02 19:00:00,111280.0,111470.0,111040.0,111080.0,178.0
2025-09-02 19:30:00,111105.0,111470.0,111020.0,111465.0,442.0
2025-09-02 20:00:00,111430.0,111755.0,111395.0,111750.0,164.0
2025-09-03 13:30:00,112000.0,112595.0,111740.0,112060.0,292.0
2025-09-03 14:00:00,112190.0,112500.0,111775.0,112110.0,247.0
2025-09-03 14:30:00,112155.0,113215.0,112155.0,112915.0,425.0
2025-09-03 15:00:00,113000.0,113035.0,112515.0,112550.0,376.0
2025-09-03 15:30:00,112535.0,113000.0,112525.0,112850.0,209.0
2025-09-03 16:00:00,112855.0,112980.0,112505.0,112565.0,153.0
2025-09-03 16:30:00,112610.0,112740.0,112270.0,112510.0,171.0
2025-09-03 17:00:00,112475.0,113155.0,112475.0,113130.0,172.0
2025-09-03 17:30:00,113100.0,113160.0,112845.0,112905.0,253.0
2025-09-03 18:00:00,112910.0,113165.0,112700.0,112740.0,167.0
2025-09-03 18:30:00,112705.0,112715.0,112375.0,112575.0,184.0
2025-09-03 19:00:00,112530.0,112560.0,112310.0,112455.0,169.0
2025-09-03 19:30:00,112465.0,112875.0,112315.0,112810.0,359.0
2025-09-03 20:00:00,112825.0,112945.0,112745.0,112745.0,80.0
2025-09-04 13:30:00,111305.0,111420.0,110655.0,110895.0,356.0
2025-09-04 14:00:00,110900.0,110965.0,110080.0,110355.0,629.0
2025-09-04 14:30:00,110335.0,110690.0,110265.0,110265.0,148.0
2025-09-04 15:00:00,110275.0,110285.0,109720.0,109920.0,393.0
2025-09-04 15:30:00,109945.0,110070.0,109770.0,109920.0,160.0
2025-09-04 16:00:00,109880.0,110080.0,109760.0,109795.0,250.0
2025-09-04 16:30:00,109780.0,109960.0,109725.0,109795.0,195.0
2025-09-04 17:00:00,109785.0,110285.0,109770.0,110215.0,156.0
2025-09-04 17:30:00,110215.0,110355.0,109990.0,110200.0,215.0
2025-09-04 18:00:00,110255.0,110625.0,110230.0,110325.0,166.0
2025-09-04 18:30:00,110320.0,110600.0,110120.0,110405.0,125.0
2025-09-04 19:00:00,110405.0,110535.0,110310.0,110430.0,110.0
2025-09-04 19:30:00,110430.0,110455.0,110120.0,110195.0,391.0
2025-09-04 20:00:00,110215.0,110670.0,110115.0,110585.0,132.0
2025-09-05 13:30:00,113385.0,113720.0,113075.0,113500.0,617.0
2025-09-05 14:00:00,113505.0,113505.0,111230.0,111305.0,1092.0
2025-09-05 14:30:00,111290.0,111440.0,110750.0,110825.0,582.0
2025-09-05 15:00:00,110830.0,111265.0,110540.0,111160.0,547.0
2025-09-05 15:30:00,111165.0,111380.0,110955.0,111030.0,318.0
2025-09-05 16:00:00,111030.0,111130.0,110830.0,111005.0,158.0
2025-09-05 16:30:00,111025.0,111230.0,110965.0,111125.0,148.0
2025-09-05 17:00:00,111105.0,111105.0,110815.0,110945.0,115.0
2025-09-05 17:30:00,110930.0,110960.0,110480.0,110910.0,225.0
2025-09-05 18:00:00,110925.0,111410.0,110890.0,111410.0,261.0
2025-09-05 18:30:00,111415.0,111655.0,111385.0,111560.0,215.0
2025-09-05 19:00:00,111555.0,111795.0,111495.0,111725.0,225.0
2025-09-05 19:30:00,111735.0,112050.0,111525.0,112010.0,449.0
2025-09-05 20:00:00,112010.0,112100.0,111730.0,111880.0,178.0
2025-09-08 13:30:00,112645.0,112785.0,112260.0,112260.0,304.0
2025-09-08 14:00:00,112290.0,112770.0,112270.0,112770.0,209.0
2025-09-08 14:30:00,112720.0,113280.0,112715.0,113080.0,340.0
2025-09-08 15:00:00,113155.0,113420.0,113060.0,113335.0,142.0
2025-09-08 15:30:00,113310.0,113315.0,112985.0,113065.0,80.0
2025-09-08 16:00:00,113125.0,113125.0,112735.0,113085.0,97.0
2025-09-08 16:30:00,113100.0,113100.0,112745.0,112825.0,302.0
2025-09-08 17:00:00,112835.0,112990.0,112690.0,112975.0,67.0
2025-09-08 17:30:00,112990.0,112990.0,112515.0,112655.0,84.0
2025-09-08 18:00:00,112685.0,112895.0,112615.0,112830.0,80.0
2025-09-08 18:30:00,112830.0,113000.0,112695.0,112930.0,65.0
2025-09-08 19:00:00,112920.0,112920.0,112550.0,112625.0,87.0
2025-09-08 19:30:00,112620.0,112645.0,112375.0,112535.0,395.0
2025-09-08 20:00:00,112550.0,112590.0,112465.0,112485.0,44.0
2025-09-09 13:30:00,113290.0,113415.0,113105.0,113140.0,157.0
2025-09-09 14:00:00,113275.0,113410.0,112360.0,112720.0,495.0
2025-09-09 14:30:00,112650.0,112650.0,111830.0,112080.0,444.0
2025-09-09 15:00:00,112140.0,112210.0,111605.0,111605.0,324.0
2025-09-09 15:30:00,111600.0,111605.0,111040.0,111150.0,572.0
2025-09-09 16:00:00,111130.0,111440.0,111015.0,111220.0,403.0
2025-09-09 16:30:00,111215.0,111310.0,111170.0,111215.0,115.0
2025-09-09 17:00:00,111240.0,111470.0,111125.0,111190.0,167.0
2025-09-09 17:30:00,111185.0,111410.0,111165.0,111295.0,119.0
2025-09-09 18:00:00,111305.0,111600.0,111190.0,111455.0,173.0
2025-09-09 18:30:00,111405.0,111525.0,111350.0,111430.0,107.0
2025-09-09 19:00:00,111450.0,111615.0,111450.0,111600.0,118.0
2025-09-09 19:30:00,111605.0,111795.0,111595.0,111680.0,561.0
2025-09-09 20:00:00,111690.0,111710.0,111585.0,111585.0,116.0
2025-09-10 13:30:00,114195.0,114925.0,113865.0,114505.0,926.0
2025-09-10 14:00:00,114530.0,114880.0,114425.0,114690.0,504.0
2025-09-10 14:30:00,114655.0,114780.0,114325.0,114415.0,388.0
2025-09-10 15:00:00,114445.0,114660.0,114250.0,114385.0,232.0
2025-09-10 15:30:00,114355.0,114425.0,114240.0,114345.0,209.0
2025-09-10 16:00:00,114355.0,114410.0,114080.0,114130.0,250.0
2025-09-10 16:30:00,114155.0,114240.0,114020.0,114220.0,177.0
2025-09-10 17:00:00,114230.0,114550.0,113895.0,113900.0,281.0
2025-09-10 17:30:00,113890.0,114220.0,113855.0,114175.0,202.0
2025-09-10 18:00:00,114140.0,114360.0,113775.0,113805.0,182.0
2025-09-10 18:30:00,113805.0,114105.0,113755.0,114050.0,197.0
2025-09-10 19:00:00,114030.0,114055.0,113530.0,113630.0,185.0
2025-09-10 19:30:00,113610.0,114060.0,113560.0,114000.0,457.0
2025-09-10 20:00:00,114010.0,114305.0,113985.0,114135.0,156.0
2025-09-11 13:30:00,114175.0,115185.0,114135.0,115075.0,406.0
2025-09-11 14:00:00,115100.0,115140.0,114320.0,114485.0,191.0
2025-09-11 14:30:00,114550.0,115075.0,114550.0,114935.0,142.0
2025-09-11 15:00:00,114920.0,115195.0,114835.0,114860.0,174.0
2025-09-11 15:30:00,114880.0,114990.0,114425.0,114605.0,187.0
2025-09-11 16:00:00,114620.0,114930.0,114605.0,114895.0,83.0
2025-09-11 16:30:00,114840.0,115050.0,114840.0,115000.0,152.0
2025-09-11 17:00:00,114940.0,115080.0,114840.0,115000.0,57.0
2025-09-11 17:30:00,114925.0,115095.0,114905.0,115095.0,46.0
2025-09-11 18:00:00,115055.0,115080.0,114485.0,114615.0,304.0
2025-09-11 18:30:00,114640.0,114730.0,114510.0,114720.0,94.0
2025-09-11 19:00:00,114680.0,114805.0,114565.0,114740.0,117.0
2025-09-11 19:30:00,114740.0,114990.0,114730.0,114860.0,325.0
2025-09-11 20:00:00,114865.0,114970.0,114705.0,114705.0,42.0
2025-09-12 13:30:00,115340.0,115635.0,115160.0,115540.0,185.0
2025-09-12 14:00:00,115525.0,115915.0,115455.0,115660.0,201.0
2025-09-12 14:30:00,115695.0,115765.0,115280.0,115695.0,140.0
2025-09-12 15:00:00,115715.0,115740.0,115360.0,115415.0,75.0
2025-09-12 15:30:00,115410.0,115690.0,115360.0,115590.0,89.0
2025-09-12 16:00:00,115550.0,115865.0,115465.0,115840.0,163.0
2025-09-12 16:30:00,115850.0,115980.0,115715.0,115960.0,195.0
2025-09-12 17:00:00,115955.0,116505.0,115885.0,116355.0,376.0
2025-09-12 17:30:00,116385.0,116485.0,116225.0,116340.0,238.0
2025-09-12 18:00:00,116360.0,116795.0,116295.0,116765.0,335.0
2025-09-12 18:30:00,116800.0,117140.0,116800.0,117120.0,497.0
2025-09-12 19:00:00,117130.0,117180.0,116850.0,117140.0,209.0
2025-09-12 19:30:00,117125.0,117320.0,117040.0,117265.0,404.0
2025-09-12 20:00:00,117240.0,117265.0,116840.0,116855.0,105.0
2025-09-15 13:30:00,115365.0,115420.0,114635.0,114960.0,660.0
2025-09-15 14:00:00,114960.0,115375.0,114695.0,115370.0,270.0
2025-09-15 14:30:00,115355.0,115370.0,114990.0,114995.0,173.0
2025-09-15 15:00:00,114980.0,115025.0,114685.0,114975.0,159.0
2025-09-15 15:30:00,114930.0,115240.0,114750.0,115240.0,118.0
2025-09-15 16:00:00,115185.0,115265.0,114995.0,115055.0,111.0
2025-09-15 16:30:00,115000.0,115275.0,114965.0,115000.0,73.0
2025-09-15 17:00:00,114965.0,115260.0,114905.0,114955.0,50.0
2025-09-15 17:30:00,115030.0,115510.0,115030.0,115495.0,117.0
2025-09-15 18:00:00,115515.0,115620.0,115260.0,115290.0,181.0
2025-09-15 18:30:00,115255.0,115725.0,115195.0,115660.0,110.0
2025-09-15 19:00:00,115670.0,115880.0,115360.0,115410.0,213.0
2025-09-15 19:30:00,115360.0,115910.0,115260.0,115590.0,403.0
2025-09-15 20:00:00,115600.0,115790.0,115520.0,115745.0,63.0
2025-09-16 13:30:00,115710.0,115775.0,114960.0,115410.0,377.0
2025-09-16 14:00:00,115390.0,115510.0,115055.0,115250.0,166.0
2025-09-16 14:30:00,115155.0,115605.0,115140.0,115600.0,105.0
2025-09-16 15:00:00,115575.0,115580.0,115280.0,115360.0,100.0
2025-09-16 15:30:00,115405.0,116205.0,115400.0,116205.0,213.0
2025-09-16 16:00:00,116245.0,116340.0,115950.0,116160.0,237.0
2025-09-16 16:30:00,116200.0,116400.0,116120.0,116395.0,74.0
2025-09-16 17:00:00,116415.0,117235.0,116415.0,117200.0,590.0
2025-09-16 17:30:00,117205.0,117335.0,116770.0,116915.0,332.0
2025-09-16 18:00:00,116980.0,117160.0,116785.0,116850.0,176.0
2025-09-16 18:30:00,116825.0,116860.0,116600.0,116795.0,134.0
2025-09-16 19:00:00,116780.0,116935.0,116715.0,116810.0,105.0
2025-09-16 19:30:00,116840.0,117165.0,116740.0,117130.0,382.0
2025-09-16 20:00:00,117145.0,117245.0,117105.0,117195.0,63.0
2025-09-17 13:30:00,116485.0,116545.0,116095.0,116365.0,306.0
2025-09-17 14:00:00,116295.0,116500.0,115770.0,115850.0,268.0
2025-09-17 14:30:00,115810.0,115945.0,115625.0,115795.0,302.0
2025-09-17 15:00:00,115750.0,115990.0,115670.0,115840.0,161.0
2025-09-17 15:30:00,115850.0,116100.0,115830.0,116100.0,110.0
2025-09-17 16:00:00,116045.0,116050.0,115700.0,115880.0,85.0
2025-09-17 16:30:00,115850.0,115885.0,115580.0,115860.0,107.0
2025-09-17 17:00:00,115865.0,116030.0,115730.0,115845.0,97.0
2025-09-17 17:30:00,115840.0,116510.0,115730.0,115880.0,218.0
2025-09-17 18:00:00,115925.0,116640.0,115190.0,116155.0,1363.0
2025-09-17 18:30:00,116190.0,116190.0,114850.0,115380.0,794.0
2025-09-17 19:00:00,115365.0,116230.0,115240.0,116075.0,375.0
2025-09-17 19:30:00,115960.0,116025.0,115770.0,115820.0,324.0
2025-09-17 20:00:00,115830.0,116350.0,115785.0,116235.0,107.0
2025-09-18 13:30:00,117730.0,117980.0,117275.0,117755.0,387.0
2025-09-18 14:00:00,117720.0,118240.0,117720.0,118080.0,512.0
2025-09-18 14:30:00,118095.0,118195.0,117980.0,117985.0,305.0
2025-09-18 15:00:00,117985.0,118040.0,117600.0,117620.0,256.0
2025-09-18 15:30:00,117650.0,117970.0,117615.0,117905.0,141.0
2025-09-18 16:00:00,117900.0,118140.0,117790.0,118050.0,160.0
2025-09-18 16:30:00,118050.0,118155.0,117825.0,117855.0,105.0
2025-09-18 17:00:00,117865.0,118095.0,117800.0,117880.0,126.0
2025-09-18 17:30:00,117900.0,117960.0,117680.0,117805.0,192.0
2025-09-18 18:00:00,117830.0,118270.0,117785.0,118160.0,230.0
2025-09-18 18:30:00,118140.0,118245.0,118025.0,118160.0,112.0
2025-09-18 19:00:00,118110.0,118125.0,117745.0,117760.0,124.0
2025-09-18 19:30:00,117725.0,117835.0,117425.0,117765.0,608.0
2025-09-18 20:00:00,117735.0,117835.0,117635.0,117725.0,125.0
2025-09-19 13:30:00,116425.0,116710.0,116280.0,116535.0,356.0
2025-09-19 14:00:00,116525.0,116740.0,116415.0,116500.0,284.0
2025-09-19 14:30:00,116490.0,116575.0,115935.0,116080.0,305.0
2025-09-19 15:00:00,116020.0,116090.0,115610.0,116010.0,397.0
2025-09-19 15:30:00,115970.0,116175.0,115810.0,116115.0,261.0
2025-09-19 16:00:00,116105.0,116230.0,116020.0,116160.0,150.0
2025-09-19 16:30:00,116180.0,116385.0,116060.0,116310.0,118.0
2025-09-19 17:00:00,116250.0,116250.0,115890.0,115970.0,99.0
2025-09-19 17:30:00,115970.0,115985.0,115690.0,115695.0,145.0
2025-09-19 18:00:00,115705.0,115765.0,115515.0,115545.0,144.0
2025-09-19 18:30:00,115540.0,115820.0,115520.0,115575.0,222.0
2025-09-19 19:00:00,115585.0,115675.0,115435.0,115535.0,129.0
2025-09-19 19:30:00,115540.0,115570.0,115220.0,115265.0,437.0
2025-09-19 20:00:00,115280.0,115470.0,115220.0,115470.0,68.0
2025-09-22 13:30:00,113045.0,113340.0,112485.0,113315.0,357.0
2025-09-22 14:00:00,113290.0,113605.0,113230.0,113540.0,446.0
2025-09-22 14:30:00,113550.0,113610.0,112870.0,113070.0,299.0
2025-09-22 15:00:00,113110.0,113150.0,112690.0,112770.0,174.0
2025-09-22 15:30:00,112795.0,113015.0,112665.0,112940.0,235.0
2025-09-22 16:00:00,112955.0,113000.0,112775.0,112880.0,144.0
2025-09-22 16:30:00,112905.0,113000.0,112705.0,112760.0,132.0
2025-09-22 17:00:00,112790.0,112790.0,112350.0,112500.0,235.0
2025-09-22 17:30:00,112520.0,112675.0,112415.0,112475.0,169.0
2025-09-22 18:00:00,112455.0,112860.0,112435.0,112830.0,126.0
2025-09-22 18:30:00,112820.0,112975.0,112545.0,112575.0,235.0
2025-09-22 19:00:00,112600.0,112745.0,112555.0,112605.0,155.0
2025-09-22 19:30:00,112595.0,112610.0,112090.0,112240.0,787.0
2025-09-22 20:00:00,112235.0,112295.0,112090.0,112270.0,165.0
2025-09-23 13:30:00,112985.0,113180.0,112800.0,113050.0,126.0
2025-09-23 14:00:00,113040.0,113425.0,112865.0,112900.0,296.0
2025-09-23 14:30:00,112860.0,112975.0,112665.0,112810.0,205.0
2025-09-23 15:00:00,112745.0,113150.0,112565.0,113120.0,216.0
2025-09-23 15:30:00,113080.0,113095.0,112935.0,112985.0,99.0
2025-09-23 16:00:00,113000.0,113040.0,112545.0,112910.0,149.0
2025-09-23 16:30:00,112880.0,113070.0,112570.0,112925.0,185.0
2025-09-23 17:00:00,112925.0,112925.0,112440.0,112440.0,192.0
2025-09-23 17:30:00,112430.0,112485.0,111880.0,111965.0,480.0
2025-09-23 18:00:00,111990.0,112230.0,111795.0,112065.0,327.0
2025-09-23 18:30:00,112065.0,112065.0,111730.0,111855.0,292.0
2025-09-23 19:00:00,111845.0,112050.0,111805.0,111835.0,254.0
2025-09-23 19:30:00,111865.0,111875.0,111615.0,111745.0,378.0
2025-09-23 20:00:00,111705.0,112025.0,111685.0,111970.0,87.0
2025-09-24 13:30:00,113990.0,114160.0,113695.0,113695.0,126.0
2025-09-24 14:00:00,113740.0,114090.0,113740.0,114070.0,99.0
2025-09-24 14:30:00,114105.0,114860.0,114075.0,114675.0,258.0
2025-09-24 15:00:00,114735.0,114870.0,114420.0,114605.0,162.0
2025-09-24 15:30:00,114600.0,114635.0,114145.0,114250.0,99.0
2025-09-24 16:00:00,114270.0,114430.0,114035.0,114430.0,53.0
2025-09-24 16:30:00,114490.0,114655.0,114435.0,114620.0,42.0
2025-09-24 17:00:00,114580.0,114860.0,114540.0,114640.0,51.0
2025-09-24 17:30:00,114715.0,114895.0,114555.0,114720.0,39.0
2025-09-24 18:00:00,114700.0,114770.0,114410.0,114565.0,57.0
2025-09-24 18:30:00,114560.0,114585.0,114425.0,114535.0,61.0
2025-09-24 19:00:00,114520.0,114570.0,114330.0,114350.0,38.0
2025-09-24 19:30:00,114365.0,114365.0,114130.0,114295.0,193.0
2025-09-24 20:00:00,114300.0,114445.0,114285.0,114415.0,44.0
2025-09-25 13:30:00,112400.0,112490.0,111335.0,111675.0,299.0
2025-09-25 14:00:00,111740.0,112500.0,111660.0,112280.0,229.0
2025-09-25 14:30:00,112265.0,112520.0,112125.0,112285.0,142.0
2025-09-25 15:00:00,112350.0,112350.0,111560.0,111640.0,137.0
2025-09-25 15:30:00,111685.0,112315.0,111615.0,112315.0,96.0
2025-09-25 16:00:00,112285.0,112435.0,111850.0,111900.0,83.0
2025-09-25 16:30:00,111835.0,111990.0,111600.0,111680.0,50.0
2025-09-25 17:00:00,111670.0,111700.0,110550.0,110565.0,300.0
2025-09-25 17:30:00,110625.0,110645.0,109255.0,109405.0,624.0
2025-09-25 18:00:00,109375.0,110325.0,109225.0,110090.0,305.0
2025-09-25 18:30:00,110105.0,110530.0,109870.0,110505.0,213.0
2025-09-25 19:00:00,110520.0,110695.0,110355.0,110580.0,320.0
2025-09-25 19:30:00,110570.0,110640.0,109930.0,110020.0,723.0
2025-09-25 20:00:00,110020.0,110100.0,109805.0,109815.0,115.0
2025-09-26 13:30:00,109820.0,110480.0,109640.0,110365.0,469.0
2025-09-26 14:00:00,110375.0,110485.0,109485.0,109670.0,432.0
2025-09-26 14:30:00,109600.0,109695.0,109305.0,109325.0,316.0
2025-09-26 15:00:00,109340.0,109965.0,109315.0,109920.0,192.0
2025-09-26 15:30:00,109890.0,109955.0,109570.0,109590.0,124.0
2025-09-26 16:00:00,109625.0,110295.0,109620.0,110175.0,192.0
2025-09-26 16:30:00,110120.0,110135.0,109895.0,110085.0,124.0
2025-09-26 17:00:00,110040.0,110650.0,109995.0,110615.0,134.0
2025-09-26 17:30:00,110605.0,110665.0,110380.0,110550.0,212.0
2025-09-26 18:00:00,110625.0,110990.0,110485.0,110875.0,192.0
2025-09-26 18:30:00,110875.0,110875.0,110295.0,110310.0,262.0
2025-09-26 19:00:00,110300.0,110310.0,109865.0,109870.0,312.0
2025-09-26 19:30:00,109850.0,109900.0,109600.0,109765.0,510.0
2025-09-26 20:00:00,109765.0,109945.0,109695.0,109905.0,67.0
2025-09-29 13:30:00,112955.0,114320.0,112830.0,114080.0,779.0
2025-09-29 14:00:00,114105.0,114850.0,114050.0,114645.0,631.0
2025-09-29 14:30:00,114625.0,115205.0,114610.0,114970.0,617.0
2025-09-29 15:00:00,114985.0,115090.0,114685.0,114720.0,543.0
2025-09-29 15:30:00,114745.0,114915.0,114530.0,114695.0,279.0
2025-09-29 16:00:00,114710.0,114910.0,114625.0,114720.0,262.0
2025-09-29 16:30:00,114745.0,114940.0,114480.0,114500.0,267.0
2025-09-29 17:00:00,114485.0,114765.0,114290.0,114755.0,216.0
2025-09-29 17:30:00,114770.0,115050.0,114670.0,114950.0,255.0
2025-09-29 18:00:00,114960.0,115035.0,114720.0,114835.0,130.0
2025-09-29 18:30:00,114820.0,114920.0,114740.0,114905.0,120.0
2025-09-29 19:00:00,114895.0,114955.0,114670.0,114820.0,181.0
2025-09-29 19:30:00,114815.0,115295.0,114730.0,115190.0,698.0
2025-09-29 20:00:00,115175.0,115315.0,115005.0,115245.0,187.0
2025-09-30 13:30:00,114090.0,114485.0,113875.0,114145.0,475.0
2025-09-30 14:00:00,114190.0,114325.0,113655.0,113895.0,211.0
2025-09-30 14:30:00,113880.0,114440.0,113785.0,114405.0,238.0
2025-09-30 15:00:00,114375.0,114375.0,113650.0,113790.0,199.0
2025-09-30 15:30:00,113790.0,114010.0,113745.0,113895.0,91.0
2025-09-30 16:00:00,113870.0,114055.0,113735.0,113810.0,166.0
2025-09-30 16:30:00,113805.0,113845.0,113515.0,113605.0,145.0
2025-09-30 17:00:00,113570.0,114100.0,113530.0,113985.0,105.0
2025-09-30 17:30:00,113985.0,114300.0,113925.0,114060.0,85.0
2025-09-30 18:00:00,114065.0,114390.0,113985.0,114280.0,88.0
2025-09-30 18:30:00,114305.0,114560.0,114115.0,114560.0,108.0
2025-09-30 19:00:00,114575.0,114825.0,114525.0,114755.0,146.0
2025-09-30 19:30:00,114770.0,115365.0,114770.0,115110.0,431.0
2025-09-30 20:00:00,115145.0,115260.0,114935.0,114965.0,103.0
2025-10-01 13:30:00,117505.0,117700.0,117245.0,117610.0,460.0
2025-10-01 14:00:00,117695.0,118310.0,117575.0,117990.0,437.0
2025-10-01 14:30:00,118025.0,118300.0,117920.0,118210.0,225.0
2025-10-01 15:00:00,118245.0,118525.0,117995.0,118350.0,274.0
2025-10-01 15:30:00,118385.0,118490.0,118170.0,118335.0,188.0
2025-10-01 16:00:00,118375.0,118820.0,118220.0,118775.0,248.0
2025-10-01 16:30:00,118830.0,119145.0,118410.0,118465.0,490.0
2025-10-01 17:00:00,118520.0,118625.0,118120.0,118235.0,310.0
2025-10-01 17:30:00,118255.0,118375.0,117530.0,117630.0,357.0
2025-10-01 18:00:00,117610.0,117950.0,117610.0,117875.0,202.0
2025-10-01 18:30:00,117920.0,118220.0,117920.0,118105.0,175.0
2025-10-01 19:00:00,118115.0,118370.0,118060.0,118325.0,195.0
2025-10-01 19:30:00,118350.0,118525.0,118140.0,118300.0,633.0
2025-10-01 20:00:00,118295.0,118295.0,118040.0,118040.0,61.0
2025-10-02 13:30:00,120115.0,120775.0,120055.0,120605.0,467.0
2025-10-02 14:00:00,120555.0,120720.0,120270.0,120660.0,308.0
2025-10-02 14:30:00,120750.0,120775.0,119590.0,119800.0,455.0
2025-10-02 15:00:00,119810.0,120600.0,119450.0,120475.0,376.0
2025-10-02 15:30:00,120430.0,120940.0,120175.0,120925.0,295.0
2025-10-02 16:00:00,120900.0,121305.0,120685.0,121030.0,386.0
2025-10-02 16:30:00,121100.0,121100.0,120610.0,120700.0,181.0
2025-10-02 17:00:00,120745.0,120800.0,120330.0,120420.0,134.0
2025-10-02 17:30:00,120430.0,120970.0,120355.0,120970.0,149.0
2025-10-02 18:00:00,120945.0,121265.0,120945.0,121210.0,160.0
2025-10-02 18:30:00,121140.0,121705.0,121050.0,121565.0,235.0
2025-10-02 19:00:00,121615.0,122015.0,121465.0,121695.0,292.0
2025-10-02 19:30:00,121755.0,121965.0,121520.0,121920.0,505.0
2025-10-02 20:00:00,121885.0,122040.0,121755.0,121775.0,190.0
2025-10-03 13:30:00,121675.0,121740.0,121190.0,121445.0,395.0
2025-10-03 14:00:00,121410.0,121525.0,120930.0,121470.0,365.0
2025-10-03 14:30:00,121455.0,122080.0,121360.0,122020.0,300.0
2025-10-03 15:00:00,121995.0,122575.0,121730.0,122395.0,385.0
2025-10-03 15:30:00,122370.0,123455.0,122370.0,123320.0,449.0
2025-10-03 16:00:00,123355.0,124895.0,123355.0,124765.0,994.0
2025-10-03 16:30:00,124750.0,125025.0,123540.0,123580.0,581.0
2025-10-03 17:00:00,123570.0,124160.0,122725.0,123510.0,862.0
2025-10-03 17:30:00,123490.0,124020.0,122660.0,123110.0,517.0
2025-10-03 18:00:00,123155.0,123640.0,122460.0,123495.0,343.0
2025-10-03 18:30:00,123605.0,123790.0,123230.0,123630.0,138.0
2025-10-03 19:00:00,123675.0,123865.0,123340.0,123815.0,279.0
2025-10-03 19:30:00,123810.0,123975.0,123575.0,123645.0,462.0
2025-10-03 20:00:00,123650.0,123730.0,123020.0,123150.0,210.0
2025-10-06 13:30:00,125805.0,126070.0,125310.0,126000.0,650.0
2025-10-06 14:00:00,126020.0,126335.0,125475.0,125835.0,427.0
2025-10-06 14:30:00,125905.0,126065.0,125260.0,125450.0,338.0
2025-10-06 15:00:00,125470.0,126400.0,125445.0,126145.0,255.0
2025-10-06 15:30:00,126125.0,126250.0,125940.0,125940.0,207.0
2025-10-06 16:00:00,125925.0,126050.0,125770.0,125875.0,175.0
2025-10-06 16:30:00,125885.0,126500.0,125885.0,126440.0,178.0
2025-10-06 17:00:00,126460.0,126865.0,126355.0,126700.0,257.0
2025-10-06 17:30:00,126700.0,126715.0,126065.0,126240.0,262.0
2025-10-06 18:00:00,126230.0,126375.0,126035.0,126200.0,147.0
2025-10-06 18:30:00,126190.0,127240.0,126165.0,127045.0,400.0
2025-10-06 19:00:00,127030.0,127105.0,126370.0,126605.0,369.0
2025-10-06 19:30:00,126585.0,126715.0,126150.0,126340.0,691.0
2025-10-06 20:00:00,126360.0,126440.0,126185.0,126290.0,148.0
2025-10-07 13:30:00,125795.0,125795.0,124325.0,124885.0,754.0
2025-10-07 14:00:00,124860.0,124995.0,123675.0,123830.0,670.0
2025-10-07 14:30:00,123880.0,124005.0,123535.0,123695.0,320.0
2025-10-07 15:00:00,123720.0,123830.0,122595.0,122970.0,928.0
2025-10-07 15:30:00,122920.0,123000.0,121975.0,122710.0,696.0
2025-10-07 16:00:00,122705.0,122725.0,121655.0,121980.0,437.0
2025-10-07 16:30:00,121955.0,122905.0,121955.0,122520.0,359.0
2025-10-07 17:00:00,122530.0,122665.0,122060.0,122095.0,247.0
2025-10-07 17:30:00,122165.0,122430.0,121910.0,122000.0,188.0
2025-10-07 18:00:00,121990.0,122150.0,121420.0,121585.0,386.0
2025-10-07 18:30:00,121535.0,121830.0,121455.0,121735.0,212.0
2025-10-07 19:00:00,121700.0,122385.0,121700.0,122065.0,351.0
2025-10-07 19:30:00,122070.0,122810.0,122065.0,122350.0,786.0
2025-10-07 20:00:00,122370.0,122855.0,122345.0,122765.0,176.0
2025-10-08 13:30:00,123180.0,123385.0,122385.0,123350.0,524.0
2025-10-08 14:00:00,123460.0,124045.0,123170.0,123325.0,423.0
2025-10-08 14:30:00,123325.0,123585.0,122810.0,122975.0,214.0
2025-10-08 15:00:00,123050.0,123340.0,122955.0,123230.0,130.0
2025-10-08 15:30:00,123020.0,123205.0,122660.0,122930.0,169.0
2025-10-08 16:00:00,122925.0,123690.0,122855.0,123440.0,143.0
2025-10-08 16:30:00,123410.0,123900.0,123325.0,123830.0,208.0
2025-10-08 17:00:00,123840.0,124755.0,123745.0,124555.0,406.0
2025-10-08 17:30:00,124580.0,124915.0,124405.0,124830.0,273.0
2025-10-08 18:00:00,124875.0,124940.0,124285.0,124330.0,273.0
2025-10-08 18:30:00,124320.0,124515.0,124065.0,124095.0,469.0
2025-10-08 19:00:00,124115.0,124320.0,123785.0,124310.0,217.0
2025-10-08 19:30:00,124370.0,124435.0,124000.0,124040.0,633.0
2025-10-08 20:00:00,124050.0,124125.0,123865.0,124120.0,113.0
2025-10-09 13:30:00,124175.0,124175.0,122995.0,123065.0,435.0
2025-10-09 14:00:00,122965.0,123290.0,122235.0,122330.0,721.0
2025-10-09 14:30:00,122325.0,122455.0,121450.0,122025.0,1115.0
2025-10-09 15:00:00,122045.0,122435.0,121705.0,121735.0,234.0
2025-10-09 15:30:00,121705.0,121980.0,121325.0,121845.0,290.0
2025-10-09 16:00:00,121865.0,122185.0,121760.0,121925.0,275.0
2025-10-09 16:30:00,121915.0,121970.0,120420.0,120570.0,802.0
2025-10-09 17:00:00,120555.0,121200.0,120370.0,120945.0,433.0
2025-10-09 17:30:00,120930.0,121675.0,120930.0,121650.0,323.0
2025-10-09 18:00:00,121635.0,121750.0,121255.0,121370.0,200.0
2025-10-09 18:30:00,121370.0,121425.0,121070.0,121390.0,115.0
2025-10-09 19:00:00,121345.0,121830.0,121345.0,121805.0,108.0
2025-10-09 19:30:00,121815.0,121825.0,121500.0,121660.0,480.0
2025-10-09 20:00:00,121700.0,121850.0,121595.0,121595.0,89.0
2025-10-10 13:30:00,122710.0,123270.0,122045.0,122405.0,477.0
2025-10-10 14:00:00,122375.0,122785.0,121805.0,121860.0,275.0
2025-10-10 14:30:00,121880.0,122145.0,121120.0,121170.0,340.0
2025-10-10 15:00:00,121085.0,121215.0,119795.0,119815.0,1264.0
2025-10-10 15:30:00,119780.0,120145.0,119030.0,119545.0,825.0
2025-10-10 16:00:00,119505.0,119785.0,119065.0,119580.0,552.0
2025-10-10 16:30:00,119590.0,119960.0,118640.0,118640.0,464.0
2025-10-10 17:00:00,118645.0,118865.0,118090.0,118565.0,576.0
2025-10-10 17:30:00,118620.0,118640.0,117985.0,118035.0,544.0
2025-10-10 18:00:00,118055.0,118265.0,117905.0,117980.0,283.0
2025-10-10 18:30:00,117995.0,118080.0,117625.0,117625.0,293.0
2025-10-10 19:00:00,117635.0,117755.0,116410.0,116465.0,659.0
2025-10-10 19:30:00,116465.0,117530.0,116440.0,117040.0,914.0
2025-10-10 20:00:00,117040.0,117235.0,116910.0,117165.0,230.0
2025-10-13 13:30:00,114840.0,116060.0,114800.0,115865.0,797.0
2025-10-13 14:00:00,115870.0,116000.0,114650.0,114800.0,430.0
2025-10-13 14:30:00,114760.0,115210.0,114275.0,114455.0,318.0
2025-10-13 15:00:00,114425.0,115035.0,114425.0,114695.0,262.0
2025-10-13 15:30:00,114725.0,115230.0,114625.0,114790.0,236.0
2025-10-13 16:00:00,114790.0,115595.0,114730.0,114865.0,357.0
2025-10-13 16:30:00,114885.0,115250.0,114785.0,115165.0,164.0
2025-10-13 17:00:00,115065.0,115425.0,114860.0,114985.0,162.0
2025-10-13 17:30:00,115015.0,115425.0,114665.0,115390.0,216.0
2025-10-13 18:00:00,115495.0,115820.0,115155.0,115700.0,284.0
2025-10-13 18:30:00,115760.0,115850.0,115425.0,115600.0,264.0
2025-10-13 19:00:00,115635.0,116255.0,115505.0,116100.0,373.0
2025-10-13 19:30:00,116100.0,116495.0,116005.0,116370.0,817.0
2025-10-13 20:00:00,116395.0,116515.0,116095.0,116280.0,105.0
2025-10-14 13:30:00,111215.0,111730.0,110295.0,111465.0,762.0
2025-10-14 14:00:00,111400.0,112650.0,111350.0,112285.0,404.0
2025-10-14 14:30:00,112285.0,112560.0,111810.0,111810.0,274.0
2025-10-14 15:00:00,111890.0,112180.0,111495.0,111860.0,241.0
2025-10-14 15:30:00,111890.0,113375.0,111775.0,113340.0,743.0
2025-10-14 16:00:00,113345.0,113615.0,112735.0,113190.0,572.0
2025-10-14 16:30:00,113205.0,113345.0,112655.0,112735.0,303.0
2025-10-14 17:00:00,112775.0,113410.0,112225.0,113275.0,316.0
2025-10-14 17:30:00,113265.0,113415.0,112845.0,113240.0,172.0
2025-10-14 18:00:00,113300.0,113945.0,113280.0,113670.0,244.0
2025-10-14 18:30:00,113650.0,113745.0,113105.0,113325.0,188.0
2025-10-14 19:00:00,113335.0,114060.0,113335.0,113825.0,202.0
2025-10-14 19:30:00,113860.0,113905.0,112455.0,113045.0,804.0
2025-10-14 20:00:00,113080.0,113260.0,112740.0,112970.0,108.0
2025-10-15 13:30:00,111840.0,112420.0,111060.0,111725.0,744.0
2025-10-15 14:00:00,111850.0,112635.0,111820.0,112305.0,283.0
2025-10-15 14:30:00,112360.0,112360.0,111200.0,111445.0,432.0
2025-10-15 15:00:00,111445.0,111915.0,110870.0,111555.0,498.0
2025-10-15 15:30:00,111500.0,111715.0,110695.0,111125.0,392.0
2025-10-15 16:00:00,111145.0,111450.0,110980.0,111345.0,180.0
2025-10-15 16:30:00,111245.0,111345.0,110905.0,110990.0,246.0
2025-10-15 17:00:00,111015.0,111015.0,110410.0,110650.0,349.0
2025-10-15 17:30:00,110730.0,111510.0,110510.0,111510.0,225.0
2025-10-15 18:00:00,111495.0,111695.0,111125.0,111540.0,166.0
2025-10-15 18:30:00,111535.0,111815.0,111370.0,111735.0,107.0
2025-10-15 19:00:00,111750.0,111865.0,111415.0,111805.0,89.0
2025-10-15 19:30:00,111820.0,111860.0,111370.0,111555.0,333.0
2025-10-15 20:00:00,111575.0,111815.0,111575.0,111740.0,39.0
2025-10-16 13:30:00,111420.0,111795.0,110990.0,111135.0,415.0
2025-10-16 14:00:00,111220.0,111220.0,110020.0,110610.0,416.0
2025-10-16 14:30:00,110655.0,111740.0,110655.0,110845.0,440.0
2025-10-16 15:00:00,110835.0,111020.0,110110.0,110320.0,300.0
2025-10-16 15:30:00,110315.0,110440.0,108470.0,108820.0,1043.0
2025-10-16 16:00:00,108780.0,109080.0,108100.0,108380.0,526.0
2025-10-16 16:30:00,108210.0,109480.0,107825.0,109400.0,420.0
2025-10-16 17:00:00,109425.0,109425.0,108610.0,109150.0,396.0
2025-10-16 17:30:00,109050.0,109225.0,108410.0,108475.0,332.0
2025-10-16 18:00:00,108455.0,108475.0,107845.0,108140.0,427.0
2025-10-16 18:30:00,108120.0,108875.0,108085.0,108860.0,261.0
2025-10-16 19:00:00,108770.0,108995.0,107960.0,108190.0,380.0
2025-10-16 19:30:00,108230.0,108865.0,107910.0,108470.0,568.0
2025-10-16 20:00:00,108465.0,108745.0,108285.0,108355.0,120.0
2025-10-17 13:30:00,105765.0,106375.0,105140.0,106040.0,643.0
2025-10-17 14:00:00,106000.0,106220.0,105120.0,105260.0,599.0
2025-10-17 14:30:00,105235.0,105905.0,104705.0,105310.0,528.0
2025-10-17 15:00:00,105330.0,106395.0,105250.0,106195.0,402.0
2025-10-17 15:30:00,106270.0,106990.0,105765.0,106945.0,430.0
2025-10-17 16:00:00,106925.0,107660.0,106790.0,106850.0,516.0
2025-10-17 16:30:00,106910.0,107010.0,106380.0,106520.0,217.0
2025-10-17 17:00:00,106490.0,106890.0,106355.0,106425.0,238.0
2025-10-17 17:30:00,106385.0,106820.0,106255.0,106665.0,274.0
2025-10-17 18:00:00,106735.0,107200.0,106685.0,107125.0,296.0
2025-10-17 18:30:00,107110.0,107305.0,106700.0,106790.0,241.0
2025-10-17 19:00:00,106890.0,107125.0,106715.0,106820.0,260.0
2025-10-17 19:30:00,106760.0,106840.0,106465.0,106695.0,391.0
2025-10-17 20:00:00,106705.0,106830.0,106580.0,106820.0,129.0
2025-10-20 13:30:00,110895.0,111410.0,110755.0,111370.0,478.0
2025-10-20 14:00:00,111485.0,111490.0,110895.0,111465.0,223.0
2025-10-20 14:30:00,111485.0,111600.0,111190.0,111435.0,143.0
2025-10-20 15:00:00,111460.0,111850.0,111230.0,111535.0,242.0
2025-10-20 15:30:00,111520.0,111945.0,111355.0,111360.0,262.0
2025-10-20 16:00:00,111360.0,111585.0,110830.0,111265.0,478.0
2025-10-20 16:30:00,111225.0,111225.0,110390.0,110940.0,308.0
2025-10-20 17:00:00,110955.0,111405.0,110550.0,110625.0,152.0
2025-10-20 17:30:00,110625.0,110740.0,110065.0,110555.0,294.0
2025-10-20 18:00:00,110545.0,110890.0,110405.0,110880.0,150.0
2025-10-20 18:30:00,110855.0,111195.0,110820.0,111160.0,117.0
2025-10-20 19:00:00,111205.0,111300.0,110735.0,111055.0,115.0
2025-10-20 19:30:00,111020.0,111230.0,110960.0,111080.0,438.0
2025-10-20 20:00:00,111060.0,111515.0,110920.0,111330.0,141.0
2025-10-21 13:30:00,108930.0,109170.0,108390.0,108680.0,384.0
2025-10-21 14:00:00,108700.0,110850.0,108700.0,109960.0,842.0
2025-10-21 14:30:00,109975.0,112625.0,109945.0,112515.0,1146.0
2025-10-21 15:00:00,112555.0,113470.0,112050.0,113320.0,1098.0
2025-10-21 15:30:00,113295.0,113900.0,113015.0,113745.0,774.0
2025-10-21 16:00:00,113745.0,114235.0,113455.0,114050.0,642.0
2025-10-21 16:30:00,114080.0,114380.0,112820.0,112920.0,647.0
2025-10-21 17:00:00,112915.0,113355.0,112130.0,112670.0,569.0
2025-10-21 17:30:00,112700.0,112945.0,112310.0,112335.0,283.0
2025-10-21 18:00:00,112340.0,112600.0,112070.0,112230.0,250.0
2025-10-21 18:30:00,112135.0,112395.0,111670.0,112325.0,309.0
2025-10-21 19:00:00,112290.0,112540.0,111895.0,112045.0,302.0
2025-10-21 19:30:00,112010.0,112305.0,111890.0,112070.0,506.0
2025-10-21 20:00:00,112060.0,112065.0,111520.0,111595.0,164.0
2025-10-22 13:30:00,108395.0,109200.0,107880.0,108950.0,813.0
2025-10-22 14:00:00,108950.0,109025.0,107660.0,108070.0,715.0
2025-10-22 14:30:00,108045.0,109215.0,107805.0,109135.0,627.0
2025-10-22 15:00:00,109145.0,109360.0,107855.0,108000.0,531.0
2025-10-22 15:30:00,107990.0,108770.0,107880.0,108570.0,242.0
2025-10-22 16:00:00,108540.0,108840.0,108250.0,108715.0,179.0
2025-10-22 16:30:00,108790.0,109010.0,107965.0,108400.0,632.0
2025-10-22 17:00:00,108390.0,108475.0,108035.0,108105.0,225.0
2025-10-22 17:30:00,108090.0,108385.0,107705.0,107915.0,346.0
2025-10-22 18:00:00,107930.0,108245.0,107605.0,108180.0,226.0
2025-10-22 18:30:00,108205.0,108420.0,108005.0,108235.0,171.0
2025-10-22 19:00:00,108170.0,108605.0,108080.0,108290.0,266.0
2025-10-22 19:30:00,108290.0,108410.0,107865.0,107990.0,905.0
2025-10-22 20:00:00,107980.0,108205.0,107980.0,108085.0,130.0
2025-10-23 13:30:00,109320.0,109820.0,109200.0,109600.0,257.0
2025-10-23 14:00:00,109710.0,109715.0,108830.0,109495.0,369.0
2025-10-23 14:30:00,109460.0,110055.0,109460.0,109810.0,324.0
2025-10-23 15:00:00,109835.0,110335.0,109725.0,109990.0,304.0
2025-10-23 15:30:00,110045.0,110360.0,109890.0,110080.0,170.0
2025-10-23 16:00:00,110095.0,110350.0,109985.0,110040.0,136.0
2025-10-23 16:30:00,110060.0,110795.0,109840.0,110500.0,203.0
2025-10-23 17:00:00,110465.0,110465.0,109850.0,110415.0,264.0
2025-10-23 17:30:00,110440.0,111535.0,110330.0,111505.0,472.0
2025-10-23 18:00:00,111530.0,111555.0,110770.0,110770.0,353.0
2025-10-23 18:30:00,110710.0,110870.0,110535.0,110795.0,100.0
2025-10-23 19:00:00,110855.0,110900.0,110325.0,110805.0,97.0
2025-10-23 19:30:00,110760.0,110790.0,110380.0,110380.0,332.0
2025-10-23 20:00:00,110410.0,110410.0,109970.0,110065.0,249.0
2025-10-24 13:30:00,111390.0,111525.0,110520.0,111100.0,442.0
2025-10-24 14:00:00,111050.0,111085.0,109880.0,110240.0,411.0
2025-10-24 14:30:00,110120.0,110420.0,109890.0,110420.0,317.0
2025-10-24 15:00:00,110430.0,110790.0,110195.0,110765.0,214.0
2025-10-24 15:30:00,110700.0,110820.0,110080.0,110160.0,173.0
2025-10-24 16:00:00,110225.0,110620.0,109985.0,110585.0,160.0
2025-10-24 16:30:00,110555.0,110555.0,110075.0,110465.0,136.0
2025-10-24 17:00:00,110530.0,110815.0,110385.0,110720.0,140.0
2025-10-24 17:30:00,110720.0,110720.0,110400.0,110425.0,132.0
2025-10-24 18:00:00,110385.0,110840.0,110335.0,110695.0,139.0
2025-10-24 18:30:00,110725.0,110830.0,110570.0,110830.0,104.0
2025-10-24 19:00:00,110825.0,111115.0,110805.0,111115.0,181.0
2025-10-24 19:30:00,111065.0,111090.0,110645.0,110760.0,323.0
2025-10-24 20:00:00,110760.0,110800.0,110585.0,110775.0,119.0
2025-10-27 13:30:00,115225.0,115540.0,114630.0,115340.0,500.0
2025-10-27 14:00:00,115395.0,115435.0,114605.0,115120.0,280.0
2025-10-27 14:30:00,115060.0,115180.0,114790.0,114885.0,127.0
2025-10-27 15:00:00,114865.0,115230.0,114865.0,115230.0,189.0
2025-10-27 15:30:00,115175.0,115385.0,114995.0,115100.0,191.0
2025-10-27 16:00:00,115130.0,115555.0,115000.0,115500.0,228.0
2025-10-27 16:30:00,115460.0,115795.0,115460.0,115670.0,175.0
2025-10-27 17:00:00,115655.0,115795.0,115440.0,115490.0,136.0
2025-10-27 17:30:00,115465.0,115905.0,115465.0,115880.0,169.0
2025-10-27 18:00:00,115870.0,115965.0,115515.0,115570.0,111.0
2025-10-27 18:30:00,115565.0,115690.0,115490.0,115500.0,131.0
2025-10-27 19:00:00,115495.0,115530.0,115075.0,115160.0,143.0
2025-10-27 19:30:00,115175.0,115195.0,114920.0,115090.0,383.0
2025-10-27 20:00:00,115070.0,115085.0,114880.0,114960.0,115.0
2025-10-28 13:30:00,115190.0,115675.0,115025.0,115675.0,441.0
2025-10-28 14:00:00,115700.0,116285.0,115455.0,116090.0,442.0
2025-10-28 14:30:00,116095.0,116110.0,114335.0,115200.0,430.0
2025-10-28 15:00:00,115260.0,115545.0,115205.0,115205.0,154.0
2025-10-28 15:30:00,115165.0,115240.0,114625.0,114815.0,160.0
2025-10-28 16:00:00,114745.0,115235.0,114660.0,115220.0,175.0
2025-10-28 16:30:00,115265.0,115675.0,115075.0,115535.0,317.0
2025-10-28 17:00:00,115560.0,115750.0,115480.0,115640.0,143.0
2025-10-28 17:30:00,115600.0,115760.0,115340.0,115450.0,108.0
2025-10-28 18:00:00,115420.0,115495.0,114960.0,115010.0,151.0
2025-10-28 18:30:00,115025.0,115135.0,114780.0,115105.0,114.0
2025-10-28 19:00:00,115160.0,115170.0,113775.0,113775.0,521.0
2025-10-28 19:30:00,113740.0,114205.0,113625.0,113785.0,587.0
2025-10-28 20:00:00,113750.0,113770.0,112885.0,112975.0,259.0
2025-10-29 13:30:00,114195.0,114280.0,113325.0,113460.0,119.0
2025-10-29 14:00:00,113285.0,113330.0,112790.0,112845.0,153.0
2025-10-29 14:30:00,112845.0,113280.0,112830.0,112990.0,82.0
2025-10-29 15:00:00,113060.0,113100.0,112515.0,112590.0,193.0
2025-10-29 15:30:00,112550.0,112630.0,111990.0,112045.0,168.0
2025-10-29 16:00:00,111970.0,112015.0,111535.0,111675.0,224.0
2025-10-29 16:30:00,111650.0,111920.0,111590.0,111625.0,162.0
2025-10-29 17:00:00,111610.0,111855.0,111560.0,111765.0,195.0
2025-10-29 17:30:00,111710.0,112415.0,111695.0,112375.0,199.0
2025-10-29 18:00:00,112275.0,112500.0,111685.0,111970.0,155.0
2025-10-29 18:30:00,112025.0,112305.0,109810.0,111340.0,782.0
2025-10-29 19:00:00,111360.0,112000.0,111235.0,111510.0,189.0
2025-10-29 19:30:00,111450.0,111470.0,110655.0,111200.0,502.0
2025-10-29 20:00:00,111175.0,111345.0,110925.0,111110.0,129.0
2025-10-30 13:30:00,108870.0,108990.0,107765.0,108035.0,377.0
2025-10-30 14:00:00,108085.0,108715.0,108085.0,108350.0,273.0
2025-10-30 14:30:00,108435.0,108795.0,108260.0,108675.0,182.0
2025-10-30 15:00:00,108700.0,108720.0,108205.0,108310.0,168.0
2025-10-30 15:30:00,108295.0,108305.0,107720.0,108145.0,115.0
2025-10-30 16:00:00,108000.0,108670.0,107995.0,108630.0,113.0
2025-10-30 16:30:00,108575.0,108625.0,108430.0,108625.0,77.0
2025-10-30 17:00:00,108615.0,108615.0,107230.0,107530.0,163.0
2025-10-30 17:30:00,107530.0,108075.0,107315.0,107970.0,158.0
2025-10-30 18:00:00,107900.0,107950.0,107685.0,107775.0,98.0
2025-10-30 18:30:00,107805.0,107960.0,107250.0,107305.0,126.0
2025-10-30 19:00:00,107200.0,107615.0,107190.0,107495.0,109.0
2025-10-30 19:30:00,107575.0,107635.0,106735.0,107055.0,487.0
2025-10-30 20:00:00,107045.0,107395.0,106740.0,107395.0,172.0
2025-10-31 13:30:00,110380.0,110735.0,109810.0,110620.0,323.0
2025-10-31 14:00:00,110660.0,111070.0,110100.0,110260.0,244.0
2025-10-31 14:30:00,110230.0,111500.0,109995.0,111290.0,291.0
2025-10-31 15:00:00,111255.0,111630.0,110870.0,110960.0,273.0
2025-10-31 15:30:00,110960.0,111155.0,110605.0,110740.0,298.0
2025-10-31 16:00:00,110680.0,110830.0,110320.0,110665.0,232.0
2025-10-31 16:30:00,110645.0,110725.0,109200.0,109330.0,232.0
2025-10-31 17:00:00,109300.0,109775.0,109135.0,109600.0,235.0
2025-10-31 17:30:00,109535.0,109945.0,109530.0,109840.0,150.0
2025-10-31 18:00:00,109860.0,110085.0,109755.0,109770.0,101.0
2025-10-31 18:30:00,109755.0,110275.0,109485.0,109940.0,179.0
2025-10-31 19:00:00,109880.0,110470.0,109625.0,110335.0,144.0
2025-10-31 19:30:00,110365.0,110775.0,110235.0,110305.0,661.0
2025-10-31 20:00:00,110310.0,110310.0,110005.0,110250.0,102.0
2025-11-03 14:30:00,108050.0,108600.0,107880.0,108540.0,169.0
2025-11-03 15:00:00,108595.0,108685.0,106265.0,106530.0,575.0
2025-11-03 15:30:00,106520.0,106975.0,105990.0,106175.0,545.0
2025-11-03 16:00:00,106205.0,106940.0,105755.0,106770.0,302.0
2025-11-03 16:30:00,106825.0,107245.0,106630.0,107145.0,217.0
2025-11-03 17:00:00,107135.0,108195.0,106985.0,107530.0,308.0
2025-11-03 17:30:00,107515.0,108145.0,107515.0,107995.0,159.0
2025-11-03 18:00:00,107930.0,108090.0,107605.0,107720.0,170.0
2025-11-03 18:30:00,107815.0,107870.0,107235.0,107400.0,117.0
2025-11-03 19:00:00,107450.0,107570.0,106935.0,107365.0,119.0
2025-11-03 19:30:00,107370.0,107875.0,107365.0,107455.0,133.0
2025-11-03 20:00:00,107585.0,107620.0,106965.0,107180.0,183.0
2025-11-03 20:30:00,107205.0,107390.0,106775.0,107135.0,481.0
2025-11-03 21:00:00,107105.0,107530.0,107010.0,107040.0,153.0
2025-11-04 14:30:00,104075.0,105075.0,103290.0,104905.0,608.0
2025-11-04 15:00:00,104910.0,105230.0,104475.0,104865.0,375.0
2025-11-04 15:30:00,104825.0,104825.0,103550.0,103550.0,326.0
2025-11-04 16:00:00,103560.0,103855.0,102790.0,103040.0,370.0
2025-11-04 16:30:00,103040.0,103315.0,102465.0,102500.0,335.0
2025-11-04 17:00:00,102530.0,102540.0,101120.0,101670.0,784.0
2025-11-04 17:30:00,101660.0,102255.0,101305.0,101375.0,509.0
2025-11-04 18:00:00,101320.0,101400.0,100570.0,101005.0,549.0
2025-11-04 18:30:00,100985.0,101870.0,100250.0,101735.0,933.0
2025-11-04 19:00:00,101675.0,102065.0,101230.0,101530.0,574.0
2025-11-04 19:30:00,101610.0,101750.0,100700.0,100775.0,358.0
2025-11-04 20:00:00,100800.0,101020.0,99845.0,100825.0,654.0
2025-11-04 20:30:00,100880.0,101420.0,100305.0,101040.0,1031.0
2025-11-04 21:00:00,101055.0,101150.0,100570.0,100615.0,221.0
2025-11-05 14:30:00,102970.0,103840.0,102515.0,103520.0,503.0
2025-11-05 15:00:00,103465.0,103825.0,103170.0,103760.0,255.0
2025-11-05 15:30:00,103765.0,104195.0,103660.0,104070.0,223.0
2025-11-05 16:00:00,104090.0,104200.0,103455.0,103870.0,222.0
2025-11-05 16:30:00,103865.0,104445.0,103865.0,104295.0,323.0
2025-11-05 17:00:00,104215.0,104380.0,103680.0,104265.0,308.0
2025-11-05 17:30:00,104255.0,104410.0,103840.0,104290.0,175.0
2025-11-05 18:00:00,104230.0,104550.0,104130.0,104510.0,127.0
2025-11-05 18:30:00,104510.0,104825.0,104440.0,104720.0,138.0
2025-11-05 19:00:00,104695.0,105030.0,104450.0,104595.0,352.0
2025-11-05 19:30:00,104540.0,104855.0,104340.0,104350.0,120.0
2025-11-05 20:00:00,104360.0,104920.0,104275.0,104410.0,155.0
2025-11-05 20:30:00,104360.0,104430.0,104010.0,104225.0,543.0
2025-11-05 21:00:00,104215.0,104235.0,103945.0,103995.0,110.0
2025-11-06 14:30:00,103310.0,103310.0,102335.0,102400.0,414.0
2025-11-06 15:00:00,102425.0,103285.0,102215.0,102770.0,307.0
2025-11-06 15:30:00,102780.0,102780.0,101935.0,102345.0,281.0
2025-11-06 16:00:00,102400.0,102720.0,101795.0,102120.0,221.0
2025-11-06 16:30:00,102050.0,102050.0,100610.0,101180.0,570.0
2025-11-06 17:00:00,101260.0,101775.0,101010.0,101730.0,252.0
2025-11-06 17:30:00,101730.0,102265.0,101490.0,102075.0,209.0
2025-11-06 18:00:00,102020.0,102020.0,101270.0,101735.0,160.0
2025-11-06 18:30:00,101665.0,102695.0,101625.0,102060.0,295.0
2025-11-06 19:00:00,101990.0,102365.0,101960.0,102180.0,155.0
2025-11-06 19:30:00,102125.0,102190.0,101535.0,101715.0,174.0
2025-11-06 20:00:00,101795.0,101995.0,101360.0,101365.0,212.0
2025-11-06 20:30:00,101370.0,101455.0,100990.0,101250.0,396.0
2025-11-06 21:00:00,101220.0,101320.0,100870.0,100900.0,108.0
2025-11-07 14:30:00,100400.0,101185.0,99660.0,100950.0,437.0
2025-11-07 15:00:00,101130.0,101525.0,100585.0,101190.0,380.0
2025-11-07 15:30:00,101225.0,101340.0,100620.0,101035.0,321.0
2025-11-07 16:00:00,101040.0,101855.0,100705.0,101785.0,256.0
2025-11-07 16:30:00,101760.0,101870.0,101190.0,101370.0,212.0
2025-11-07 17:00:00,101305.0,102710.0,101135.0,102565.0,413.0
2025-11-07 17:30:00,102590.0,102995.0,102085.0,102680.0,336.0
2025-11-07 18:00:00,102655.0,103130.0,102595.0,102985.0,286.0
2025-11-07 18:30:00,102995.0,103105.0,102555.0,102940.0,342.0
2025-11-07 19:00:00,102880.0,103265.0,102730.0,103145.0,199.0
2025-11-07 19:30:00,103190.0,103710.0,103150.0,103705.0,331.0
2025-11-07 20:00:00,103685.0,103755.0,103255.0,103485.0,241.0
2025-11-07 20:30:00,103500.0,104220.0,103500.0,104065.0,567.0
2025-11-07 21:00:00,104080.0,104105.0,103570.0,103700.0,214.0
2025-11-10 14:30:00,106560.0,106590.0,104960.0,105180.0,658.0
2025-11-10 15:00:00,105115.0,105770.0,105070.0,105745.0,502.0
2025-11-10 15:30:00,105790.0,105910.0,104920.0,105275.0,327.0
2025-11-10 16:00:00,105340.0,105615.0,105085.0,105435.0,171.0
2025-11-10 16:30:00,105485.0,105640.0,105045.0,105555.0,184.0
2025-11-10 17:00:00,105435.0,105765.0,105435.0,105650.0,170.0
2025-11-10 17:30:00,105635.0,106245.0,105635.0,106245.0,147.0
2025-11-10 18:00:00,106300.0,106350.0,105995.0,106235.0,80.0
2025-11-10 18:30:00,106200.0,106270.0,105715.0,105715.0,77.0
2025-11-10 19:00:00,105750.0,106100.0,105695.0,106025.0,55.0
2025-11-10 19:30:00,106025.0,106355.0,105795.0,106145.0,128.0
2025-11-10 20:00:00,106130.0,106595.0,106130.0,106360.0,150.0
2025-11-10 20:30:00,106310.0,106630.0,106110.0,106335.0,384.0
2025-11-10 21:00:00,106350.0,106380.0,105865.0,105865.0,116.0
2025-11-11 14:30:00,104820.0,104990.0,104130.0,104850.0,320.0
2025-11-11 15:00:00,104850.0,104850.0,103915.0,103985.0,227.0
2025-11-11 15:30:00,104015.0,104020.0,103465.0,103780.0,312.0
2025-11-11 16:00:00,103745.0,104000.0,103455.0,103680.0,254.0
2025-11-11 16:30:00,103625.0,103900.0,103485.0,103635.0,168.0
2025-11-11 17:00:00,103655.0,103860.0,103500.0,103630.0,109.0
2025-11-11 17:30:00,103685.0,103685.0,103070.0,103655.0,221.0
2025-11-11 18:00:00,103620.0,103840.0,103320.0,103555.0,112.0
2025-11-11 18:30:00,103620.0,103790.0,103450.0,103720.0,95.0
2025-11-11 19:00:00,103680.0,103730.0,103150.0,103715.0,127.0
2025-11-11 19:30:00,103755.0,103755.0,103390.0,103420.0,85.0
2025-11-11 20:00:00,103375.0,103500.0,103025.0,103230.0,109.0
2025-11-11 20:30:00,103155.0,103170.0,102870.0,103050.0,462.0
2025-11-11 21:00:00,103030.0,103305.0,102850.0,103200.0,88.0
2025-11-12 14:30:00,105090.0,105175.0,103935.0,104290.0,354.0
2025-11-12 15:00:00,104250.0,104610.0,103500.0,103670.0,255.0
2025-11-12 15:30:00,103730.0,103945.0,102220.0,102350.0,422.0
2025-11-12 16:00:00,102315.0,102495.0,101635.0,102005.0,435.0
2025-11-12 16:30:00,101835.0,102295.0,101580.0,101610.0,295.0
2025-11-12 17:00:00,101625.0,102050.0,101555.0,101780.0,221.0
2025-11-12 17:30:00,101790.0,102345.0,101725.0,101975.0,277.0
2025-11-12 18:00:00,101940.0,102105.0,101760.0,101795.0,149.0
2025-11-12 18:30:00,101730.0,102075.0,101595.0,101710.0,160.0
2025-11-12 19:00:00,101765.0,101765.0,101020.0,101195.0,143.0
2025-11-12 19:30:00,101280.0,101700.0,101050.0,101490.0,169.0
2025-11-12 20:00:00,101445.0,101995.0,101400.0,101950.0,115.0
2025-11-12 20:30:00,101955.0,102040.0,101680.0,101745.0,215.0
2025-11-12 21:00:00,101735.0,102055.0,101720.0,102055.0,91.0
2025-11-13 14:30:00,102605.0,103665.0,101915.0,103060.0,656.0
2025-11-13 15:00:00,103035.0,103230.0,102225.0,102340.0,302.0
2025-11-13 15:30:00,102330.0,102330.0,101350.0,101560.0,237.0
2025-11-13 16:00:00,101550.0,101705.0,100860.0,101190.0,292.0
2025-11-13 16:30:00,101150.0,101565.0,100690.0,100790.0,433.0
2025-11-13 17:00:00,100715.0,100925.0,100250.0,100415.0,432.0
2025-11-13 17:30:00,100355.0,100605.0,99715.0,99715.0,393.0
2025-11-13 18:00:00,99715.0,100020.0,98800.0,99145.0,549.0
2025-11-13 18:30:00,99165.0,99175.0,98155.0,98590.0,716.0
2025-11-13 19:00:00,98650.0,99360.0,98355.0,99230.0,504.0
2025-11-13 19:30:00,99265.0,99265.0,98385.0,98705.0,329.0
2025-11-13 20:00:00,98620.0,98630.0,97980.0,98510.0,276.0
2025-11-13 20:30:00,98575.0,99010.0,98040.0,98180.0,656.0
2025-11-13 21:00:00,98155.0,98605.0,97905.0,98530.0,382.0
2025-11-14 14:30:00,95445.0,96880.0,95045.0,96645.0,1125.0
2025-11-14 15:00:00,96660.0,96940.0,95965.0,96650.0,366.0
2025-11-14 15:30:00,96675.0,97420.0,96605.0,96900.0,331.0
2025-11-14 16:00:00,96930.0,97235.0,96360.0,97090.0,402.0
2025-11-14 16:30:00,97130.0,97535.0,97025.0,97165.0,232.0
2025-11-14 17:00:00,97100.0,97295.0,96660.0,96870.0,251.0
2025-11-14 17:30:00,96735.0,96815.0,95735.0,95975.0,297.0
2025-11-14 18:00:00,95965.0,96465.0,95755.0,96170.0,210.0
2025-11-14 18:30:00,96165.0,96310.0,95055.0,95135.0,385.0
2025-11-14 19:00:00,95130.0,95995.0,94880.0,95800.0,283.0
2025-11-14 19:30:00,95825.0,95910.0,95380.0,95830.0,147.0
2025-11-14 20:00:00,95930.0,96000.0,94880.0,94985.0,507.0
2025-11-14 20:30:00,94940.0,95130.0,94230.0,94440.0,1074.0
2025-11-14 21:00:00,94420.0,94985.0,94285.0,94880.0,153.0
2025-11-17 14:30:00,94190.0,96145.0,94085.0,94805.0,789.0
2025-11-17 15:00:00,94850.0,95060.0,93895.0,94585.0,253.0
2025-11-17 15:30:00,94715.0,94740.0,93950.0,94010.0,132.0
2025-11-17 16:00:00,94040.0,94045.0,93090.0,93560.0,392.0
2025-11-17 16:30:00,93555.0,94525.0,93415.0,94405.0,470.0
2025-11-17 17:00:00,94405.0,94510.0,93585.0,93600.0,320.0
2025-11-17 17:30:00,93610.0,93710.0,92735.0,92780.0,340.0
2025-11-17 18:00:00,92820.0,93240.0,92480.0,92480.0,324.0
2025-11-17 18:30:00,92470.0,93145.0,92430.0,92600.0,320.0
2025-11-17 19:00:00,92565.0,92700.0,92080.0,92285.0,353.0
2025-11-17 19:30:00,92270.0,92430.0,91570.0,91690.0,485.0
2025-11-17 20:00:00,91640.0,92085.0,91315.0,91730.0,418.0
2025-11-17 20:30:00,91870.0,92230.0,91500.0,91980.0,676.0
2025-11-17 21:00:00,91960.0,92245.0,91930.0,92090.0,241.0
2025-11-18 14:30:00,91835.0,92525.0,91395.0,91395.0,626.0
2025-11-18 15:00:00,91380.0,93100.0,91115.0,92845.0,686.0
2025-11-18 15:30:00,92950.0,93140.0,92480.0,92960.0,478.0
2025-11-18 16:00:00,92965.0,93915.0,92635.0,93805.0,696.0
2025-11-18 16:30:00,93890.0,93960.0,93320.0,93600.0,426.0
2025-11-18 17:00:00,93615.0,93750.0,92950.0,93055.0,230.0
2025-11-18 17:30:00,93040.0,93565.0,92900.0,93350.0,159.0
2025-11-18 18:00:00,93430.0,93890.0,93335.0,93385.0,136.0
2025-11-18 18:30:00,93370.0,93750.0,93255.0,93400.0,144.0
2025-11-18 19:00:00,93450.0,93620.0,93350.0,93515.0,102.0
2025-11-18 19:30:00,93530.0,93700.0,93050.0,93240.0,177.0
2025-11-18 20:00:00,93240.0,93380.0,93020.0,93235.0,129.0
2025-11-18 20:30:00,93235.0,93235.0,92735.0,92900.0,621.0
2025-11-18 21:00:00,92900.0,93120.0,92760.0,93120.0,163.0
2025-11-19 14:30:00,91205.0,91905.0,91165.0,91790.0,350.0
2025-11-19 15:00:00,91790.0,92480.0,91190.0,91330.0,405.0
2025-11-19 15:30:00,91285.0,91295.0,89840.0,89970.0,544.0
2025-11-19 16:00:00,89940.0,90265.0,89605.0,89725.0,444.0
2025-11-19 16:30:00,89695.0,89950.0,89440.0,89915.0,427.0
2025-11-19 17:00:00,89920.0,90135.0,89315.0,89530.0,460.0
2025-11-19 17:30:00,89460.0,89630.0,88910.0,89520.0,652.0
2025-11-19 18:00:00,89545.0,89755.0,88830.0,89000.0,394.0
2025-11-19 18:30:00,89040.0,89345.0,88835.0,89230.0,490.0
2025-11-19 19:00:00,89185.0,89450.0,88880.0,88985.0,324.0
2025-11-19 19:30:00,88945.0,89135.0,88645.0,88860.0,531.0
2025-11-19 20:00:00,88880.0,89405.0,88600.0,89385.0,404.0
2025-11-19 20:30:00,89435.0,89700.0,89110.0,89550.0,669.0
2025-11-19 21:00:00,89560.0,89955.0,89455.0,89660.0,195.0
2025-11-20 14:30:00,91475.0,91690.0,90620.0,91095.0,591.0
2025-11-20 15:00:00,91095.0,91145.0,90235.0,90620.0,483.0
2025-11-20 15:30:00,90605.0,90705.0,89810.0,89830.0,422.0
2025-11-20 16:00:00,89795.0,89850.0,88215.0,88700.0,1199.0
2025-11-20 16:30:00,88705.0,88860.0,87500.0,87840.0,745.0
2025-11-20 17:00:00,87820.0,88180.0,86740.0,87115.0,773.0
2025-11-20 17:30:00,87075.0,87340.0,86275.0,87215.0,615.0
2025-11-20 18:00:00,87160.0,87760.0,86830.0,86945.0,434.0
2025-11-20 18:30:00,86925.0,87020.0,86310.0,86480.0,319.0
2025-11-20 19:00:00,86415.0,87165.0,86075.0,86960.0,528.0
2025-11-20 19:30:00,86855.0,87015.0,86440.0,86940.0,354.0
2025-11-20 20:00:00,86910.0,87075.0,86320.0,87075.0,405.0
2025-11-20 20:30:00,87135.0,87160.0,86380.0,86500.0,825.0
2025-11-20 21:00:00,86480.0,86930.0,86435.0,86930.0,146.0
2025-11-21 14:30:00,83755.0,85580.0,83705.0,84980.0,1318.0
2025-11-21 15:00:00,84945.0,85180.0,83660.0,83675.0,512.0
2025-11-21 15:30:00,83630.0,83940.0,82785.0,82945.0,690.0
2025-11-21 16:00:00,82950.0,83325.0,82380.0,83215.0,642.0
2025-11-21 16:30:00,83295.0,84970.0,82990.0,84970.0,601.0
2025-11-21 17:00:00,84815.0,85680.0,84655.0,85290.0,722.0
2025-11-21 17:30:00,85325.0,85580.0,84895.0,84945.0,345.0
2025-11-21 18:00:00,84970.0,85030.0,83355.0,84165.0,687.0
2025-11-21 18:30:00,84075.0,85120.0,84040.0,84675.0,620.0
2025-11-21 19:00:00,84715.0,85100.0,84540.0,84995.0,318.0
2025-11-21 19:30:00,85040.0,85090.0,84130.0,84285.0,288.0
2025-11-21 20:00:00,84275.0,84410.0,83565.0,83580.0,324.0
2025-11-21 20:30:00,83565.0,84735.0,83520.0,84630.0,770.0
2025-11-21 21:00:00,84630.0,84830.0,84460.0,84685.0,202.0
2025-11-24 14:30:00,85895.0,86615.0,85200.0,86140.0,985.0
2025-11-24 15:00:00,86170.0,86750.0,85925.0,86070.0,773.0
2025-11-24 15:30:00,86045.0,86695.0,85970.0,86600.0,359.0
2025-11-24 16:00:00,86635.0,87375.0,86635.0,87275.0,533.0
2025-11-24 16:30:00,87240.0,87690.0,87095.0,87195.0,318.0
2025-11-24 17:00:00,87200.0,87745.0,86940.0,87700.0,322.0
2025-11-24 17:30:00,87710.0,88495.0,87630.0,88345.0,489.0
2025-11-24 18:00:00,88410.0,88625.0,88250.0,88390.0,427.0
2025-11-24 18:30:00,88365.0,88735.0,88240.0,88735.0,312.0
2025-11-24 19:00:00,88700.0,88875.0,88555.0,88705.0,262.0
2025-11-24 19:30:00,88690.0,88865.0,88180.0,88330.0,388.0
2025-11-24 20:00:00,88365.0,88920.0,88340.0,88890.0,364.0
2025-11-24 20:30:00,88895.0,89240.0,88790.0,89110.0,660.0
2025-11-24 21:00:00,89120.0,89190.0,88970.0,89090.0,129.0
2025-11-25 14:30:00,87155.0,87230.0,86140.0,86745.0,778.0
2025-11-25 15:00:00,86705.0,86880.0,86135.0,86750.0,296.0
2025-11-25 15:30:00,86815.0,87295.0,86815.0,87015.0,451.0
2025-11-25 16:00:00,87010.0,87300.0,86730.0,87240.0,586.0
2025-11-25 16:30:00,87255.0,87270.0,86950.0,87170.0,429.0
2025-11-25 17:00:00,87120.0,87660.0,87080.0,87505.0,401.0
2025-11-25 17:30:00,87495.0,88160.0,87495.0,87640.0,302.0
2025-11-25 18:00:00,87630.0,87835.0,87540.0,87640.0,260.0
2025-11-25 18:30:00,87675.0,87685.0,87215.0,87215.0,313.0
2025-11-25 19:00:00,87205.0,87340.0,86195.0,86235.0,414.0
2025-11-25 19:30:00,86265.0,86885.0,86160.0,86855.0,356.0
2025-11-25 20:00:00,86865.0,87165.0,86690.0,87100.0,298.0
2025-11-25 20:30:00,87065.0,87470.0,87065.0,87385.0,727.0
2025-11-25 21:00:00,87370.0,87435.0,87105.0,87200.0,110.0
2025-11-26 14:30:00,87655.0,88040.0,87150.0,87250.0,308.0
2025-11-26 15:00:00,87225.0,87655.0,87195.0,87575.0,247.0
2025-11-26 15:30:00,87700.0,87700.0,87075.0,87330.0,324.0
2025-11-26 16:00:00,87375.0,88260.0,87345.0,87975.0,336.0
2025-11-26 16:30:00,88005.0,88315.0,87950.0,88275.0,279.0
2025-11-26 17:00:00,88265.0,89165.0,88150.0,89095.0,179.0
2025-11-26 17:30:00,89085.0,90440.0,89010.0,90350.0,284.0
2025-11-26 18:00:00,90320.0,90870.0,90125.0,90795.0,330.0
2025-11-26 18:30:00,90835.0,90840.0,90135.0,90620.0,254.0
2025-11-26 19:00:00,90600.0,90650.0,90230.0,90305.0,207.0
2025-11-26 19:30:00,90290.0,90555.0,90235.0,90450.0,187.0
2025-11-26 20:00:00,90395.0,90610.0,90000.0,90525.0,233.0
2025-11-26 20:30:00,90500.0,90545.0,90150.0,90375.0,294.0
2025-11-26 21:00:00,90355.0,90505.0,90340.0,90340.0,82.0
2025-11-28 14:30:00,93500.0,93590.0,92275.0,92650.0,344.0
2025-11-28 15:00:00,92785.0,93210.0,92465.0,93140.0,261.0
2025-11-28 15:30:00,93115.0,93295.0,92715.0,92805.0,375.0
2025-11-28 16:00:00,92815.0,92820.0,91500.0,91630.0,365.0
2025-11-28 16:30:00,91590.0,92050.0,91340.0,91340.0,209.0
2025-11-28 17:00:00,91375.0,91610.0,90945.0,90995.0,224.0
2025-11-28 17:30:00,90980.0,91295.0,90685.0,91090.0,327.0
2025-12-01 14:30:00,86615.0,87065.0,86205.0,86410.0,530.0
2025-12-01 15:00:00,86435.0,86470.0,85220.0,85250.0,351.0
2025-12-01 15:30:00,85195.0,85275.0,84120.0,84995.0,763.0
2025-12-01 16:00:00,85035.0,85170.0,84360.0,84870.0,466.0
2025-12-01 16:30:00,84890.0,85760.0,84775.0,84800.0,546.0
2025-12-01 17:00:00,84890.0,85370.0,84755.0,85325.0,273.0
2025-12-01 17:30:00,85285.0,85555.0,84995.0,85205.0,214.0
2025-12-01 18:00:00,85290.0,85870.0,85270.0,85645.0,267.0
2025-12-01 18:30:00,85650.0,85650.0,85015.0,85520.0,269.0
2025-12-01 19:00:00,85525.0,85600.0,85060.0,85060.0,168.0
2025-12-01 19:30:00,85035.0,85410.0,84940.0,85330.0,178.0
2025-12-01 20:00:00,85335.0,86160.0,85335.0,85565.0,475.0
2025-12-01 20:30:00,85575.0,85885.0,85485.0,85875.0,1101.0
2025-12-01 21:00:00,85885.0,86255.0,85855.0,85970.0,216.0
2025-12-02 14:30:00,89035.0,89660.0,88735.0,89660.0,607.0
2025-12-02 15:00:00,89690.0,91320.0,89690.0,90560.0,1298.0
2025-12-02 15:30:00,90600.0,91550.0,90320.0,91295.0,538.0
2025-12-02 16:00:00,91270.0,91645.0,90600.0,90685.0,553.0
2025-12-02 16:30:00,90695.0,91510.0,90695.0,91160.0,315.0
2025-12-02 17:00:00,91195.0,92460.0,91195.0,92180.0,502.0
2025-12-02 17:30:00,92205.0,92395.0,91825.0,91885.0,255.0
2025-12-02 18:00:00,91855.0,92615.0,91800.0,92295.0,375.0
2025-12-02 18:30:00,92280.0,92600.0,92195.0,92365.0,285.0
2025-12-02 19:00:00,92385.0,92655.0,92265.0,92440.0,258.0
2025-12-02 19:30:00,92430.0,92705.0,92280.0,92285.0,186.0
2025-12-02 20:00:00,92320.0,92340.0,91425.0,91430.0,472.0
2025-12-02 20:30:00,91415.0,91575.0,91180.0,91410.0,906.0
2025-12-02 21:00:00,91405.0,91695.0,91360.0,91585.0,182.0
2025-12-03 14:30:00,92960.0,94055.0,92460.0,92740.0,500.0
2025-12-03 15:00:00,92765.0,93365.0,92260.0,92670.0,319.0
2025-12-03 15:30:00,92685.0,93110.0,92605.0,92690.0,171.0
2025-12-03 16:00:00,92730.0,92790.0,92100.0,92585.0,195.0
2025-12-03 16:30:00,92760.0,93085.0,92545.0,92545.0,121.0
2025-12-03 17:00:00,92530.0,93055.0,92505.0,92850.0,253.0
2025-12-03 17:30:00,92875.0,93420.0,92875.0,93305.0,113.0
2025-12-03 18:00:00,93340.0,93920.0,93295.0,93460.0,561.0
2025-12-03 18:30:00,93530.0,93610.0,92690.0,92965.0,269.0
2025-12-03 19:00:00,92930.0,93190.0,92890.0,93065.0,157.0
2025-12-03 19:30:00,93050.0,93465.0,92970.0,93370.0,82.0
2025-12-03 20:00:00,93405.0,93500.0,93155.0,93375.0,108.0
2025-12-03 20:30:00,93325.0,93720.0,93180.0,93270.0,576.0
2025-12-03 21:00:00,93280.0,93425.0,93165.0,93375.0,215.0
2025-12-04 14:30:00,93100.0,93100.0,92030.0,92160.0,265.0
2025-12-04 15:00:00,92160.0,93245.0,92160.0,92935.0,244.0
2025-12-04 15:30:00,92905.0,93575.0,92755.0,93330.0,275.0
2025-12-04 16:00:00,93300.0,93500.0,92765.0,93295.0,144.0
2025-12-04 16:30:00,93245.0,93250.0,92590.0,92795.0,178.0
2025-12-04 17:00:00,92800.0,92855.0,92360.0,92445.0,139.0
2025-12-04 17:30:00,92410.0,92795.0,92065.0,92765.0,276.0
2025-12-04 18:00:00,92710.0,92845.0,92500.0,92790.0,79.0
2025-12-04 18:30:00,92765.0,92915.0,92280.0,92485.0,123.0
2025-12-04 19:00:00,92500.0,92500.0,91165.0,91595.0,366.0
2025-12-04 19:30:00,91610.0,92430.0,91610.0,92295.0,199.0
2025-12-04 20:00:00,92315.0,92610.0,92070.0,92450.0,179.0
2025-12-04 20:30:00,92330.0,92900.0,92290.0,92835.0,319.0
2025-12-04 21:00:00,92850.0,93030.0,92690.0,92760.0,97.0
2025-12-05 14:30:00,90765.0,91000.0,90185.0,90600.0,339.0
2025-12-05 15:00:00,90785.0,91770.0,90695.0,91575.0,356.0
2025-12-05 15:30:00,91615.0,91745.0,90590.0,90750.0,259.0
2025-12-05 16:00:00,90760.0,90760.0,89240.0,89340.0,600.0
2025-12-05 16:30:00,89310.0,89400.0,88405.0,89125.0,629.0
2025-12-05 17:00:00,89050.0,89360.0,88910.0,89090.0,146.0
2025-12-05 17:30:00,89110.0,89850.0,88970.0,89660.0,302.0
2025-12-05 18:00:00,89595.0,90160.0,89550.0,89770.0,295.0
2025-12-05 18:30:00,89725.0,89825.0,89240.0,89315.0,121.0
2025-12-05 19:00:00,89290.0,89875.0,89180.0,89745.0,154.0
2025-12-05 19:30:00,89815.0,90155.0,89675.0,89990.0,120.0
2025-12-05 20:00:00,89990.0,90105.0,89680.0,89885.0,116.0
2025-12-05 20:30:00,89865.0,89865.0,89515.0,89625.0,447.0
2025-12-05 21:00:00,89625.0,89780.0,89555.0,89780.0,72.0
2025-12-08 14:30:00,91610.0,92020.0,91015.0,91090.0,357.0
2025-12-08 15:00:00,91110.0,91235.0,89955.0,90170.0,459.0
2025-12-08 15:30:00,90155.0,90465.0,89830.0,90235.0,328.0
2025-12-08 16:00:00,90120.0,90630.0,89875.0,90550.0,204.0
2025-12-08 16:30:00,90475.0,90705.0,89965.0,90205.0,159.0
2025-12-08 17:00:00,90165.0,90405.0,90015.0,90190.0,76.0
2025-12-08 17:30:00,90150.0,90570.0,89895.0,90445.0,170.0
2025-12-08 18:00:00,90480.0,90760.0,90330.0,90330.0,51.0
2025-12-08 18:30:00,90310.0,90775.0,89915.0,90050.0,130.0
2025-12-08 19:00:00,90085.0,90380.0,90085.0,90335.0,69.0
2025-12-08 19:30:00,90320.0,90615.0,90260.0,90315.0,67.0
2025-12-08 20:00:00,90360.0,90910.0,90360.0,90710.0,138.0
2025-12-08 20:30:00,90675.0,91150.0,90570.0,90995.0,284.0
2025-12-08 21:00:00,90970.0,91245.0,90900.0,91015.0,91.0
2025-12-09 14:30:00,90530.0,90865.0,90230.0,90535.0,145.0
2025-12-09 15:00:00,90605.0,91580.0,90540.0,91450.0,346.0
2025-12-09 15:30:00,91440.0,93170.0,91240.0,93040.0,834.0
2025-12-09 16:00:00,93045.0,94000.0,93020.0,93705.0,658.0
2025-12-09 16:30:00,93750.0,94830.0,93730.0,94525.0,671.0
2025-12-09 17:00:00,94520.0,94950.0,93955.0,94100.0,613.0
2025-12-09 17:30:00,94130.0,94350.0,93865.0,94155.0,317.0
2025-12-09 18:00:00,94270.0,94535.0,93950.0,94405.0,148.0
2025-12-09 18:30:00,94440.0,94455.0,93995.0,94225.0,159.0
2025-12-09 19:00:00,94265.0,94405.0,94025.0,94315.0,116.0
2025-12-09 19:30:00,94370.0,94500.0,93940.0,94120.0,112.0
2025-12-09 20:00:00,94065.0,94125.0,93020.0,93335.0,234.0
2025-12-09 20:30:00,93325.0,93540.0,93095.0,93350.0,520.0
2025-12-09 21:00:00,93370.0,93495.0,93250.0,93330.0,52.0
2025-12-10 14:30:00,92170.0,92310.0,91810.0,92000.0,217.0
2025-12-10 15:00:00,91940.0,92415.0,91915.0,92195.0,151.0
2025-12-10 15:30:00,92190.0,92325.0,91810.0,92320.0,114.0
2025-12-10 16:00:00,92305.0,92845.0,92125.0,92760.0,172.0
2025-12-10 16:30:00,92615.0,92640.0,92325.0,92385.0,159.0
2025-12-10 17:00:00,92430.0,92775.0,92360.0,92620.0,84.0
2025-12-10 17:30:00,92550.0,92760.0,92480.0,92630.0,51.0
2025-12-10 18:00:00,92620.0,92745.0,92240.0,92515.0,63.0
2025-12-10 18:30:00,92485.0,93305.0,92360.0,92715.0,198.0
2025-12-10 19:00:00,92770.0,93570.0,92000.0,92705.0,1008.0
2025-12-10 19:30:00,92790.0,93555.0,92720.0,93285.0,579.0
2025-12-10 20:00:00,93330.0,94800.0,93000.0,93955.0,929.0
2025-12-10 20:30:00,93900.0,94155.0,92610.0,92750.0,528.0
2025-12-10 21:00:00,92765.0,92895.0,92110.0,92560.0,364.0
2025-12-11 14:30:00,90345.0,90715.0,89440.0,89700.0,730.0
2025-12-11 15:00:00,89685.0,90880.0,89560.0,90450.0,701.0
2025-12-11 15:30:00,90485.0,90505.0,89830.0,90050.0,447.0
2025-12-11 16:00:00,90030.0,90180.0,89465.0,89695.0,429.0
2025-12-11 16:30:00,89710.0,90420.0,89625.0,89935.0,280.0
2025-12-11 17:00:00,89960.0,90495.0,89840.0,90335.0,304.0
2025-12-11 17:30:00,90310.0,90490.0,90140.0,90240.0,82.0
2025-12-11 18:00:00,90180.0,90730.0,90100.0,90600.0,171.0
2025-12-11 18:30:00,90650.0,91455.0,90535.0,90975.0,365.0
2025-12-11 19:00:00,91000.0,91470.0,90830.0,91385.0,275.0
2025-12-11 19:30:00,91480.0,91795.0,91050.0,91125.0,276.0
2025-12-11 20:00:00,91110.0,91745.0,91110.0,91310.0,206.0
2025-12-11 20:30:00,91295.0,92100.0,91295.0,92030.0,534.0
2025-12-11 21:00:00,92015.0,92875.0,92005.0,92700.0,270.0
2025-12-12 14:30:00,92380.0,92990.0,92135.0,92765.0,289.0
2025-12-12 15:00:00,92675.0,92680.0,90980.0,90995.0,536.0
2025-12-12 15:30:00,91010.0,91120.0,89925.0,90095.0,922.0
2025-12-12 16:00:00,90065.0,90610.0,89805.0,90590.0,494.0
2025-12-12 16:30:00,90555.0,90560.0,89640.0,90180.0,240.0
2025-12-12 17:00:00,90155.0,90840.0,89990.0,89990.0,273.0
2025-12-12 17:30:00,89980.0,90520.0,89980.0,90235.0,124.0
2025-12-12 18:00:00,90300.0,90755.0,90225.0,90745.0,151.0
2025-12-12 18:30:00,90740.0,90875.0,90510.0,90610.0,170.0
2025-12-12 19:00:00,90565.0,90565.0,90190.0,90410.0,110.0
2025-12-12 19:30:00,90425.0,90500.0,90295.0,90385.0,44.0
2025-12-12 20:00:00,90395.0,90505.0,90175.0,90175.0,117.0
2025-12-12 20:30:00,90230.0,90595.0,90040.0,90425.0,448.0
2025-12-12 21:00:00,90425.0,90550.0,90335.0,90435.0,155.0
2025-12-15 14:30:00,89605.0,90090.0,88000.0,88210.0,699.0
2025-12-15 15:00:00,88175.0,88365.0,86780.0,86990.0,1041.0
2025-12-15 15:30:00,86960.0,87510.0,86760.0,87155.0,630.0
2025-12-15 16:00:00,87160.0,87390.0,86910.0,87065.0,201.0
2025-12-15 16:30:00,87090.0,87095.0,86200.0,86510.0,401.0
2025-12-15 17:00:00,86450.0,86650.0,86265.0,86300.0,317.0
2025-12-15 17:30:00,86360.0,86360.0,85720.0,85930.0,347.0
2025-12-15 18:00:00,85870.0,86135.0,85650.0,85735.0,160.0
2025-12-15 18:30:00,85685.0,86370.0,85325.0,86300.0,260.0
2025-12-15 19:00:00,86310.0,86640.0,85980.0,86325.0,314.0
2025-12-15 19:30:00,86220.0,86465.0,86085.0,86275.0,140.0
2025-12-15 20:00:00,86185.0,86300.0,85725.0,85860.0,306.0
2025-12-15 20:30:00,85890.0,86205.0,85840.0,85940.0,826.0
2025-12-15 21:00:00,85905.0,85945.0,85625.0,85670.0,222.0
2025-12-16 14:30:00,87075.0,87905.0,86930.0,87370.0,312.0
2025-12-16 15:00:00,87500.0,87605.0,86985.0,87380.0,217.0
2025-12-16 15:30:00,87300.0,88355.0,87205.0,88140.0,666.0
2025-12-16 16:00:00,88125.0,88235.0,87735.0,87970.0,303.0
2025-12-16 16:30:00,87975.0,88045.0,87560.0,87735.0,147.0
2025-12-16 17:00:00,87745.0,88015.0,87440.0,87480.0,139.0
2025-12-16 17:30:00,87570.0,87670.0,87225.0,87270.0,148.0
2025-12-16 18:00:00,87310.0,87685.0,87160.0,87565.0,250.0
2025-12-16 18:30:00,87595.0,88175.0,87595.0,87940.0,208.0
2025-12-16 19:00:00,87945.0,87960.0,87420.0,87545.0,162.0
2025-12-16 19:30:00,87665.0,87950.0,87525.0,87725.0,88.0
2025-12-16 20:00:00,87690.0,87835.0,87460.0,87690.0,99.0
2025-12-16 20:30:00,87750.0,88000.0,87700.0,87710.0,375.0
2025-12-16 21:00:00,87750.0,87840.0,87685.0,87805.0,46.0
2025-12-17 14:30:00,87835.0,89860.0,87300.0,89820.0,997.0
2025-12-17 15:00:00,89880.0,90565.0,89540.0,90045.0,1190.0
2025-12-17 15:30:00,90085.0,90290.0,87245.0,87290.0,1086.0
2025-12-17 16:00:00,87260.0,87820.0,86415.0,86450.0,688.0
2025-12-17 16:30:00,86415.0,87105.0,86245.0,87095.0,420.0
2025-12-17 17:00:00,86960.0,87220.0,86605.0,87010.0,183.0
2025-12-17 17:30:00,86985.0,87055.0,86370.0,86500.0,162.0
2025-12-17 18:00:00,86600.0,86965.0,86550.0,86570.0,138.0
2025-12-17 18:30:00,86565.0,86690.0,85800.0,85860.0,206.0
2025-12-17 19:00:00,85910.0,86030.0,85405.0,85850.0,238.0
2025-12-17 19:30:00,85855.0,86300.0,85555.0,86120.0,179.0
2025-12-17 20:00:00,86140.0,86360.0,85770.0,86225.0,185.0
2025-12-17 20:30:00,86270.0,86280.0,85885.0,85990.0,433.0
2025-12-17 21:00:00,86015.0,86195.0,86010.0,86130.0,41.0
2025-12-18 14:30:00,88635.0,89235.0,87850.0,88405.0,407.0
2025-12-18 15:00:00,88475.0,88790.0,88135.0,88680.0,233.0
2025-12-18 15:30:00,88810.0,89505.0,88450.0,88635.0,377.0
2025-12-18 16:00:00,88675.0,88675.0,87960.0,88165.0,198.0
2025-12-18 16:30:00,88205.0,88495.0,88015.0,88115.0,182.0
2025-12-18 17:00:00,88090.0,88090.0,85530.0,86000.0,861.0
2025-12-18 17:30:00,85955.0,86665.0,85670.0,86575.0,424.0
2025-12-18 18:00:00,86550.0,86955.0,86350.0,86500.0,175.0
2025-12-18 18:30:00,86565.0,86715.0,85850.0,86025.0,129.0
2025-12-18 19:00:00,86020.0,86120.0,85235.0,85730.0,317.0
2025-12-18 19:30:00,85675.0,85880.0,84570.0,84600.0,362.0
2025-12-18 20:00:00,84525.0,85300.0,84505.0,85030.0,178.0
2025-12-18 20:30:00,85035.0,85200.0,84705.0,84705.0,515.0
2025-12-18 21:00:00,84690.0,85325.0,84690.0,85210.0,152.0
2025-12-19 14:30:00,88155.0,88600.0,87660.0,88275.0,451.0
2025-12-19 15:00:00,88285.0,89510.0,88060.0,88310.0,625.0
2025-12-19 15:30:00,88270.0,88490.0,87805.0,88065.0,252.0
2025-12-19 16:00:00,88030.0,88630.0,87985.0,88545.0,195.0
2025-12-19 16:30:00,88530.0,89000.0,87955.0,88085.0,239.0
2025-12-19 17:00:00,88105.0,88430.0,87670.0,87750.0,157.0
2025-12-19 17:30:00,87835.0,87835.0,86950.0,87065.0,365.0
2025-12-19 18:00:00,87055.0,87530.0,86905.0,87470.0,176.0
2025-12-19 18:30:00,87430.0,87430.0,86970.0,87220.0,67.0
2025-12-19 19:00:00,87195.0,87845.0,87195.0,87725.0,93.0
2025-12-19 19:30:00,87675.0,88135.0,87625.0,87880.0,143.0
2025-12-19 20:00:00,87905.0,88245.0,87640.0,88055.0,152.0
2025-12-19 20:30:00,88070.0,88440.0,87905.0,88115.0,558.0
2025-12-19 21:00:00,88125.0,88130.0,87905.0,87950.0,102.0
2025-12-22 14:30:00,90000.0,90385.0,89465.0,90215.0,310.0
2025-12-22 15:00:00,90185.0,90500.0,89280.0,89690.0,292.0
2025-12-22 15:30:00,89685.0,89950.0,89225.0,89795.0,137.0
2025-12-22 16:00:00,89815.0,90215.0,89750.0,90160.0,135.0
2025-12-22 16:30:00,90140.0,90140.0,89590.0,89615.0,108.0
2025-12-22 17:00:00,89625.0,89640.0,89075.0,89355.0,283.0
2025-12-22 17:30:00,89350.0,89560.0,89230.0,89335.0,184.0
2025-12-22 18:00:00,89315.0,89580.0,89240.0,89500.0,147.0
2025-12-22 18:30:00,89535.0,89540.0,89135.0,89140.0,201.0
2025-12-22 19:00:00,89140.0,89155.0,88510.0,88530.0,360.0
2025-12-22 19:30:00,88505.0,88605.0,87955.0,88040.0,405.0
2025-12-22 20:00:00,88010.0,88260.0,87870.0,88075.0,395.0
2025-12-22 20:30:00,88075.0,88500.0,88030.0,88325.0,536.0
2025-12-22 21:00:00,88355.0,88535.0,88285.0,88335.0,123.0
2025-12-23 14:30:00,87575.0,87735.0,86580.0,86805.0,396.0
2025-12-23 15:00:00,86790.0,87485.0,86695.0,87275.0,306.0
2025-12-23 15:30:00,87305.0,87550.0,87235.0,87430.0,246.0
2025-12-23 16:00:00,87390.0,88145.0,87340.0,87870.0,259.0
2025-12-23 16:30:00,87915.0,88160.0,87660.0,88010.0,121.0
2025-12-23 17:00:00,87985.0,88275.0,87700.0,87700.0,130.0
2025-12-23 17:30:00,87685.0,87840.0,87155.0,87175.0,115.0
2025-12-23 18:00:00,87180.0,87850.0,87145.0,87825.0,121.0
2025-12-23 18:30:00,87815.0,88235.0,87775.0,87940.0,176.0
2025-12-23 19:00:00,87990.0,87995.0,87615.0,87630.0,81.0
2025-12-23 19:30:00,87610.0,87880.0,87600.0,87700.0,90.0
2025-12-23 20:00:00,87705.0,87850.0,87505.0,87735.0,101.0
2025-12-23 20:30:00,87725.0,88330.0,87635.0,87645.0,231.0
2025-12-23 21:00:00,87645.0,87790.0,87475.0,87645.0,80.0
2025-12-24 14:30:00,87580.0,87670.0,86760.0,87280.0,127.0
2025-12-24 15:00:00,87435.0,87520.0,87035.0,87155.0,81.0
2025-12-24 15:30:00,87285.0,87565.0,87285.0,87400.0,74.0
2025-12-24 16:00:00,87420.0,87565.0,87340.0,87375.0,44.0
2025-12-24 16:30:00,87400.0,88055.0,87400.0,87680.0,148.0
2025-12-24 17:00:00,87735.0,87875.0,87670.0,87875.0,43.0
2025-12-24 17:30:00,87895.0,87960.0,87665.0,87760.0,182.0
2025-12-24 18:00:00,87750.0,87985.0,87640.0,87835.0,80.0
2025-12-24 18:30:00,87835.0,87855.0,87830.0,87830.0,6.0
2025-12-26 14:30:00,89450.0,89535.0,87690.0,87710.0,753.0
2025-12-26 15:00:00,87660.0,87660.0,86915.0,87315.0,1279.0
2025-12-26 15:30:00,87290.0,87550.0,87160.0,87425.0,512.0
2025-12-26 16:00:00,87495.0,87690.0,87345.0,87620.0,194.0
2025-12-26 16:30:00,87610.0,87795.0,87175.0,87175.0,248.0
2025-12-26 17:00:00,87245.0,87645.0,87165.0,87645.0,117.0
2025-12-26 17:30:00,87695.0,87835.0,87590.0,87645.0,111.0
2025-12-26 18:00:00,87650.0,87770.0,87565.0,87565.0,48.0
2025-12-26 18:30:00,87575.0,87740.0,87515.0,87645.0,82.0
2025-12-26 19:00:00,87640.0,87785.0,87615.0,87740.0,40.0
2025-12-26 19:30:00,87755.0,87965.0,87755.0,87880.0,46.0
2025-12-26 20:00:00,87870.0,88025.0,87785.0,87995.0,51.0
2025-12-26 20:30:00,88010.0,88200.0,87915.0,87945.0,271.0
2025-12-26 21:00:00,87940.0,88100.0,87895.0,88010.0,61.0
2025-12-29 14:30:00,87920.0,88570.0,87595.0,87655.0,422.0
2025-12-29 15:00:00,87600.0,88225.0,87510.0,88080.0,122.0
2025-12-29 15:30:00,88115.0,88230.0,87905.0,88125.0,41.0
2025-12-29 16:00:00,88025.0,88175.0,87765.0,87765.0,50.0
2025-12-29 16:30:00,87885.0,88140.0,87885.0,88015.0,73.0
2025-12-29 17:00:00,88005.0,88135.0,87730.0,87765.0,68.0
2025-12-29 17:30:00,87760.0,88225.0,87750.0,88225.0,83.0
2025-12-29 18:00:00,88240.0,88360.0,88075.0,88090.0,87.0
2025-12-29 18:30:00,88115.0,88150.0,87725.0,87770.0,103.0
2025-12-29 19:00:00,87830.0,88015.0,87665.0,87830.0,65.0
2025-12-29 19:30:00,87885.0,87935.0,87655.0,87670.0,60.0
2025-12-29 20:00:00,87700.0,87985.0,87605.0,87695.0,123.0
2025-12-29 20:30:00,87705.0,87735.0,87375.0,87515.0,290.0
2025-12-29 21:00:00,87505.0,87700.0,87485.0,87685.0,69.0
2025-12-30 14:30:00,88560.0,89470.0,88265.0,89335.0,521.0
2025-12-30 15:00:00,89290.0,89555.0,88660.0,88920.0,435.0
2025-12-30 15:30:00,88895.0,89650.0,88895.0,89555.0,450.0
2025-12-30 16:00:00,89550.0,89960.0,89285.0,89750.0,696.0
2025-12-30 16:30:00,89790.0,89805.0,89080.0,89215.0,316.0
2025-12-30 17:00:00,89200.0,89365.0,88935.0,89075.0,134.0
2025-12-30 17:30:00,89050.0,89150.0,88610.0,88815.0,238.0
2025-12-30 18:00:00,88800.0,88865.0,88685.0,88810.0,147.0
2025-12-30 18:30:00,88825.0,88930.0,88520.0,88715.0,201.0
2025-12-30 19:00:00,88695.0,88785.0,88365.0,88755.0,237.0
2025-12-30 19:30:00,88775.0,88850.0,88535.0,88650.0,135.0
2025-12-30 20:00:00,88615.0,88635.0,88415.0,88445.0,165.0
2025-12-30 20:30:00,88460.0,88555.0,88210.0,88290.0,464.0
2025-12-30 21:00:00,88300.0,88475.0,88225.0,88390.0,217.0
2025-12-31 14:30:00,89410.0,89410.0,88650.0,88870.0,470.0
2025-12-31 15:00:00,88835.0,88845.0,88220.0,88275.0,597.0
2025-12-31 15:30:00,88255.0,88420.0,88065.0,88220.0,356.0
2025-12-31 16:00:00,88235.0,88295.0,87910.0,88200.0,420.0
2025-12-31 16:30:00,88175.0,88205.0,87600.0,87935.0,332.0
2025-12-31 17:00:00,87865.0,87995.0,87700.0,87840.0,240.0
2025-12-31 17:30:00,87870.0,87915.0,87760.0,87835.0,117.0
2025-12-31 18:00:00,87860.0,88265.0,87785.0,88210.0,113.0
2025-12-31 18:30:00,88195.0,88215.0,87910.0,87910.0,49.0
2025-12-31 19:00:00,87925.0,88135.0,87895.0,87990.0,51.0
2025-12-31 19:30:00,87990.0,87990.0,87765.0,87765.0,54.0
2025-12-31 20:00:00,87780.0,87790.0,87640.0,87690.0,144.0
2025-12-31 20:30:00,87670.0,87940.0,87470.0,87890.0,268.0
2025-12-31 21:00:00,87905.0,88065.0,87880.0,88010.0,136.0
2026-01-02 14:30:00,89270.0,90705.0,88830.0,90050.0,1189.0
2026-01-02 15:00:00,90230.0,90355.0,89190.0,89530.0,412.0
2026-01-02 15:30:00,89485.0,90385.0,89455.0,89885.0,326.0
2026-01-02 16:00:00,89840.0,90685.0,89630.0,90550.0,376.0
2026-01-02 16:30:00,90575.0,91370.0,90355.0,90890.0,944.0
2026-01-02 17:00:00,90900.0,91555.0,90900.0,91150.0,469.0
2026-01-02 17:30:00,91195.0,91275.0,90690.0,90835.0,319.0
2026-01-02 18:00:00,90940.0,91070.0,90705.0,90805.0,202.0
2026-01-02 18:30:00,90780.0,90825.0,89985.0,90180.0,565.0
2026-01-02 19:00:00,90185.0,90575.0,90080.0,90400.0,203.0
2026-01-02 19:30:00,90425.0,90580.0,90270.0,90360.0,150.0
2026-01-02 20:00:00,90305.0,90540.0,90195.0,90360.0,142.0
2026-01-02 20:30:00,90335.0,90405.0,90020.0,90185.0,515.0
2026-01-02 21:00:00,90170.0,90305.0,90170.0,90305.0,50.0
2026-01-05 14:30:00,93205.0,94145.0,92790.0,93940.0,815.0
2026-01-05 15:00:00,93950.0,94275.0,93590.0,93835.0,334.0
2026-01-05 15:30:00,93835.0,94510.0,93760.0,94475.0,462.0
2026-01-05 16:00:00,94490.0,94620.0,94185.0,94365.0,512.0
2026-01-05 16:30:00,94360.0,94455.0,94085.0,94215.0,228.0
2026-01-05 17:00:00,94225.0,94260.0,93695.0,93910.0,298.0
2026-01-05 17:30:00,93960.0,94980.0,93925.0,94895.0,385.0
2026-01-05 18:00:00,94875.0,94950.0,94425.0,94485.0,432.0
2026-01-05 18:30:00,94470.0,95005.0,94355.0,95000.0,366.0
2026-01-05 19:00:00,94945.0,94945.0,94700.0,94885.0,210.0
2026-01-05 19:30:00,94890.0,94980.0,94585.0,94755.0,320.0
2026-01-05 20:00:00,94730.0,95245.0,94620.0,95205.0,391.0
2026-01-05 20:30:00,95185.0,95185.0,94460.0,94615.0,921.0
2026-01-05 21:00:00,94610.0,94675.0,94405.0,94435.0,159.0
2026-01-06 14:30:00,94730.0,94750.0,93870.0,94195.0,484.0
2026-01-06 15:00:00,94150.0,94740.0,94040.0,94525.0,291.0
2026-01-06 15:30:00,94505.0,94550.0,93645.0,93985.0,433.0
2026-01-06 16:00:00,93980.0,94160.0,93110.0,93130.0,493.0
2026-01-06 16:30:00,93140.0,93280.0,92510.0,92985.0,1242.0
2026-01-06 17:00:00,92930.0,93065.0,92645.0,92780.0,417.0
2026-01-06 17:30:00,92820.0,92935.0,91760.0,91810.0,822.0
2026-01-06 18:00:00,91765.0,92395.0,91460.0,92280.0,825.0
2026-01-06 18:30:00,92255.0,92450.0,92080.0,92230.0,254.0
2026-01-06 19:00:00,92205.0,92560.0,92140.0,92480.0,124.0
2026-01-06 19:30:00,92470.0,92575.0,92290.0,92360.0,114.0
2026-01-06 20:00:00,92355.0,92855.0,92355.0,92780.0,177.0
2026-01-06 20:30:00,92775.0,92995.0,92735.0,92795.0,477.0
2026-01-06 21:00:00,92785.0,93275.0,92645.0,93250.0,447.0
2026-01-07 14:30:00,91690.0,92365.0,91535.0,92180.0,413.0
2026-01-07 15:00:00,92210.0,92210.0,91170.0,91390.0,591.0
2026-01-07 15:30:00,91390.0,91740.0,91250.0,91505.0,351.0
2026-01-07 16:00:00,91490.0,92030.0,91460.0,91790.0,318.0
2026-01-07 16:30:00,91830.0,91830.0,91320.0,91440.0,261.0
2026-01-07 17:00:00,91450.0,91890.0,91185.0,91830.0,333.0
2026-01-07 17:30:00,91825.0,91915.0,91380.0,91445.0,169.0
2026-01-07 18:00:00,91425.0,91545.0,91270.0,91490.0,231.0
2026-01-07 18:30:00,91555.0,91655.0,90960.0,91130.0,252.0
2026-01-07 19:00:00,91110.0,91330.0,90880.0,91075.0,231.0
2026-01-07 19:30:00,91100.0,91520.0,91100.0,91395.0,194.0
2026-01-07 20:00:00,91425.0,91540.0,91020.0,91095.0,189.0
2026-01-07 20:30:00,91125.0,91385.0,91110.0,91235.0,375.0
2026-01-07 21:00:00,91245.0,91455.0,91180.0,91410.0,107.0
2026-01-08 14:30:00,89740.0,90305.0,89410.0,90160.0,302.0
2026-01-08 15:00:00,90100.0,90840.0,89935.0,90775.0,424.0
2026-01-08 15:30:00,90785.0,91065.0,90475.0,91010.0,278.0
2026-01-08 16:00:00,91040.0,91155.0,90645.0,90885.0,356.0
2026-01-08 16:30:00,90865.0,91190.0,90505.0,91190.0,277.0
2026-01-08 17:00:00,91210.0,91510.0,91090.0,91090.0,459.0
2026-01-08 17:30:00,91140.0,91700.0,91140.0,91610.0,291.0
2026-01-08 18:00:00,91635.0,91740.0,91350.0,91510.0,167.0
2026-01-08 18:30:00,91515.0,91560.0,91210.0,91335.0,225.0
2026-01-08 19:00:00,91395.0,91555.0,91185.0,91325.0,113.0
2026-01-08 19:30:00,91365.0,91575.0,91030.0,91160.0,147.0
2026-01-08 20:00:00,91160.0,91160.0,90770.0,90790.0,199.0
2026-01-08 20:30:00,90885.0,91165.0,90780.0,91135.0,259.0
2026-01-08 21:00:00,91130.0,91370.0,91100.0,91350.0,84.0
2026-01-09 14:30:00,90750.0,90855.0,90060.0,90205.0,574.0
2026-01-09 15:00:00,90405.0,91950.0,89950.0,91920.0,534.0
2026-01-09 15:30:00,91920.0,92275.0,91035.0,91345.0,826.0
2026-01-09 16:00:00,91520.0,92040.0,91380.0,91555.0,208.0
2026-01-09 16:30:00,91625.0,91930.0,91465.0,91845.0,145.0
2026-01-09 17:00:00,91870.0,91895.0,91160.0,91280.0,167.0
2026-01-09 17:30:00,91315.0,91750.0,91280.0,91580.0,55.0
2026-01-09 18:00:00,91555.0,91720.0,90710.0,90790.0,211.0
2026-01-09 18:30:00,90740.0,91100.0,90480.0,90990.0,314.0
2026-01-09 19:00:00,90920.0,90920.0,90405.0,90425.0,207.0
2026-01-09 19:30:00,90410.0,90745.0,90300.0,90450.0,191.0
2026-01-09 20:00:00,90395.0,90680.0,90340.0,90560.0,139.0
2026-01-09 20:30:00,90590.0,90715.0,90330.0,90415.0,508.0
2026-01-09 21:00:00,90410.0,90520.0,90215.0,90440.0,170.0
2026-01-12 14:30:00,90300.0,91260.0,90230.0,91035.0,481.0
2026-01-12 15:00:00,91040.0,91585.0,90865.0,91525.0,326.0
2026-01-12 15:30:00,91490.0,91880.0,91415.0,91880.0,578.0
2026-01-12 16:00:00,91870.0,92505.0,91845.0,92495.0,696.0
2026-01-12 16:30:00,92505.0,92595.0,92240.0,92400.0,782.0
2026-01-12 17:00:00,92420.0,92580.0,91905.0,91950.0,231.0
2026-01-12 17:30:00,91970.0,91970.0,91260.0,91685.0,371.0
2026-01-12 18:00:00,91695.0,92155.0,91580.0,92150.0,162.0
2026-01-12 18:30:00,92115.0,92130.0,91735.0,91875.0,85.0
2026-01-12 19:00:00,91775.0,92045.0,91605.0,91990.0,69.0
2026-01-12 19:30:00,92060.0,92100.0,91930.0,92085.0,80.0
2026-01-12 20:00:00,92105.0,92260.0,91865.0,91920.0,151.0
2026-01-12 20:30:00,91930.0,91930.0,91570.0,91660.0,403.0
2026-01-12 21:00:00,91660.0,91665.0,91355.0,91620.0,188.0
2026-01-13 14:30:00,92615.0,93200.0,92550.0,92765.0,581.0
2026-01-13 15:00:00,92600.0,92840.0,92305.0,92565.0,324.0
2026-01-13 15:30:00,92665.0,93800.0,92665.0,93800.0,942.0
2026-01-13 16:00:00,93795.0,94065.0,93350.0,93420.0,729.0
2026-01-13 16:30:00,93455.0,94105.0,93455.0,93715.0,347.0
2026-01-13 17:00:00,93760.0,93835.0,93365.0,93715.0,197.0
2026-01-13 17:30:00,93735.0,93745.0,93460.0,93495.0,241.0
2026-01-13 18:00:00,93480.0,94015.0,93440.0,93855.0,160.0
2026-01-13 18:30:00,93840.0,94140.0,93730.0,93860.0,253.0
2026-01-13 19:00:00,93895.0,94100.0,93705.0,94100.0,195.0
2026-01-13 19:30:00,94105.0,94565.0,94040.0,94550.0,314.0
2026-01-13 20:00:00,94550.0,94850.0,94465.0,94665.0,461.0
2026-01-13 20:30:00,94695.0,94815.0,94470.0,94700.0,567.0
2026-01-13 21:00:00,94720.0,94805.0,94660.0,94670.0,120.0
2026-01-14 14:30:00,95925.0,97190.0,95635.0,96805.0,1096.0
2026-01-14 15:00:00,96740.0,97470.0,96540.0,97135.0,778.0
2026-01-14 15:30:00,97130.0,97315.0,96600.0,97085.0,459.0
2026-01-14 16:00:00,97110.0,97860.0,97090.0,97620.0,638.0
2026-01-14 16:30:00,97625.0,98050.0,97360.0,97655.0,363.0
2026-01-14 17:00:00,97645.0,98200.0,97595.0,97965.0,447.0
2026-01-14 17:30:00,97905.0,97905.0,97200.0,97340.0,379.0
2026-01-14 18:00:00,97255.0,97455.0,96905.0,97400.0,321.0
2026-01-14 18:30:00,97370.0,97445.0,96540.0,97115.0,489.0
2026-01-14 19:00:00,97040.0,97885.0,96965.0,97880.0,273.0
2026-01-14 19:30:00,97940.0,97940.0,97415.0,97545.0,192.0
2026-01-14 20:00:00,97580.0,98200.0,97475.0,97630.0,360.0
2026-01-14 20:30:00,97630.0,98075.0,97630.0,97965.0,556.0
2026-01-14 21:00:00,97985.0,97985.0,97765.0,97785.0,72.0
2026-01-15 14:30:00,97035.0,97120.0,95775.0,96265.0,849.0
2026-01-15 15:00:00,96270.0,96650.0,95980.0,96055.0,335.0
2026-01-15 15:30:00,96050.0,96920.0,95595.0,96910.0,744.0
2026-01-15 16:00:00,96895.0,97120.0,96490.0,96620.0,341.0
2026-01-15 16:30:00,96695.0,97125.0,96605.0,97005.0,151.0
2026-01-15 17:00:00,96990.0,97090.0,96660.0,96950.0,105.0
2026-01-15 17:30:00,96975.0,97290.0,96820.0,96845.0,172.0
2026-01-15 18:00:00,96835.0,96860.0,96225.0,96365.0,179.0
2026-01-15 18:30:00,96340.0,96395.0,95945.0,96045.0,224.0
2026-01-15 19:00:00,95990.0,96105.0,95645.0,95665.0,228.0
2026-01-15 19:30:00,95660.0,95840.0,95365.0,95655.0,424.0
2026-01-15 20:00:00,95630.0,95820.0,95315.0,95335.0,291.0
2026-01-15 20:30:00,95365.0,95530.0,95285.0,95415.0,457.0
2026-01-15 21:00:00,95385.0,95615.0,95360.0,95475.0,81.0
2026-01-16 14:30:00,95895.0,96005.0,95305.0,95310.0,355.0
2026-01-16 15:00:00,95305.0,95850.0,94795.0,94820.0,434.0
2026-01-16 15:30:00,94810.0,94950.0,94395.0,94665.0,683.0
2026-01-16 16:00:00,94685.0,95050.0,94570.0,94970.0,261.0
2026-01-16 16:30:00,94965.0,95155.0,94830.0,95000.0,142.0
2026-01-16 17:00:00,94940.0,95015.0,94690.0,94865.0,59.0
2026-01-16 17:30:00,94865.0,95315.0,94865.0,95225.0,98.0
2026-01-16 18:00:00,95250.0,95415.0,95190.0,95370.0,192.0
2026-01-16 18:30:00,95380.0,95395.0,95090.0,95175.0,110.0
2026-01-16 19:00:00,95085.0,95165.0,94935.0,94965.0,82.0
2026-01-16 19:30:00,95035.0,95185.0,95035.0,95110.0,49.0
2026-01-16 20:00:00,95095.0,95270.0,94760.0,95270.0,95.0
2026-01-16 20:30:00,95185.0,95750.0,95185.0,95710.0,350.0
2026-01-16 21:00:00,95695.0,95770.0,95585.0,95590.0,194.0
2026-01-19 14:30:00,92935.0,93020.0,92755.0,92865.0,52.0
2026-01-19 15:00:00,92905.0,93175.0,92905.0,92995.0,77.0
2026-01-19 15:30:00,93025.0,93195.0,93000.0,93180.0,116.0
2026-01-19 16:00:00,93175.0,93270.0,93125.0,93270.0,17.0
2026-01-19 16:30:00,93310.0,93500.0,93250.0,93425.0,35.0
2026-01-19 17:00:00,93420.0,93515.0,93260.0,93405.0,69.0
2026-01-19 17:30:00,93390.0,93390.0,93250.0,93325.0,40.0
2026-01-19 18:00:00,93335.0,93335.0,93080.0,93080.0,28.0
2026-01-19 18:30:00,93045.0,93190.0,92990.0,93085.0,23.0
2026-01-19 19:00:00,93145.0,93215.0,93045.0,93145.0,19.0
2026-01-19 19:30:00,93165.0,93240.0,93145.0,93170.0,14.0
2026-01-19 20:00:00,93220.0,93335.0,93220.0,93310.0,15.0
2026-01-19 20:30:00,93305.0,93305.0,93180.0,93205.0,7.0
2026-01-19 21:00:00,93255.0,93420.0,93170.0,93175.0,22.0
2026-01-20 14:30:00,90955.0,91395.0,90270.0,90505.0,677.0
2026-01-20 15:00:00,90475.0,90700.0,89855.0,90595.0,637.0
2026-01-20 15:30:00,90580.0,90830.0,90335.0,90670.0,255.0
2026-01-20 16:00:00,90715.0,91000.0,90485.0,90615.0,214.0
2026-01-20 16:30:00,90590.0,90660.0,89990.0,90165.0,265.0
2026-01-20 17:00:00,90170.0,90495.0,90045.0,90170.0,181.0
2026-01-20 17:30:00,90165.0,90170.0,89420.0,89700.0,315.0
2026-01-20 18:00:00,89755.0,89950.0,89625.0,89740.0,106.0
2026-01-20 18:30:00,89720.0,89735.0,89375.0,89445.0,195.0
2026-01-20 19:00:00,89465.0,89765.0,89385.0,89465.0,253.0
2026-01-20 19:30:00,89470.0,89750.0,89255.0,89685.0,231.0
2026-01-20 20:00:00,89675.0,89835.0,89360.0,89770.0,230.0
2026-01-20 20:30:00,89780.0,89830.0,89510.0,89685.0,806.0
2026-01-20 21:00:00,89685.0,89830.0,89570.0,89795.0,102.0
2026-01-21 14:30:00,89590.0,90135.0,89380.0,89960.0,741.0
2026-01-21 15:00:00,89775.0,90600.0,89775.0,90095.0,319.0
2026-01-21 15:30:00,90080.0,90430.0,89925.0,90315.0,160.0
2026-01-21 16:00:00,90325.0,90430.0,89310.0,89600.0,202.0
2026-01-21 16:30:00,89545.0,89580.0,87555.0,87555.0,715.0
2026-01-21 17:00:00,87640.0,88070.0,87270.0,87820.0,552.0
2026-01-21 17:30:00,87730.0,88125.0,87480.0,87945.0,184.0
2026-01-21 18:00:00,87960.0,88045.0,87570.0,88020.0,151.0
2026-01-21 18:30:00,88030.0,88650.0,87975.0,88520.0,102.0
2026-01-21 19:00:00,88495.0,89780.0,88300.0,89710.0,447.0
2026-01-21 19:30:00,89705.0,90500.0,89590.0,90380.0,762.0
2026-01-21 20:00:00,90385.0,90415.0,89500.0,89800.0,379.0
2026-01-21 20:30:00,89790.0,90275.0,89665.0,90275.0,411.0
2026-01-21 21:00:00,90275.0,90310.0,90010.0,90175.0,93.0
2026-01-22 14:30:00,89600.0,89745.0,89030.0,89090.0,309.0
2026-01-22 15:00:00,89045.0,89365.0,88600.0,88630.0,313.0
2026-01-22 15:30:00,88640.0,89465.0,88490.0,89045.0,281.0
2026-01-22 16:00:00,89050.0,89235.0,88700.0,89025.0,451.0
2026-01-22 16:30:00,89055.0,89300.0,88760.0,89085.0,228.0
2026-01-22 17:00:00,89070.0,89480.0,89070.0,89180.0,358.0
2026-01-22 17:30:00,89195.0,89675.0,89130.0,89630.0,282.0
2026-01-22 18:00:00,89600.0,89835.0,89405.0,89650.0,281.0
2026-01-22 18:30:00,89670.0,89830.0,89335.0,89385.0,279.0
2026-01-22 19:00:00,89400.0,89640.0,89160.0,89550.0,200.0
2026-01-22 19:30:00,89545.0,89990.0,89545.0,89865.0,237.0
2026-01-22 20:00:00,89840.0,90020.0,89655.0,89660.0,149.0
2026-01-22 20:30:00,89600.0,89745.0,89390.0,89420.0,329.0
2026-01-22 21:00:00,89420.0,89685.0,89410.0,89595.0,104.0
2026-01-23 14:30:00,89690.0,89720.0,88615.0,88965.0,265.0
2026-01-23 15:00:00,89035.0,89310.0,88550.0,89000.0,246.0
2026-01-23 15:30:00,88975.0,89930.0,88915.0,89770.0,422.0
2026-01-23 16:00:00,89790.0,90035.0,89530.0,89595.0,390.0
2026-01-23 16:30:00,89600.0,90575.0,89505.0,90180.0,543.0
2026-01-23 17:00:00,90145.0,91080.0,90015.0,91080.0,420.0
2026-01-23 17:30:00,91045.0,91290.0,90585.0,90630.0,437.0
2026-01-23 18:00:00,90620.0,91080.0,90490.0,90940.0,271.0
2026-01-23 18:30:00,90920.0,91105.0,90515.0,90545.0,259.0
2026-01-23 19:00:00,90560.0,90560.0,89790.0,89875.0,280.0
2026-01-23 19:30:00,89745.0,90000.0,89605.0,90000.0,157.0
2026-01-23 20:00:00,89890.0,90160.0,89805.0,89805.0,133.0
2026-01-23 20:30:00,89735.0,89735.0,89205.0,89500.0,404.0
2026-01-23 21:00:00,89495.0,89730.0,89455.0,89625.0,102.0
2026-01-26 14:30:00,87650.0,88520.0,87400.0,88200.0,481.0
2026-01-26 15:00:00,88175.0,88875.0,88045.0,88510.0,329.0
2026-01-26 15:30:00,88515.0,88515.0,87330.0,87655.0,422.0
2026-01-26 16:00:00,87660.0,87950.0,87195.0,87685.0,356.0
2026-01-26 16:30:00,87695.0,87920.0,87400.0,87620.0,129.0
2026-01-26 17:00:00,87650.0,87770.0,87215.0,87400.0,137.0
2026-01-26 17:30:00,87380.0,87760.0,87040.0,87690.0,209.0
2026-01-26 18:00:00,87695.0,88150.0,87650.0,88115.0,248.0
2026-01-26 18:30:00,88110.0,88455.0,87960.0,88435.0,273.0
2026-01-26 19:00:00,88455.0,88595.0,88125.0,88185.0,245.0
2026-01-26 19:30:00,88145.0,88365.0,87945.0,88015.0,116.0
2026-01-26 20:00:00,87990.0,88140.0,87795.0,87860.0,132.0
2026-01-26 20:30:00,87845.0,87880.0,87520.0,87620.0,369.0
2026-01-26 21:00:00,87600.0,87825.0,87530.0,87825.0,126.0
2026-01-27 14:30:00,88205.0,88235.0,87550.0,87625.0,274.0
2026-01-27 15:00:00,87635.0,88110.0,87470.0,87585.0,235.0
2026-01-27 15:30:00,87545.0,87990.0,87525.0,87965.0,213.0
2026-01-27 16:00:00,87975.0,88620.0,87970.0,88270.0,350.0
2026-01-27 16:30:00,88360.0,88815.0,88350.0,88600.0,333.0
2026-01-27 17:00:00,88560.0,88680.0,87505.0,87820.0,493.0
2026-01-27 17:30:00,87820.0,87935.0,87210.0,87485.0,382.0
2026-01-27 18:00:00,87495.0,87890.0,87395.0,87780.0,264.0
2026-01-27 18:30:00,87835.0,88485.0,87705.0,88265.0,258.0
2026-01-27 19:00:00,88255.0,88340.0,88040.0,88215.0,151.0
2026-01-27 19:30:00,88215.0,88540.0,88160.0,88390.0,125.0
2026-01-27 20:00:00,88385.0,89210.0,88365.0,89160.0,418.0
2026-01-27 20:30:00,89140.0,89495.0,88830.0,89400.0,489.0
2026-01-27 21:00:00,89400.0,89545.0,89215.0,89375.0,166.0
2026-01-28 14:30:00,90310.0,90460.0,89745.0,89935.0,215.0
2026-01-28 15:00:00,89940.0,90165.0,89195.0,89575.0,217.0
2026-01-28 15:30:00,89570.0,89890.0,89515.0,89805.0,54.0
2026-01-28 16:00:00,89820.0,90050.0,89530.0,90050.0,104.0
2026-01-28 16:30:00,90035.0,90095.0,89790.0,89960.0,72.0
2026-01-28 17:00:00,89945.0,90045.0,89855.0,89890.0,116.0
2026-01-28 17:30:00,89860.0,90885.0,89625.0,90495.0,155.0
2026-01-28 18:00:00,90450.0,90450.0,89860.0,90100.0,118.0
2026-01-28 18:30:00,90065.0,90100.0,89610.0,89780.0,131.0
2026-01-28 19:00:00,89760.0,89990.0,89400.0,89735.0,146.0
2026-01-28 19:30:00,89645.0,89875.0,89280.0,89870.0,174.0
2026-01-28 20:00:00,89635.0,90200.0,89635.0,90070.0,111.0
2026-01-28 20:30:00,90070.0,90075.0,89240.0,89375.0,178.0
2026-01-28 21:00:00,89415.0,89510.0,89175.0,89420.0,62.0
2026-01-29 14:30:00,87965.0,88120.0,87120.0,87150.0,374.0
2026-01-29 15:00:00,87145.0,87150.0,85360.0,85595.0,1470.0
2026-01-29 15:30:00,85540.0,85750.0,84465.0,85075.0,665.0
2026-01-29 16:00:00,85055.0,85110.0,84550.0,84580.0,247.0
2026-01-29 16:30:00,84620.0,85460.0,84400.0,85440.0,254.0
2026-01-29 17:00:00,85385.0,85715.0,85160.0,85285.0,284.0
2026-01-29 17:30:00,85175.0,85245.0,84150.0,84365.0,232.0
2026-01-29 18:00:00,84405.0,84735.0,83875.0,84040.0,189.0
2026-01-29 18:30:00,83995.0,84245.0,83605.0,83605.0,205.0
2026-01-29 19:00:00,83575.0,84085.0,83475.0,83905.0,158.0
2026-01-29 19:30:00,83955.0,84395.0,83955.0,84090.0,160.0
2026-01-29 20:00:00,84110.0,84365.0,83980.0,84165.0,157.0
2026-01-29 20:30:00,84160.0,84555.0,83980.0,84410.0,713.0
2026-01-29 21:00:00,84370.0,84655.0,84355.0,84650.0,176.0
2026-01-30 14:30:00,83155.0,84005.0,82960.0,83270.0,465.0
2026-01-30 15:00:00,83285.0,83815.0,82785.0,82790.0,352.0
2026-01-30 15:30:00,82765.0,83575.0,82540.0,83055.0,294.0
2026-01-30 16:00:00,83015.0,83420.0,82725.0,83355.0,289.0
2026-01-30 16:30:00,83335.0,83730.0,83215.0,83290.0,121.0
2026-01-30 17:00:00,83310.0,83700.0,82800.0,83610.0,493.0
2026-01-30 17:30:00,83590.0,83590.0,83020.0,83115.0,112.0
2026-01-30 18:00:00,83105.0,83435.0,82105.0,82600.0,446.0
2026-01-30 18:30:00,82690.0,84390.0,82440.0,84165.0,484.0
2026-01-30 19:00:00,84160.0,84790.0,84160.0,84535.0,332.0
2026-01-30 19:30:00,84510.0,84850.0,84370.0,84445.0,273.0
2026-01-30 20:00:00,84410.0,84410.0,83730.0,84230.0,187.0
2026-01-30 20:30:00,84145.0,84530.0,83730.0,84110.0,683.0
2026-01-30 21:00:00,84140.0,84295.0,83980.0,84295.0,116.0
2026-02-02 14:30:00,78330.0,79260.0,78030.0,78195.0,747.0
2026-02-02 15:00:00,78130.0,79325.0,77840.0,78985.0,824.0
2026-02-02 15:30:00,78765.0,79660.0,78765.0,79205.0,534.0
2026-02-02 16:00:00,79190.0,79640.0,78905.0,79480.0,305.0
2026-02-02 16:30:00,79490.0,79570.0,78860.0,78935.0,314.0
2026-02-02 17:00:00,78905.0,79565.0,78905.0,79265.0,215.0
2026-02-02 17:30:00,79285.0,79565.0,79100.0,79270.0,145.0
2026-02-02 18:00:00,79275.0,79280.0,78615.0,78700.0,195.0
2026-02-02 18:30:00,78715.0,79165.0,78705.0,78875.0,215.0
2026-02-02 19:00:00,78810.0,78975.0,78600.0,78690.0,200.0
2026-02-02 19:30:00,78735.0,78810.0,78525.0,78635.0,242.0
2026-02-02 20:00:00,78575.0,78950.0,78360.0,78645.0,345.0
2026-02-02 20:30:00,78640.0,78685.0,78125.0,78285.0,1034.0
2026-02-02 21:00:00,78270.0,78650.0,78190.0,78550.0,192.0
2026-02-03 14:30:00,78605.0,78620.0,77320.0,77320.0,731.0
2026-02-03 15:00:00,77345.0,78290.0,77210.0,77930.0,499.0
2026-02-03 15:30:00,78020.0,78410.0,77500.0,78330.0,341.0
2026-02-03 16:00:00,78305.0,78335.0,76860.0,76860.0,259.0
2026-02-03 16:30:00,76900.0,77065.0,76635.0,76635.0,278.0
2026-02-03 17:00:00,76665.0,76705.0,75830.0,76110.0,600.0
2026-02-03 17:30:00,76010.0,76105.0,74970.0,75035.0,593.0
2026-02-03 18:00:00,75050.0,75405.0,74105.0,74290.0,874.0
2026-02-03 18:30:00,74300.0,74435.0,73265.0,73265.0,504.0
2026-02-03 19:00:00,73255.0,75435.0,73085.0,75070.0,572.0
2026-02-03 19:30:00,75100.0,75425.0,74475.0,75140.0,554.0
2026-02-03 20:00:00,75145.0,76030.0,74730.0,75860.0,246.0
2026-02-03 20:30:00,75875.0,76910.0,75870.0,76630.0,869.0
2026-02-03 21:00:00,76615.0,77115.0,76590.0,77040.0,129.0
2026-02-04 14:30:00,75425.0,75895.0,74385.0,74470.0,564.0
2026-02-04 15:00:00,74450.0,75485.0,73965.0,75045.0,603.0
2026-02-04 15:30:00,75035.0,75070.0,73920.0,74220.0,530.0
2026-02-04 16:00:00,74225.0,74350.0,73465.0,74310.0,613.0
2026-02-04 16:30:00,74235.0,74330.0,73165.0,73745.0,606.0
2026-02-04 17:00:00,73680.0,73920.0,72515.0,72565.0,679.0
2026-02-04 17:30:00,72495.0,72970.0,72170.0,72645.0,587.0
2026-02-04 18:00:00,72595.0,73670.0,72310.0,73570.0,825.0
2026-02-04 18:30:00,73520.0,74175.0,73320.0,73505.0,705.0
2026-02-04 19:00:00,73530.0,73925.0,73170.0,73250.0,194.0
2026-02-04 19:30:00,73250.0,74125.0,73145.0,74020.0,440.0
2026-02-04 20:00:00,74030.0,74225.0,73535.0,73675.0,288.0
2026-02-04 20:30:00,73660.0,73785.0,73475.0,73510.0,358.0
2026-02-04 21:00:00,73505.0,73710.0,73345.0,73570.0,89.0
2026-02-05 14:30:00,70200.0,70985.0,69385.0,69505.0,1013.0
2026-02-05 15:00:00,69475.0,69750.0,66880.0,66965.0,1592.0
2026-02-05 15:30:00,66930.0,68405.0,66820.0,67555.0,995.0
2026-02-05 16:00:00,67605.0,68340.0,67040.0,68230.0,755.0
2026-02-05 16:30:00,68305.0,68770.0,67640.0,68410.0,622.0
2026-02-05 17:00:00,68395.0,68445.0,66435.0,67465.0,941.0
2026-02-05 17:30:00,67455.0,67595.0,66185.0,66245.0,689.0
2026-02-05 18:00:00,66245.0,66600.0,65520.0,65890.0,650.0
2026-02-05 18:30:00,65875.0,66575.0,65435.0,66460.0,620.0
2026-02-05 19:00:00,66455.0,66725.0,65725.0,65970.0,454.0
2026-02-05 19:30:00,65990.0,66275.0,65255.0,65365.0,661.0
2026-02-05 20:00:00,65330.0,65855.0,63525.0,63970.0,1536.0
2026-02-05 20:30:00,63960.0,64215.0,62480.0,63900.0,2470.0
2026-02-05 21:00:00,63920.0,64810.0,63540.0,63595.0,692.0
2026-02-06 14:30:00,67270.0,68870.0,67230.0,68380.0,1298.0
2026-02-06 15:00:00,68370.0,68840.0,67985.0,68405.0,1145.0
2026-02-06 15:30:00,68380.0,69400.0,68280.0,68830.0,698.0
2026-02-06 16:00:00,68830.0,70040.0,68650.0,69695.0,818.0
2026-02-06 16:30:00,69620.0,70445.0,69600.0,70110.0,808.0
2026-02-06 17:00:00,70090.0,71240.0,69720.0,71150.0,753.0
2026-02-06 17:30:00,71150.0,71690.0,70780.0,70960.0,606.0
2026-02-06 18:00:00,70975.0,71020.0,69525.0,69770.0,717.0
2026-02-06 18:30:00,69760.0,70490.0,69600.0,69995.0,365.0
2026-02-06 19:00:00,69995.0,70680.0,69840.0,70450.0,333.0
2026-02-06 19:30:00,70425.0,71100.0,70360.0,70880.0,275.0
2026-02-06 20:00:00,70825.0,71055.0,70405.0,70780.0,339.0
2026-02-06 20:30:00,70740.0,71175.0,70125.0,70175.0,1635.0
2026-02-06 21:00:00,70175.0,70390.0,70065.0,70190.0,210.0
2026-02-09 14:30:00,69130.0,69840.0,68590.0,69430.0,601.0
2026-02-09 15:00:00,69430.0,70015.0,68930.0,69055.0,491.0
2026-02-09 15:30:00,69070.0,69770.0,69005.0,69690.0,251.0
2026-02-09 16:00:00,69700.0,69865.0,69235.0,69755.0,272.0
2026-02-09 16:30:00,69770.0,70575.0,69540.0,70255.0,304.0
2026-02-09 17:00:00,70235.0,70465.0,70020.0,70160.0,265.0
2026-02-09 17:30:00,70195.0,71140.0,70175.0,70795.0,386.0
2026-02-09 18:00:00,70730.0,71180.0,70210.0,70410.0,294.0
2026-02-09 18:30:00,70455.0,70660.0,70275.0,70585.0,134.0
2026-02-09 19:00:00,70580.0,70875.0,70455.0,70775.0,160.0
2026-02-09 19:30:00,70815.0,71265.0,70815.0,71090.0,232.0
2026-02-09 20:00:00,71080.0,71315.0,70685.0,70725.0,206.0
2026-02-09 20:30:00,70725.0,71055.0,70700.0,70900.0,385.0
2026-02-09 21:00:00,70920.0,70975.0,70620.0,70670.0,43.0
2026-02-10 14:30:00,69270.0,69520.0,68000.0,68600.0,596.0
2026-02-10 15:00:00,68555.0,69450.0,68390.0,69355.0,364.0
2026-02-10 15:30:00,69345.0,69635.0,69225.0,69405.0,320.0
2026-02-10 16:00:00,69345.0,69950.0,69065.0,69545.0,326.0
2026-02-10 16:30:00,69460.0,69790.0,69415.0,69625.0,198.0
2026-02-10 17:00:00,69645.0,69950.0,69455.0,69820.0,211.0
2026-02-10 17:30:00,69790.0,70135.0,69790.0,70060.0,113.0
2026-02-10 18:00:00,70070.0,70085.0,69050.0,69055.0,162.0
2026-02-10 18:30:00,69100.0,69245.0,68805.0,69080.0,168.0
2026-02-10 19:00:00,69060.0,69125.0,68890.0,69090.0,125.0
2026-02-10 19:30:00,69080.0,69465.0,69050.0,69195.0,152.0
2026-02-10 20:00:00,69220.0,69290.0,68855.0,69010.0,118.0
2026-02-10 20:30:00,68965.0,69130.0,68780.0,68925.0,517.0
2026-02-10 21:00:00,68920.0,69130.0,68880.0,68965.0,57.0
2026-02-11 14:30:00,68175.0,68365.0,66490.0,66670.0,709.0
2026-02-11 15:00:00,66655.0,66860.0,65825.0,66300.0,684.0
2026-02-11 15:30:00,66245.0,66910.0,66150.0,66665.0,443.0
2026-02-11 16:00:00,66635.0,67350.0,66535.0,66740.0,230.0
2026-02-11 16:30:00,66665.0,66800.0,66045.0,66100.0,207.0
2026-02-11 17:00:00,66095.0,66845.0,65960.0,66735.0,192.0
2026-02-11 17:30:00,66750.0,67005.0,66600.0,66655.0,288.0
2026-02-11 18:00:00,66665.0,67220.0,66235.0,67045.0,217.0
2026-02-11 18:30:00,67070.0,67430.0,66930.0,67395.0,178.0
2026-02-11 19:00:00,67380.0,67850.0,67255.0,67555.0,205.0
2026-02-11 19:30:00,67545.0,67980.0,67410.0,67715.0,131.0
2026-02-11 20:00:00,67710.0,67885.0,67335.0,67335.0,210.0
2026-02-11 20:30:00,67300.0,67785.0,67285.0,67665.0,376.0
2026-02-11 21:00:00,67665.0,67900.0,67545.0,67800.0,76.0
2026-02-12 14:30:00,68050.0,68290.0,67550.0,67660.0,406.0
2026-02-12 15:00:00,67655.0,68020.0,67085.0,67950.0,473.0
2026-02-12 15:30:00,67925.0,68115.0,67125.0,67210.0,303.0
2026-02-12 16:00:00,67190.0,67305.0,66000.0,66080.0,1067.0
2026-02-12 16:30:00,66070.0,66605.0,65620.0,65840.0,754.0
2026-02-12 17:00:00,65890.0,66335.0,65575.0,66175.0,372.0
2026-02-12 17:30:00,66145.0,66240.0,65395.0,65405.0,464.0
2026-02-12 18:00:00,65425.0,65845.0,65270.0,65390.0,393.0
2026-02-12 18:30:00,65350.0,65770.0,65200.0,65640.0,275.0
2026-02-12 19:00:00,65700.0,66010.0,65330.0,65780.0,219.0
2026-02-12 19:30:00,65805.0,66220.0,65805.0,65875.0,242.0
2026-02-12 20:00:00,65890.0,66105.0,65540.0,65540.0,181.0
2026-02-12 20:30:00,65505.0,65750.0,65255.0,65490.0,489.0
2026-02-12 21:00:00,65490.0,65695.0,65490.0,65660.0,59.0
2026-02-13 14:30:00,67430.0,68140.0,66930.0,67840.0,958.0
2026-02-13 15:00:00,67880.0,69035.0,67810.0,69025.0,675.0
2026-02-13 15:30:00,69045.0,69425.0,68490.0,68775.0,712.0
2026-02-13 16:00:00,68775.0,69285.0,68665.0,69190.0,685.0
2026-02-13 16:30:00,69175.0,69580.0,69000.0,69050.0,252.0
2026-02-13 17:00:00,69070.0,69210.0,68750.0,69155.0,255.0
2026-02-13 17:30:00,69080.0,69390.0,69080.0,69185.0,211.0
2026-02-13 18:00:00,69170.0,69340.0,69035.0,69175.0,145.0
2026-02-13 18:30:00,69180.0,69540.0,69110.0,69255.0,167.0
2026-02-13 19:00:00,69285.0,69375.0,69090.0,69130.0,95.0
2026-02-13 19:30:00,69075.0,69235.0,69015.0,69020.0,165.0
2026-02-13 20:00:00,69045.0,69085.0,68810.0,68900.0,215.0
2026-02-13 20:30:00,68910.0,69060.0,68775.0,68855.0,669.0
2026-02-13 21:00:00,68865.0,69135.0,68840.0,69130.0,92.0
2026-02-17 14:30:00,68090.0,68310.0,66730.0,66850.0,771.0
2026-02-17 15:00:00,66865.0,67255.0,66750.0,66765.0,371.0
2026-02-17 15:30:00,66910.0,67470.0,66635.0,67425.0,409.0
2026-02-17 16:00:00,67460.0,68040.0,67365.0,67575.0,519.0
2026-02-17 16:30:00,67560.0,68205.0,67490.0,67585.0,276.0
2026-02-17 17:00:00,67565.0,67790.0,67150.0,67535.0,168.0
2026-02-17 17:30:00,67550.0,67560.0,66925.0,67315.0,238.0
2026-02-17 18:00:00,67300.0,67875.0,67180.0,67820.0,223.0
2026-02-17 18:30:00,67835.0,68290.0,67770.0,68170.0,337.0
2026-02-17 19:00:00,68180.0,68290.0,67920.0,67925.0,231.0
2026-02-17 19:30:00,67945.0,68115.0,67825.0,67870.0,127.0
2026-02-17 20:00:00,67855.0,67925.0,67550.0,67820.0,213.0
2026-02-17 20:30:00,67825.0,68005.0,67625.0,67820.0,283.0
2026-02-17 21:00:00,67815.0,67965.0,67750.0,67965.0,103.0
2026-02-18 14:30:00,67120.0,67410.0,66725.0,67260.0,514.0
2026-02-18 15:00:00,67280.0,67635.0,67280.0,67400.0,273.0
2026-02-18 15:30:00,67410.0,68465.0,67380.0,67770.0,644.0
2026-02-18 16:00:00,67760.0,67775.0,67025.0,67325.0,640.0
2026-02-18 16:30:00,67305.0,67400.0,67115.0,67215.0,100.0
2026-02-18 17:00:00,67225.0,67585.0,67115.0,67220.0,184.0
2026-02-18 17:30:00,67220.0,67315.0,67135.0,67270.0,185.0
2026-02-18 18:00:00,67280.0,67315.0,66720.0,66945.0,212.0
2026-02-18 18:30:00,66940.0,67005.0,66245.0,66415.0,314.0
2026-02-18 19:00:00,66395.0,66665.0,66155.0,66300.0,230.0
2026-02-18 19:30:00,66320.0,66440.0,65895.0,66250.0,297.0
2026-02-18 20:00:00,66235.0,66450.0,66210.0,66410.0,127.0
2026-02-18 20:30:00,66360.0,66615.0,66265.0,66330.0,439.0
2026-02-18 21:00:00,66325.0,66395.0,66150.0,66265.0,81.0
2026-02-19 14:30:00,66005.0,66750.0,65680.0,66445.0,671.0
2026-02-19 15:00:00,66460.0,66860.0,66010.0,66125.0,361.0
2026-02-19 15:30:00,66140.0,66695.0,66095.0,66485.0,262.0
2026-02-19 16:00:00,66420.0,66470.0,65915.0,66245.0,151.0
2026-02-19 16:30:00,66265.0,66595.0,66265.0,66405.0,122.0
2026-02-19 17:00:00,66410.0,67155.0,66345.0,66720.0,505.0
2026-02-19 17:30:00,66700.0,66800.0,66210.0,66400.0,261.0
2026-02-19 18:00:00,66415.0,67010.0,66300.0,67005.0,276.0
2026-02-19 18:30:00,66980.0,67160.0,66790.0,67125.0,258.0
2026-02-19 19:00:00,67110.0,67305.0,66950.0,66980.0,201.0
2026-02-19 19:30:00,67030.0,67205.0,66785.0,67105.0,123.0
2026-02-19 20:00:00,67145.0,67240.0,66950.0,67050.0,104.0
2026-02-19 20:30:00,67100.0,67285.0,66985.0,67215.0,346.0
2026-02-19 21:00:00,67230.0,67270.0,67130.0,67165.0,72.0
2026-02-20 14:30:00,67070.0,67415.0,66960.0,67160.0,248.0
2026-02-20 15:00:00,67190.0,68180.0,66630.0,67470.0,499.0
2026-02-20 15:30:00,67570.0,67770.0,67050.0,67680.0,278.0
2026-02-20 16:00:00,67705.0,67990.0,67435.0,67440.0,339.0
2026-02-20 16:30:00,67400.0,67990.0,67390.0,67935.0,172.0
2026-02-20 17:00:00,67870.0,67875.0,67085.0,67110.0,294.0
2026-02-20 17:30:00,67080.0,67760.0,67030.0,67725.0,446.0
2026-02-20 18:00:00,67750.0,67870.0,67555.0,67810.0,161.0
2026-02-20 18:30:00,67660.0,68120.0,67645.0,68060.0,379.0
2026-02-20 19:00:00,68100.0,68140.0,67660.0,67725.0,117.0
2026-02-20 19:30:00,67755.0,67945.0,67660.0,67730.0,97.0
2026-02-20 20:00:00,67815.0,67940.0,67685.0,67685.0,96.0
2026-02-20 20:30:00,67695.0,67885.0,67695.0,67825.0,173.0
2026-02-20 21:00:00,67840.0,67905.0,67740.0,67795.0,74.0
2026-02-23 14:30:00,66135.0,66280.0,65575.0,65990.0,665.0
2026-02-23 15:00:00,66010.0,66295.0,65760.0,65840.0,406.0
2026-02-23 15:30:00,65855.0,66000.0,65605.0,65700.0,326.0
2026-02-23 16:00:00,65680.0,65720.0,65205.0,65675.0,588.0
2026-02-23 16:30:00,65690.0,65760.0,65360.0,65385.0,183.0
2026-02-23 17:00:00,65450.0,65495.0,64585.0,64585.0,424.0
2026-02-23 17:30:00,64595.0,64800.0,64190.0,64780.0,574.0
2026-02-23 18:00:00,64785.0,64960.0,64630.0,64840.0,217.0
2026-02-23 18:30:00,64870.0,65220.0,64625.0,64675.0,207.0
2026-02-23 19:00:00,64685.0,64890.0,64400.0,64510.0,260.0
2026-02-23 19:30:00,64485.0,64610.0,64050.0,64330.0,310.0
2026-02-23 20:00:00,64320.0,64415.0,63940.0,64050.0,368.0
2026-02-23 20:30:00,64080.0,64540.0,64055.0,64520.0,505.0
2026-02-23 21:00:00,64515.0,64780.0,64500.0,64650.0,273.0
2026-02-24 14:30:00,63040.0,63910.0,62850.0,63530.0,580.0
2026-02-24 15:00:00,63515.0,64065.0,63325.0,64010.0,560.0
2026-02-24 15:30:00,64020.0,64125.0,63730.0,64050.0,381.0
2026-02-24 16:00:00,64055.0,64495.0,63935.0,64020.0,472.0
2026-02-24 16:30:00,64015.0,64430.0,63770.0,64320.0,414.0
2026-02-24 17:00:00,64355.0,64605.0,64205.0,64210.0,304.0
2026-02-24 17:30:00,64255.0,64340.0,64115.0,64320.0,105.0
2026-02-24 18:00:00,64290.0,64480.0,64005.0,64365.0,194.0
2026-02-24 18:30:00,64380.0,64585.0,64370.0,64490.0,94.0
2026-02-24 19:00:00,64500.0,64800.0,64300.0,64430.0,137.0
2026-02-24 19:30:00,64380.0,64575.0,64380.0,64510.0,98.0
2026-02-24 20:00:00,64525.0,64590.0,64380.0,64540.0,92.0
2026-02-24 20:30:00,64530.0,64665.0,64470.0,64540.0,248.0
2026-02-24 21:00:00,64525.0,64535.0,64220.0,64330.0,73.0
2026-02-25 14:30:00,66875.0,67400.0,66500.0,67305.0,434.0
2026-02-25 15:00:00,67320.0,67585.0,67075.0,67390.0,219.0
2026-02-25 15:30:00,67400.0,67940.0,67335.0,67795.0,516.0
2026-02-25 16:00:00,67805.0,68455.0,67790.0,68275.0,289.0
2026-02-25 16:30:00,68245.0,68675.0,68185.0,68650.0,285.0
2026-02-25 17:00:00,68645.0,69095.0,68435.0,68920.0,341.0
2026-02-25 17:30:00,68960.0,69260.0,68800.0,69000.0,243.0
2026-02-25 18:00:00,69055.0,69815.0,68765.0,69730.0,338.0
2026-02-25 18:30:00,69720.0,69890.0,69565.0,69715.0,174.0
2026-02-25 19:00:00,69765.0,69770.0,69185.0,69340.0,193.0
2026-02-25 19:30:00,69365.0,69465.0,69155.0,69370.0,137.0
2026-02-25 20:00:00,69410.0,69485.0,68995.0,69175.0,191.0
2026-02-25 20:30:00,69190.0,69710.0,69140.0,69480.0,476.0
2026-02-25 21:00:00,69505.0,69585.0,69305.0,69335.0,70.0
2026-02-26 14:30:00,68410.0,68585.0,67590.0,68020.0,603.0
2026-02-26 15:00:00,68010.0,68065.0,67145.0,67275.0,528.0
2026-02-26 15:30:00,67245.0,67935.0,67050.0,67710.0,454.0
2026-02-26 16:00:00,67715.0,67865.0,67375.0,67780.0,146.0
2026-02-26 16:30:00,67750.0,67750.0,66805.0,66945.0,380.0
2026-02-26 17:00:00,66910.0,67350.0,66910.0,67275.0,212.0
2026-02-26 17:30:00,67280.0,67315.0,66965.0,67165.0,93.0
2026-02-26 18:00:00,67130.0,67360.0,66890.0,67150.0,136.0
2026-02-26 18:30:00,67160.0,67690.0,67115.0,67650.0,240.0
2026-02-26 19:00:00,67660.0,68175.0,67640.0,67865.0,352.0
2026-02-26 19:30:00,67870.0,68050.0,67760.0,67910.0,164.0
2026-02-26 20:00:00,67980.0,68150.0,67880.0,67880.0,122.0
2026-02-26 20:30:00,67880.0,67880.0,67640.0,67800.0,261.0
2026-02-26 21:00:00,67800.0,67820.0,67475.0,67630.0,118.0
2026-02-27 14:30:00,66380.0,66610.0,65985.0,66175.0,307.0
2026-02-27 15:00:00,66175.0,66550.0,66130.0,66385.0,332.0
2026-02-27 15:30:00,66390.0,66610.0,66180.0,66405.0,280.0
2026-02-27 16:00:00,66410.0,66420.0,66015.0,66310.0,275.0
2026-02-27 16:30:00,66305.0,66365.0,65735.0,65775.0,249.0
2026-02-27 17:00:00,65790.0,65990.0,65450.0,65485.0,366.0
2026-02-27 17:30:00,65485.0,66015.0,65390.0,66010.0,345.0
2026-02-27 18:00:00,66020.0,66055.0,65680.0,65865.0,166.0
2026-02-27 18:30:00,65910.0,65965.0,65525.0,65615.0,165.0
2026-02-27 19:00:00,65575.0,65735.0,65475.0,65630.0,172.0
2026-02-27 19:30:00,65630.0,65740.0,65540.0,65690.0,102.0
2026-02-27 20:00:00,65700.0,65945.0,65695.0,65880.0,119.0
2026-02-27 20:30:00,65895.0,65960.0,65750.0,65880.0,473.0
2026-02-27 21:00:00,65890.0,66010.0,65800.0,65865.0,105.0
2026-03-02 14:30:00,65835.0,67555.0,65835.0,67555.0,1107.0
2026-03-02 15:00:00,67485.0,69160.0,67265.0,68920.0,1747.0
2026-03-02 15:30:00,68960.0,69985.0,68825.0,69515.0,1180.0
2026-03-02 16:00:00,69520.0,70140.0,69335.0,69715.0,622.0
2026-03-02 16:30:00,69770.0,70445.0,69405.0,69780.0,892.0
2026-03-02 17:00:00,69800.0,69910.0,69515.0,69740.0,410.0
2026-03-02 17:30:00,69745.0,69770.0,69125.0,69515.0,400.0
2026-03-02 18:00:00,69480.0,69520.0,69055.0,69385.0,367.0
2026-03-02 18:30:00,69415.0,69595.0,69115.0,69190.0,524.0
2026-03-02 19:00:00,69205.0,69285.0,68870.0,69125.0,544.0
2026-03-02 19:30:00,69125.0,69355.0,69015.0,69255.0,434.0
2026-03-02 20:00:00,69250.0,69530.0,68855.0,69285.0,502.0
2026-03-02 20:30:00,69280.0,69825.0,69240.0,69400.0,1111.0
2026-03-02 21:00:00,69435.0,69590.0,69295.0,69565.0,241.0
2026-03-03 14:30:00,67290.0,67765.0,66385.0,66840.0,610.0
2026-03-03 15:00:00,66760.0,67245.0,66675.0,67045.0,388.0
2026-03-03 15:30:00,67100.0,68075.0,67070.0,68005.0,530.0
2026-03-03 16:00:00,67995.0,69280.0,67935.0,69105.0,750.0
2026-03-03 16:30:00,69070.0,69070.0,67750.0,68445.0,730.0
2026-03-03 17:00:00,68340.0,68555.0,67900.0,68530.0,346.0
2026-03-03 17:30:00,68500.0,68670.0,68015.0,68595.0,181.0
2026-03-03 18:00:00,68590.0,68890.0,68225.0,68740.0,322.0
2026-03-03 18:30:00,68725.0,69180.0,68725.0,68935.0,260.0
2026-03-03 19:00:00,68905.0,69170.0,68620.0,68895.0,261.0
2026-03-03 19:30:00,68870.0,69060.0,68625.0,68695.0,280.0
2026-03-03 20:00:00,68685.0,68745.0,68410.0,68660.0,174.0
2026-03-03 20:30:00,68615.0,68845.0,68310.0,68530.0,436.0
2026-03-03 21:00:00,68495.0,68500.0,67960.0,68300.0,217.0
2026-03-04 14:30:00,72065.0,72935.0,71585.0,71920.0,1126.0
2026-03-04 15:00:00,71980.0,73355.0,71950.0,73335.0,820.0
2026-03-04 15:30:00,73355.0,73860.0,72915.0,73770.0,702.0
2026-03-04 16:00:00,73780.0,73880.0,72850.0,73270.0,456.0
2026-03-04 16:30:00,73290.0,73800.0,73270.0,73610.0,208.0
2026-03-04 17:00:00,73675.0,74120.0,73305.0,73445.0,332.0
2026-03-04 17:30:00,73455.0,73720.0,73390.0,73535.0,601.0
2026-03-04 18:00:00,73535.0,73755.0,73245.0,73745.0,257.0
2026-03-04 18:30:00,73785.0,74040.0,73500.0,74010.0,348.0
2026-03-04 19:00:00,74020.0,74365.0,73855.0,73860.0,478.0
2026-03-04 19:30:00,73895.0,74180.0,73850.0,73975.0,222.0
2026-03-04 20:00:00,73975.0,74065.0,73615.0,73800.0,269.0
2026-03-04 20:30:00,73790.0,73910.0,73355.0,73360.0,1063.0
2026-03-04 21:00:00,73365.0,73440.0,73175.0,73290.0,248.0
2026-03-05 14:30:00,72800.0,73095.0,72205.0,72905.0,652.0
2026-03-05 15:00:00,72905.0,73030.0,71460.0,71480.0,699.0
2026-03-05 15:30:00,71495.0,71995.0,71380.0,71885.0,417.0
2026-03-05 16:00:00,71890.0,71890.0,71015.0,71210.0,404.0
2026-03-05 16:30:00,71220.0,71835.0,71200.0,71545.0,419.0
2026-03-05 17:00:00,71535.0,71825.0,71100.0,71165.0,318.0
2026-03-05 17:30:00,71135.0,71180.0,70845.0,70895.0,343.0
2026-03-05 18:00:00,70900.0,71280.0,70865.0,71105.0,199.0
2026-03-05 18:30:00,71055.0,71295.0,71010.0,71220.0,142.0
2026-03-05 19:00:00,71205.0,71615.0,71205.0,71295.0,237.0
2026-03-05 19:30:00,71295.0,71360.0,71065.0,71140.0,102.0
2026-03-05 20:00:00,71165.0,71570.0,71050.0,71370.0,183.0
2026-03-05 20:30:00,71350.0,71605.0,71250.0,71465.0,530.0
2026-03-05 21:00:00,71455.0,71615.0,71450.0,71515.0,97.0
2026-03-06 14:30:00,69135.0,69250.0,68315.0,68550.0,530.0
2026-03-06 15:00:00,68560.0,69200.0,68475.0,69045.0,369.0
2026-03-06 15:30:00,69045.0,69290.0,68430.0,68695.0,295.0
2026-03-06 16:00:00,68665.0,68955.0,68395.0,68695.0,213.0
2026-03-06 16:30:00,68680.0,68880.0,68475.0,68580.0,193.0
2026-03-06 17:00:00,68550.0,68765.0,68340.0,68430.0,191.0
2026-03-06 17:30:00,68415.0,68440.0,67860.0,68110.0,332.0
2026-03-06 18:00:00,68100.0,68600.0,68085.0,68430.0,201.0
2026-03-06 18:30:00,68450.0,68640.0,68320.0,68330.0,154.0
2026-03-06 19:00:00,68355.0,68625.0,68290.0,68365.0,143.0
2026-03-06 19:30:00,68355.0,68480.0,68140.0,68280.0,143.0
2026-03-06 20:00:00,68280.0,68400.0,67905.0,67960.0,185.0
2026-03-06 20:30:00,67940.0,68380.0,67915.0,68290.0,809.0
2026-03-06 21:00:00,68285.0,68355.0,68235.0,68290.0,215.0
2026-03-09 13:30:00,68930.0,69515.0,68915.0,69185.0,814.0
2026-03-09 14:00:00,69165.0,69470.0,68905.0,69360.0,392.0
2026-03-09 14:30:00,69375.0,69670.0,69320.0,69390.0,441.0
2026-03-09 15:00:00,69390.0,69450.0,69180.0,69300.0,149.0
2026-03-09 15:30:00,69315.0,69345.0,68940.0,69075.0,240.0
2026-03-09 16:00:00,69100.0,69270.0,68920.0,69155.0,157.0
2026-03-09 16:30:00,69135.0,69425.0,68805.0,69135.0,180.0
2026-03-09 17:00:00,69160.0,69255.0,68805.0,68805.0,81.0
2026-03-09 17:30:00,68760.0,68885.0,68345.0,68770.0,295.0
2026-03-09 18:00:00,68755.0,68795.0,68385.0,68720.0,202.0
2026-03-09 18:30:00,68780.0,68865.0,68475.0,68520.0,122.0
2026-03-09 19:00:00,68550.0,69580.0,68535.0,69580.0,269.0
2026-03-09 19:30:00,69555.0,69750.0,68985.0,69175.0,691.0
2026-03-09 20:00:00,69195.0,69335.0,69065.0,69170.0,145.0
2026-03-10 13:30:00,71065.0,71095.0,69885.0,70075.0,771.0
2026-03-10 14:00:00,70075.0,70295.0,69435.0,69965.0,730.0
2026-03-10 14:30:00,69955.0,71765.0,69955.0,71720.0,904.0
2026-03-10 15:00:00,71695.0,72030.0,71230.0,71620.0,656.0
2026-03-10 15:30:00,71625.0,71855.0,71115.0,71580.0,298.0
2026-03-10 16:00:00,71540.0,71920.0,71150.0,71585.0,270.0
2026-03-10 16:30:00,71610.0,71695.0,71400.0,71515.0,107.0
2026-03-10 17:00:00,71500.0,71680.0,71220.0,71260.0,112.0
2026-03-10 17:30:00,71295.0,71435.0,70725.0,71105.0,354.0
2026-03-10 18:00:00,71080.0,71115.0,70305.0,70550.0,320.0
2026-03-10 18:30:00,70555.0,70620.0,70075.0,70180.0,337.0
2026-03-10 19:00:00,70190.0,70450.0,70045.0,70130.0,257.0
2026-03-10 19:30:00,70125.0,70270.0,69875.0,70195.0,476.0
2026-03-10 20:00:00,70185.0,70450.0,70145.0,70255.0,143.0
2026-03-11 13:30:00,70440.0,71310.0,69980.0,70360.0,555.0
2026-03-11 14:00:00,70365.0,70950.0,70115.0,70875.0,337.0
2026-03-11 14:30:00,70875.0,71220.0,70660.0,70730.0,351.0
2026-03-11 15:00:00,70815.0,70860.0,70170.0,70415.0,173.0
2026-03-11 15:30:00,70275.0,70510.0,69845.0,70430.0,165.0
2026-03-11 16:00:00,70405.0,70800.0,70350.0,70670.0,174.0
2026-03-11 16:30:00,70690.0,71060.0,70690.0,70790.0,267.0
2026-03-11 17:00:00,70795.0,71555.0,70790.0,71485.0,412.0
2026-03-11 17:30:00,71485.0,71560.0,70715.0,71000.0,368.0
2026-03-11 18:00:00,70990.0,71110.0,70860.0,70900.0,167.0
2026-03-11 18:30:00,70935.0,70990.0,70635.0,70840.0,182.0
2026-03-11 19:00:00,70845.0,70855.0,70570.0,70755.0,173.0
2026-03-11 19:30:00,70760.0,70955.0,70675.0,70850.0,283.0
2026-03-11 20:00:00,70840.0,70865.0,70615.0,70620.0,56.0
2026-03-12 13:30:00,70240.0,70660.0,69815.0,70115.0,349.0
2026-03-12 14:00:00,70140.0,70845.0,70085.0,70090.0,337.0
2026-03-12 14:30:00,70080.0,70120.0,69480.0,69730.0,531.0
2026-03-12 15:00:00,69740.0,70645.0,69620.0,70490.0,335.0
2026-03-12 15:30:00,70485.0,70785.0,70315.0,70530.0,427.0
2026-03-12 16:00:00,70535.0,70780.0,70080.0,70255.0,256.0
2026-03-12 16:30:00,70225.0,70725.0,70225.0,70570.0,160.0
2026-03-12 17:00:00,70635.0,70780.0,70365.0,70510.0,190.0
2026-03-12 17:30:00,70550.0,70635.0,70250.0,70435.0,117.0
2026-03-12 18:00:00,70395.0,70510.0,70070.0,70190.0,101.0
2026-03-12 18:30:00,70195.0,70290.0,69950.0,69990.0,86.0
2026-03-12 19:00:00,70010.0,70385.0,69935.0,70385.0,83.0
2026-03-12 19:30:00,70435.0,70720.0,70425.0,70625.0,278.0
2026-03-12 20:00:00,70635.0,70790.0,70625.0,70645.0,54.0
2026-03-13 13:30:00,73290.0,73855.0,72995.0,73680.0,818.0
2026-03-13 14:00:00,73675.0,74200.0,73540.0,74030.0,902.0
2026-03-13 14:30:00,74025.0,74210.0,72540.0,72590.0,1238.0
2026-03-13 15:00:00,72595.0,73070.0,72400.0,72660.0,550.0
2026-03-13 15:30:00,72670.0,72785.0,71880.0,72000.0,1063.0
2026-03-13 16:00:00,72000.0,72105.0,71265.0,71520.0,1087.0
2026-03-13 16:30:00,71515.0,72305.0,71515.0,72075.0,414.0
2026-03-13 17:00:00,72085.0,72450.0,71790.0,71825.0,195.0
2026-03-13 17:30:00,71860.0,71865.0,70940.0,71170.0,550.0
2026-03-13 18:00:00,71165.0,71400.0,71005.0,71360.0,374.0
2026-03-13 18:30:00,71380.0,71500.0,71170.0,71190.0,133.0
2026-03-13 19:00:00,71220.0,71485.0,71135.0,71190.0,188.0
2026-03-13 19:30:00,71230.0,71415.0,71175.0,71335.0,399.0
2026-03-13 20:00:00,71340.0,71555.0,71290.0,71550.0,111.0
2026-03-16 13:30:00,74050.0,74745.0,73990.0,74270.0,766.0
2026-03-16 14:00:00,74305.0,74630.0,73780.0,73790.0,357.0
2026-03-16 14:30:00,73675.0,73720.0,73105.0,73710.0,645.0
2026-03-16 15:00:00,73690.0,74095.0,73490.0,74025.0,196.0
2026-03-16 15:30:00,74060.0,74240.0,73310.0,73410.0,241.0
2026-03-16 16:00:00,73390.0,73620.0,73270.0,73530.0,217.0
2026-03-16 16:30:00,73530.0,74050.0,73445.0,73900.0,240.0
2026-03-16 17:00:00,73915.0,74090.0,73820.0,73825.0,120.0
2026-03-16 17:30:00,73845.0,74175.0,73785.0,74070.0,189.0
2026-03-16 18:00:00,74050.0,74485.0,74035.0,74380.0,238.0
2026-03-16 18:30:00,74425.0,74505.0,73990.0,73990.0,142.0
2026-03-16 19:00:00,74010.0,74550.0,73925.0,74270.0,225.0
2026-03-16 19:30:00,74250.0,74375.0,73960.0,74100.0,511.0
2026-03-16 20:00:00,74120.0,74130.0,73960.0,74005.0,86.0
2026-03-17 13:30:00,73810.0,74250.0,73455.0,73775.0,368.0
2026-03-17 14:00:00,73725.0,74065.0,73555.0,74050.0,142.0
2026-03-17 14:30:00,74070.0,74615.0,74070.0,74575.0,641.0
2026-03-17 15:00:00,74580.0,75105.0,74185.0,74305.0,408.0
2026-03-17 15:30:00,74260.0,74345.0,73820.0,74095.0,212.0
2026-03-17 16:00:00,74100.0,74540.0,74050.0,74400.0,99.0
2026-03-17 16:30:00,74380.0,74440.0,74190.0,74320.0,52.0
2026-03-17 17:00:00,74345.0,74600.0,74230.0,74455.0,91.0
2026-03-17 17:30:00,74470.0,74780.0,74405.0,74715.0,119.0
2026-03-17 18:00:00,74700.0,74845.0,74595.0,74635.0,132.0
2026-03-17 18:30:00,74615.0,74955.0,74615.0,74870.0,100.0
2026-03-17 19:00:00,74895.0,74985.0,74720.0,74825.0,103.0
2026-03-17 19:30:00,74795.0,74955.0,74580.0,74685.0,279.0
2026-03-17 20:00:00,74685.0,74685.0,74540.0,74560.0,76.0
2026-03-18 13:30:00,72570.0,72630.0,72040.0,72205.0,483.0
2026-03-18 14:00:00,72225.0,72300.0,71690.0,71695.0,449.0
2026-03-18 14:30:00,71720.0,71910.0,71205.0,71265.0,644.0
2026-03-18 15:00:00,71300.0,71535.0,70935.0,71370.0,853.0
2026-03-18 15:30:00,71345.0,71590.0,71255.0,71575.0,315.0
2026-03-18 16:00:00,71450.0,71610.0,71155.0,71270.0,244.0
2026-03-18 16:30:00,71265.0,71530.0,71110.0,71390.0,250.0
2026-03-18 17:00:00,71425.0,71595.0,71270.0,71570.0,131.0
2026-03-18 17:30:00,71555.0,71845.0,71445.0,71765.0,230.0
2026-03-18 18:00:00,71810.0,72145.0,71670.0,71775.0,278.0
2026-03-18 18:30:00,71840.0,71945.0,71050.0,71165.0,333.0
2026-03-18 19:00:00,71175.0,71580.0,71175.0,71320.0,207.0
2026-03-18 19:30:00,71370.0,71370.0,71010.0,71115.0,574.0
2026-03-18 20:00:00,71110.0,71145.0,70585.0,70855.0,177.0
2026-03-19 13:30:00,69375.0,70175.0,69290.0,70005.0,332.0
2026-03-19 14:00:00,70020.0,70240.0,69160.0,69195.0,152.0
2026-03-19 14:30:00,69210.0,69650.0,69140.0,69565.0,266.0
2026-03-19 15:00:00,69545.0,70010.0,69265.0,69285.0,262.0
2026-03-19 15:30:00,69285.0,69630.0,68835.0,69535.0,293.0
2026-03-19 16:00:00,69450.0,69630.0,69245.0,69610.0,123.0
2026-03-19 16:30:00,69545.0,69720.0,69295.0,69540.0,97.0
2026-03-19 17:00:00,69535.0,69835.0,69170.0,69755.0,230.0
2026-03-19 17:30:00,69785.0,70050.0,69570.0,69945.0,147.0
2026-03-19 18:00:00,69965.0,70035.0,69735.0,69740.0,107.0
2026-03-19 18:30:00,69775.0,69940.0,69660.0,69930.0,89.0
2026-03-19 19:00:00,69895.0,70705.0,69895.0,70380.0,490.0
2026-03-19 19:30:00,70345.0,70600.0,70180.0,70355.0,472.0
2026-03-19 20:00:00,70330.0,70360.0,70240.0,70270.0,69.0
2026-03-20 13:30:00,70585.0,70605.0,69735.0,69880.0,421.0
2026-03-20 14:00:00,69895.0,70145.0,69620.0,69975.0,445.0
2026-03-20 14:30:00,69990.0,70340.0,69715.0,69850.0,124.0
2026-03-20 15:00:00,69785.0,70000.0,69530.0,69900.0,141.0
2026-03-20 15:30:00,69805.0,70040.0,69800.0,69915.0,96.0
2026-03-20 16:00:00,69925.0,70155.0,69905.0,70080.0,60.0
2026-03-20 16:30:00,69850.0,69970.0,69630.0,69900.0,74.0
2026-03-20 17:00:00,69890.0,70015.0,69660.0,69660.0,59.0
2026-03-20 17:30:00,69705.0,70030.0,69440.0,69950.0,128.0
2026-03-20 18:00:00,70035.0,70065.0,69770.0,69770.0,81.0
2026-03-20 18:30:00,69705.0,69990.0,69560.0,69750.0,132.0
2026-03-20 19:00:00,69880.0,70030.0,69770.0,69915.0,192.0
2026-03-20 19:30:00,69960.0,70270.0,69785.0,70250.0,323.0
2026-03-20 20:00:00,70235.0,70320.0,70155.0,70285.0,110.0
2026-03-23 13:30:00,70835.0,71685.0,70735.0,71580.0,388.0
2026-03-23 14:00:00,71560.0,71860.0,71405.0,71445.0,437.0
2026-03-23 14:30:00,71415.0,71610.0,71165.0,71525.0,181.0
2026-03-23 15:00:00,71555.0,71750.0,70905.0,70930.0,303.0
2026-03-23 15:30:00,70995.0,70995.0,70100.0,70140.0,620.0
2026-03-23 16:00:00,70155.0,70605.0,70140.0,70240.0,293.0
2026-03-23 16:30:00,70225.0,70770.0,70155.0,70600.0,158.0
2026-03-23 17:00:00,70630.0,70800.0,70450.0,70665.0,179.0
2026-03-23 17:30:00,70640.0,71200.0,70640.0,71150.0,107.0
2026-03-23 18:00:00,71155.0,71235.0,70930.0,70930.0,131.0
2026-03-23 18:30:00,70975.0,71260.0,70975.0,71165.0,114.0
2026-03-23 19:00:00,71135.0,71260.0,70900.0,71090.0,76.0
2026-03-23 19:30:00,71120.0,71120.0,70685.0,70720.0,227.0
2026-03-23 20:00:00,70730.0,70815.0,70600.0,70815.0,130.0
2026-03-24 13:30:00,70615.0,70820.0,69925.0,70130.0,360.0
2026-03-24 14:00:00,70105.0,70495.0,69710.0,70005.0,484.0
2026-03-24 14:30:00,70005.0,70145.0,69490.0,69865.0,649.0
2026-03-24 15:00:00,69900.0,70250.0,69880.0,70065.0,241.0
2026-03-24 15:30:00,70055.0,70200.0,69760.0,69880.0,156.0
2026-03-24 16:00:00,69840.0,69990.0,69655.0,69775.0,118.0
2026-03-24 16:30:00,69805.0,69840.0,69350.0,69470.0,369.0
2026-03-24 17:00:00,69485.0,69500.0,69100.0,69175.0,385.0
2026-03-24 17:30:00,69170.0,69315.0,68915.0,69210.0,346.0
2026-03-24 18:00:00,69240.0,69465.0,69180.0,69400.0,159.0
2026-03-24 18:30:00,69410.0,69770.0,69390.0,69465.0,213.0
2026-03-24 19:00:00,69465.0,69725.0,69460.0,69570.0,155.0
2026-03-24 19:30:00,69540.0,69565.0,69275.0,69390.0,395.0
2026-03-24 20:00:00,69380.0,69405.0,69290.0,69400.0,139.0
2026-03-25 13:30:00,71970.0,72280.0,71835.0,71965.0,164.0
2026-03-25 14:00:00,71910.0,71975.0,71600.0,71655.0,159.0
2026-03-25 14:30:00,71705.0,71835.0,71530.0,71530.0,96.0
2026-03-25 15:00:00,71535.0,71575.0,70860.0,71295.0,364.0
2026-03-25 15:30:00,71305.0,71365.0,71075.0,71110.0,96.0
2026-03-25 16:00:00,71105.0,72030.0,70985.0,71810.0,165.0
2026-03-25 16:30:00,71760.0,71890.0,71580.0,71620.0,109.0
2026-03-25 17:00:00,71640.0,71685.0,71240.0,71335.0,116.0
2026-03-25 17:30:00,71330.0,71330.0,70980.0,71030.0,135.0
2026-03-25 18:00:00,71050.0,71425.0,71000.0,71250.0,99.0
2026-03-25 18:30:00,71265.0,71265.0,70975.0,71050.0,96.0
2026-03-25 19:00:00,71055.0,71250.0,71020.0,71210.0,108.0
2026-03-25 19:30:00,71170.0,71340.0,71030.0,71140.0,266.0
2026-03-25 20:00:00,71195.0,71205.0,70915.0,71010.0,47.0
2026-03-26 13:30:00,69575.0,70080.0,69410.0,69890.0,307.0
2026-03-26 14:00:00,69905.0,70080.0,69640.0,69875.0,143.0
2026-03-26 14:30:00,69930.0,70015.0,69455.0,69675.0,180.0
2026-03-26 15:00:00,69725.0,69730.0,68915.0,69195.0,366.0
2026-03-26 15:30:00,69185.0,69405.0,69075.0,69295.0,187.0
2026-03-26 16:00:00,69210.0,69250.0,69025.0,69060.0,182.0
2026-03-26 16:30:00,69045.0,69180.0,69015.0,69100.0,90.0
2026-03-26 17:00:00,69100.0,69240.0,69080.0,69240.0,106.0
2026-03-26 17:30:00,69305.0,69330.0,68550.0,68655.0,214.0
2026-03-26 18:00:00,68710.0,68810.0,68340.0,68375.0,226.0
2026-03-26 18:30:00,68370.0,68680.0,68360.0,68680.0,206.0
2026-03-26 19:00:00,68665.0,68750.0,68550.0,68610.0,129.0
2026-03-26 19:30:00,68635.0,68875.0,68545.0,68740.0,350.0
2026-03-26 20:00:00,68715.0,69550.0,68610.0,69300.0,233.0
2026-03-27 13:30:00,66850.0,66915.0,66170.0,66285.0,473.0
2026-03-27 14:00:00,66290.0,66545.0,65845.0,65845.0,540.0
2026-03-27 14:30:00,65860.0,66445.0,65860.0,66405.0,551.0
2026-03-27 15:00:00,66395.0,66665.0,66115.0,66480.0,297.0
2026-03-27 15:30:00,66485.0,66790.0,66270.0,66285.0,233.0
2026-03-27 16:00:00,66295.0,66305.0,65960.0,66110.0,225.0
2026-03-27 16:30:00,66095.0,66265.0,65980.0,66140.0,168.0
2026-03-27 17:00:00,66145.0,66445.0,66020.0,66020.0,215.0
2026-03-27 17:30:00,66025.0,66100.0,65765.0,65785.0,254.0
2026-03-27 18:00:00,65780.0,66030.0,65710.0,65920.0,266.0
2026-03-27 18:30:00,65915.0,66120.0,65870.0,65995.0,226.0
2026-03-27 19:00:00,65985.0,66100.0,65795.0,66080.0,252.0
2026-03-27 19:30:00,66095.0,66275.0,66010.0,66175.0,790.0
2026-03-27 20:00:00,66185.0,66285.0,66090.0,66135.0,186.0
2026-03-30 13:30:00,68080.0,68265.0,67630.0,67700.0,575.0
2026-03-30 14:00:00,67770.0,67965.0,67435.0,67495.0,226.0
2026-03-30 14:30:00,67485.0,68110.0,67270.0,68030.0,318.0
2026-03-30 15:00:00,68090.0,68110.0,67615.0,67755.0,202.0
2026-03-30 15:30:00,67755.0,68135.0,67675.0,67820.0,137.0
2026-03-30 16:00:00,67845.0,67865.0,67505.0,67575.0,88.0
2026-03-30 16:30:00,67535.0,67690.0,67445.0,67510.0,85.0
2026-03-30 17:00:00,67565.0,67635.0,66815.0,66960.0,328.0
2026-03-30 17:30:00,66950.0,67180.0,66945.0,66990.0,300.0
2026-03-30 18:00:00,67000.0,67085.0,66755.0,66860.0,145.0
2026-03-30 18:30:00,66865.0,66990.0,66695.0,66825.0,140.0
2026-03-30 19:00:00,66805.0,66825.0,66390.0,66445.0,197.0
2026-03-30 19:30:00,66485.0,66740.0,66430.0,66725.0,292.0
2026-03-30 20:00:00,66710.0,66885.0,66665.0,66830.0,62.0
2026-03-31 13:30:00,67010.0,67635.0,66920.0,67565.0,610.0
2026-03-31 14:00:00,67455.0,67990.0,67315.0,67965.0,721.0
2026-03-31 14:30:00,67980.0,67990.0,66615.0,66750.0,601.0
2026-03-31 15:00:00,66805.0,67485.0,66770.0,67170.0,223.0
2026-03-31 15:30:00,67145.0,67360.0,66845.0,66865.0,147.0
2026-03-31 16:00:00,66935.0,67405.0,66935.0,67270.0,110.0
2026-03-31 16:30:00,67250.0,68265.0,67160.0,67840.0,544.0
2026-03-31 17:00:00,67925.0,68805.0,67760.0,68240.0,691.0
2026-03-31 17:30:00,68205.0,68320.0,67595.0,67680.0,288.0
2026-03-31 18:00:00,67720.0,68130.0,67720.0,67945.0,139.0
2026-03-31 18:30:00,68010.0,68115.0,67865.0,67980.0,121.0
2026-03-31 19:00:00,68070.0,68210.0,68005.0,68045.0,144.0
2026-03-31 19:30:00,68055.0,68160.0,67875.0,67995.0,409.0
2026-03-31 20:00:00,68030.0,68430.0,68015.0,68350.0,68.0
2026-04-01 13:30:00,68765.0,68880.0,68115.0,68355.0,312.0
2026-04-01 14:00:00,68300.0,68770.0,68270.0,68770.0,150.0
2026-04-01 14:30:00,68740.0,68870.0,68455.0,68810.0,144.0
2026-04-01 15:00:00,68850.0,69110.0,68665.0,68945.0,146.0
2026-04-01 15:30:00,68985.0,69235.0,68885.0,69160.0,218.0
2026-04-01 16:00:00,69095.0,69150.0,68855.0,69150.0,83.0
2026-04-01 16:30:00,69110.0,69225.0,68945.0,69055.0,93.0
2026-04-01 17:00:00,69070.0,69405.0,68715.0,68765.0,129.0
2026-04-01 17:30:00,68765.0,68775.0,68435.0,68440.0,193.0
2026-04-01 18:00:00,68470.0,68475.0,68135.0,68260.0,402.0
2026-04-01 18:30:00,68240.0,68525.0,68165.0,68195.0,278.0
2026-04-01 19:00:00,68280.0,68430.0,68185.0,68380.0,103.0
2026-04-01 19:30:00,68465.0,68475.0,68215.0,68360.0,385.0
2026-04-01 20:00:00,68345.0,68355.0,68230.0,68305.0,85.0
2026-04-02 13:30:00,66305.0,66455.0,65850.0,66435.0,430.0
2026-04-02 14:00:00,66450.0,66665.0,66320.0,66430.0,526.0
2026-04-02 14:30:00,66450.0,67325.0,66450.0,67090.0,934.0
2026-04-02 15:00:00,67095.0,67185.0,66835.0,67025.0,272.0
2026-04-02 15:30:00,67065.0,67220.0,66930.0,67085.0,182.0
2026-04-02 16:00:00,67055.0,67185.0,66985.0,67120.0,187.0
2026-04-02 16:30:00,67080.0,67545.0,67080.0,67310.0,281.0
2026-04-02 17:00:00,67315.0,67675.0,67085.0,67475.0,267.0
2026-04-02 17:30:00,67485.0,67510.0,66875.0,66880.0,295.0
2026-04-02 18:00:00,66915.0,67060.0,66815.0,66845.0,74.0
2026-04-02 18:30:00,66865.0,67290.0,66865.0,67180.0,91.0
2026-04-02 19:00:00,67210.0,67390.0,67160.0,67245.0,199.0
2026-04-02 19:30:00,67240.0,67275.0,67105.0,67190.0,604.0
2026-04-02 20:00:00,67195.0,67205.0,66970.0,67075.0,73.0
2026-04-06 13:30:00,69680.0,69770.0,69435.0,69620.0,497.0
2026-04-06 14:00:00,69625.0,69885.0,69370.0,69775.0,388.0
2026-04-06 14:30:00,69755.0,70075.0,69525.0,69890.0,372.0
2026-04-06 15:00:00,69865.0,70060.0,69790.0,70000.0,292.0
2026-04-06 15:30:00,70020.0,70260.0,69915.0,70260.0,375.0
2026-04-06 16:00:00,70230.0,70375.0,70135.0,70170.0,220.0
2026-04-06 16:30:00,70180.0,70600.0,70030.0,70090.0,273.0
2026-04-06 17:00:00,70060.0,70080.0,69465.0,69750.0,412.0
2026-04-06 17:30:00,69735.0,69860.0,69645.0,69795.0,106.0
2026-04-06 18:00:00,69790.0,70170.0,69695.0,70170.0,107.0
2026-04-06 18:30:00,70130.0,70185.0,69940.0,70125.0,157.0
2026-04-06 19:00:00,70115.0,70135.0,69805.0,70070.0,162.0
2026-04-06 19:30:00,70060.0,70105.0,69870.0,69945.0,495.0
2026-04-06 20:00:00,69950.0,69990.0,69825.0,69950.0,82.0
2026-04-07 13:30:00,68655.0,68755.0,68340.0,68370.0,290.0
2026-04-07 14:00:00,68380.0,68385.0,67910.0,68300.0,563.0
2026-04-07 14:30:00,68285.0,68365.0,67965.0,67965.0,313.0
2026-04-07 15:00:00,67970.0,68310.0,67835.0,68310.0,410.0
2026-04-07 15:30:00,68310.0,68405.0,68190.0,68265.0,217.0
2026-04-07 16:00:00,68295.0,68615.0,68210.0,68525.0,335.0
2026-04-07 16:30:00,68500.0,68535.0,68360.0,68360.0,72.0
2026-04-07 17:00:00,68370.0,68540.0,68355.0,68535.0,140.0
2026-04-07 17:30:00,68585.0,69215.0,68585.0,68885.0,556.0
2026-04-07 18:00:00,68900.0,68965.0,68745.0,68830.0,114.0
2026-04-07 18:30:00,68820.0,68935.0,68495.0,68610.0,145.0
2026-04-07 19:00:00,68560.0,68985.0,68495.0,68825.0,136.0
2026-04-07 19:30:00,68705.0,69270.0,68625.0,69175.0,398.0
2026-04-07 20:00:00,69195.0,69760.0,69195.0,69640.0,366.0
2026-04-08 13:30:00,72700.0,72800.0,71690.0,71790.0,936.0
2026-04-08 14:00:00,71800.0,71940.0,71460.0,71620.0,586.0
2026-04-08 14:30:00,71690.0,71690.0,70820.0,71080.0,1126.0
2026-04-08 15:00:00,71080.0,71395.0,70955.0,71330.0,423.0
2026-04-08 15:30:00,71305.0,71505.0,71260.0,71480.0,204.0
2026-04-08 16:00:00,71480.0,71665.0,71450.0,71575.0,167.0
2026-04-08 16:30:00,71590.0,71900.0,71440.0,71810.0,276.0
2026-04-08 17:00:00,71815.0,72010.0,71690.0,71835.0,230.0
2026-04-08 17:30:00,71915.0,72170.0,71840.0,72115.0,304.0
2026-04-08 18:00:00,72105.0,72105.0,71480.0,71540.0,157.0
2026-04-08 18:30:00,71620.0,71785.0,71250.0,71250.0,241.0
2026-04-08 19:00:00,71230.0,71445.0,71175.0,71295.0,167.0
2026-04-08 19:30:00,71315.0,71545.0,71290.0,71490.0,457.0
2026-04-08 20:00:00,71480.0,71630.0,71450.0,71595.0,194.0
2026-04-09 13:30:00,71315.0,71360.0,70780.0,70940.0,495.0
2026-04-09 14:00:00,70955.0,71010.0,70650.0,70755.0,306.0
2026-04-09 14:30:00,70770.0,71455.0,70750.0,71340.0,275.0
2026-04-09 15:00:00,71335.0,71815.0,71130.0,71565.0,431.0
2026-04-09 15:30:00,71510.0,72580.0,71500.0,72405.0,942.0
2026-04-09 16:00:00,72395.0,72645.0,72295.0,72310.0,285.0
2026-04-09 16:30:00,72255.0,72330.0,71950.0,72330.0,154.0
2026-04-09 17:00:00,72320.0,72800.0,72300.0,72550.0,263.0
2026-04-09 17:30:00,72520.0,72745.0,72315.0,72545.0,252.0
2026-04-09 18:00:00,72590.0,72590.0,71985.0,72075.0,232.0
2026-04-09 18:30:00,72080.0,72140.0,71915.0,72070.0,176.0
2026-04-09 19:00:00,72010.0,72305.0,71935.0,71995.0,183.0
2026-04-09 19:30:00,71985.0,72480.0,71985.0,72305.0,477.0
2026-04-09 20:00:00,72305.0,72395.0,72225.0,72380.0,114.0
2026-04-10 13:30:00,72510.0,72595.0,72060.0,72535.0,223.0
2026-04-10 14:00:00,72505.0,73330.0,72480.0,73245.0,558.0
2026-04-10 14:30:00,73225.0,73410.0,72950.0,73160.0,649.0
2026-04-10 15:00:00,73205.0,73555.0,73015.0,73015.0,246.0
2026-04-10 15:30:00,73045.0,73065.0,72555.0,72610.0,238.0
2026-04-10 16:00:00,72655.0,72990.0,72585.0,72965.0,215.0
2026-04-10 16:30:00,72980.0,73245.0,72805.0,73245.0,67.0
2026-04-10 17:00:00,73145.0,73265.0,73010.0,73205.0,79.0
2026-04-10 17:30:00,73175.0,73380.0,72985.0,73380.0,104.0
2026-04-10 18:00:00,73360.0,73390.0,73095.0,73200.0,126.0
2026-04-10 18:30:00,73200.0,73350.0,73130.0,73330.0,91.0
2026-04-10 19:00:00,73355.0,73500.0,73225.0,73255.0,137.0
2026-04-10 19:30:00,73235.0,73525.0,73135.0,73475.0,368.0
2026-04-10 20:00:00,73470.0,73555.0,73400.0,73530.0,150.0
2026-04-13 13:30:00,71340.0,71825.0,70940.0,71815.0,577.0
2026-04-13 14:00:00,71825.0,71910.0,71555.0,71800.0,378.0
2026-04-13 14:30:00,71845.0,72605.0,71790.0,72585.0,609.0
2026-04-13 15:00:00,72590.0,72645.0,72040.0,72130.0,247.0
2026-04-13 15:30:00,72005.0,72030.0,71800.0,72015.0,289.0
2026-04-13 16:00:00,72020.0,72445.0,71835.0,72435.0,222.0
2026-04-13 16:30:00,72435.0,72635.0,72245.0,72395.0,306.0
2026-04-13 17:00:00,72400.0,72630.0,72320.0,72630.0,155.0
2026-04-13 17:30:00,72655.0,72770.0,72270.0,72345.0,259.0
2026-04-13 18:00:00,72335.0,72450.0,72235.0,72330.0,89.0
2026-04-13 18:30:00,72360.0,72625.0,72360.0,72620.0,98.0
2026-04-13 19:00:00,72575.0,73070.0,72445.0,73010.0,256.0
2026-04-13 19:30:00,73000.0,73660.0,73000.0,73495.0,672.0
2026-04-13 20:00:00,73485.0,73570.0,73295.0,73300.0,167.0
2026-04-14 13:30:00,74695.0,75810.0,74685.0,75810.0,1048.0
2026-04-14 14:00:00,75805.0,76135.0,75620.0,76105.0,785.0
2026-04-14 14:30:00,76120.0,76320.0,75230.0,75230.0,1010.0
2026-04-14 15:00:00,75235.0,75345.0,74765.0,74995.0,661.0
2026-04-14 15:30:00,74985.0,75625.0,74980.0,75535.0,293.0
2026-04-14 16:00:00,75530.0,75890.0,75410.0,75470.0,313.0
2026-04-14 16:30:00,75390.0,75485.0,74695.0,74815.0,331.0
2026-04-14 17:00:00,74815.0,75105.0,74755.0,74805.0,272.0
2026-04-14 17:30:00,74785.0,74915.0,74405.0,74895.0,448.0
2026-04-14 18:00:00,74925.0,74960.0,74610.0,74680.0,244.0
2026-04-14 18:30:00,74660.0,74715.0,73970.0,74260.0,384.0
2026-04-14 19:00:00,74235.0,74575.0,74045.0,74325.0,225.0
2026-04-14 19:30:00,74345.0,74435.0,74215.0,74420.0,502.0
2026-04-14 20:00:00,74390.0,74610.0,74390.0,74600.0,122.0
2026-04-15 13:30:00,74555.0,74555.0,73940.0,74160.0,307.0
2026-04-15 14:00:00,74185.0,74665.0,73950.0,74595.0,370.0
2026-04-15 14:30:00,74600.0,74625.0,74015.0,74245.0,295.0
2026-04-15 15:00:00,74255.0,74435.0,74065.0,74105.0,210.0
2026-04-15 15:30:00,74130.0,74130.0,73690.0,73970.0,398.0
2026-04-15 16:00:00,73965.0,74305.0,73875.0,74225.0,141.0
2026-04-15 16:30:00,74235.0,74260.0,73935.0,74030.0,97.0
2026-04-15 17:00:00,74075.0,74345.0,74030.0,74260.0,104.0
2026-04-15 17:30:00,74235.0,74315.0,74045.0,74245.0,80.0
2026-04-15 18:00:00,74240.0,74505.0,74235.0,74365.0,166.0
2026-04-15 18:30:00,74345.0,74565.0,74330.0,74530.0,161.0
2026-04-15 19:00:00,74525.0,74885.0,74515.0,74885.0,272.0
2026-04-15 19:30:00,74890.0,75445.0,74890.0,75155.0,569.0
2026-04-15 20:00:00,75160.0,75185.0,74760.0,74830.0,89.0
2026-04-16 13:30:00,75125.0,75150.0,73185.0,73870.0,1139.0
2026-04-16 14:00:00,73850.0,74050.0,73450.0,73875.0,528.0
2026-04-16 14:30:00,73860.0,74295.0,73845.0,74065.0,252.0
2026-04-16 15:00:00,74115.0,74550.0,74015.0,74310.0,222.0
2026-04-16 15:30:00,74325.0,75015.0,74305.0,74860.0,282.0
2026-04-16 16:00:00,74875.0,75080.0,74710.0,74740.0,174.0
2026-04-16 16:30:00,74740.0,74780.0,74180.0,74295.0,116.0
2026-04-16 17:00:00,74265.0,74380.0,73985.0,74315.0,153.0
2026-04-16 17:30:00,74360.0,74550.0,74205.0,74345.0,111.0
2026-04-16 18:00:00,74450.0,74620.0,74360.0,74525.0,69.0
2026-04-16 18:30:00,74525.0,75240.0,74455.0,75155.0,194.0
2026-04-16 19:00:00,75195.0,75215.0,74875.0,75215.0,223.0
2026-04-16 19:30:00,75170.0,75595.0,75135.0,75465.0,460.0
2026-04-16 20:00:00,75485.0,75655.0,75390.0,75600.0,118.0
2026-04-17 13:30:00,76785.0,77620.0,76335.0,77550.0,940.0
2026-04-17 14:00:00,77580.0,77980.0,77220.0,77675.0,619.0
2026-04-17 14:30:00,77700.0,78315.0,77700.0,78090.0,543.0
2026-04-17 15:00:00,78085.0,78235.0,77780.0,77950.0,591.0
2026-04-17 15:30:00,77980.0,78085.0,77620.0,77965.0,362.0
2026-04-17 16:00:00,77970.0,78545.0,77905.0,78415.0,341.0
2026-04-17 16:30:00,78385.0,78510.0,77935.0,78020.0,213.0
2026-04-17 17:00:00,78035.0,78120.0,77265.0,77385.0,541.0
2026-04-17 17:30:00,77410.0,77825.0,77410.0,77710.0,197.0
2026-04-17 18:00:00,77680.0,77730.0,77255.0,77335.0,244.0
2026-04-17 18:30:00,77360.0,77545.0,77230.0,77325.0,188.0
2026-04-17 19:00:00,77320.0,77530.0,77125.0,77400.0,391.0
2026-04-17 19:30:00,77410.0,77650.0,77350.0,77580.0,621.0
2026-04-17 20:00:00,77605.0,77820.0,77535.0,77735.0,184.0
2026-04-20 13:30:00,75310.0,75540.0,74945.0,75380.0,278.0
2026-04-20 14:00:00,75270.0,75835.0,75120.0,75720.0,244.0
2026-04-20 14:30:00,75685.0,75820.0,75050.0,75130.0,258.0
2026-04-20 15:00:00,75155.0,75890.0,74760.0,75890.0,400.0
2026-04-20 15:30:00,75860.0,75860.0,75635.0,75855.0,225.0
2026-04-20 16:00:00,75820.0,75820.0,75415.0,75495.0,151.0
2026-04-20 16:30:00,75490.0,75660.0,75400.0,75450.0,64.0
2026-04-20 17:00:00,75450.0,76020.0,75435.0,75855.0,157.0
2026-04-20 17:30:00,75825.0,76050.0,75695.0,75960.0,157.0
2026-04-20 18:00:00,75990.0,76425.0,75990.0,76225.0,315.0
2026-04-20 18:30:00,76230.0,76565.0,76100.0,76540.0,190.0
2026-04-20 19:00:00,76560.0,76595.0,76280.0,76320.0,185.0
2026-04-20 19:30:00,76295.0,76440.0,76290.0,76405.0,315.0
2026-04-20 20:00:00,76395.0,76460.0,76205.0,76450.0,86.0
2026-04-21 13:30:00,76075.0,76260.0,75820.0,75940.0,209.0
2026-04-21 14:00:00,75980.0,76390.0,75765.0,76165.0,238.0
2026-04-21 14:30:00,76195.0,76670.0,75660.0,75705.0,410.0
2026-04-21 15:00:00,75750.0,76040.0,75480.0,75725.0,335.0
2026-04-21 15:30:00,75745.0,75880.0,75565.0,75855.0,201.0
2026-04-21 16:00:00,75925.0,76085.0,75895.0,75930.0,138.0
2026-04-21 16:30:00,75940.0,76295.0,75830.0,75840.0,145.0
2026-04-21 17:00:00,75845.0,75890.0,75105.0,75340.0,296.0
2026-04-21 17:30:00,75415.0,75985.0,75350.0,75615.0,200.0
2026-04-21 18:00:00,75595.0,75705.0,75420.0,75445.0,113.0
2026-04-21 18:30:00,75565.0,75690.0,75375.0,75640.0,99.0
2026-04-21 19:00:00,75665.0,75980.0,75625.0,75830.0,131.0
2026-04-21 19:30:00,75855.0,75855.0,74860.0,75080.0,507.0
2026-04-21 20:00:00,75065.0,75640.0,75015.0,75580.0,242.0
2026-04-22 13:30:00,79000.0,79385.0,78780.0,79375.0,335.0
2026-04-22 14:00:00,79390.0,79685.0,79220.0,79585.0,450.0
2026-04-22 14:30:00,79570.0,79600.0,79115.0,79555.0,226.0
2026-04-22 15:00:00,79570.0,79625.0,79355.0,79580.0,222.0
2026-04-22 15:30:00,79620.0,79940.0,79550.0,79815.0,300.0
2026-04-22 16:00:00,79825.0,80000.0,79415.0,79500.0,231.0
2026-04-22 16:30:00,79465.0,79545.0,79135.0,79230.0,163.0
2026-04-22 17:00:00,79220.0,79530.0,79200.0,79335.0,142.0
2026-04-22 17:30:00,79350.0,79490.0,79205.0,79390.0,144.0
2026-04-22 18:00:00,79400.0,79500.0,79315.0,79360.0,144.0
2026-04-22 18:30:00,79350.0,79655.0,79345.0,79525.0,169.0
2026-04-22 19:00:00,79545.0,79565.0,79220.0,79515.0,174.0
2026-04-22 19:30:00,79530.0,79570.0,79265.0,79305.0,549.0
2026-04-22 20:00:00,79350.0,79425.0,79200.0,79225.0,152.0
2026-04-23 13:30:00,77990.0,78120.0,77785.0,77930.0,216.0
2026-04-23 14:00:00,77935.0,78425.0,77825.0,78275.0,132.0
2026-04-23 14:30:00,78180.0,78745.0,78180.0,78635.0,252.0
2026-04-23 15:00:00,78655.0,79120.0,78425.0,78895.0,215.0
2026-04-23 15:30:00,78840.0,79085.0,78755.0,78880.0,161.0
2026-04-23 16:00:00,78905.0,78985.0,78740.0,78750.0,70.0
2026-04-23 16:30:00,78710.0,78910.0,78500.0,78520.0,48.0
2026-04-23 17:00:00,78590.0,78665.0,78020.0,78045.0,124.0
2026-04-23 17:30:00,78045.0,78245.0,77335.0,78200.0,387.0
2026-04-23 18:00:00,78185.0,78585.0,78180.0,78330.0,133.0
2026-04-23 18:30:00,78395.0,78575.0,78105.0,78105.0,65.0
2026-04-23 19:00:00,78110.0,78350.0,78035.0,78285.0,58.0
2026-04-23 19:30:00,78300.0,78330.0,78035.0,78200.0,390.0
2026-04-23 20:00:00,78185.0,78395.0,78135.0,78270.0,116.0
2026-04-24 13:30:00,78660.0,78795.0,78355.0,78555.0,444.0
2026-04-24 14:00:00,78560.0,78560.0,78085.0,78110.0,377.0
2026-04-24 14:30:00,78125.0,78495.0,78095.0,78445.0,326.0
2026-04-24 15:00:00,78430.0,78430.0,77975.0,78245.0,243.0
2026-04-24 15:30:00,78280.0,78630.0,78115.0,78525.0,291.0
2026-04-24 16:00:00,78510.0,78510.0,78025.0,78115.0,317.0
2026-04-24 16:30:00,78135.0,78320.0,77990.0,78190.0,212.0
2026-04-24 17:00:00,78155.0,78165.0,77985.0,78115.0,147.0
2026-04-24 17:30:00,78065.0,78225.0,77850.0,78060.0,293.0
2026-04-24 18:00:00,78030.0,78115.0,77690.0,77895.0,214.0
2026-04-24 18:30:00,77890.0,78040.0,77860.0,77960.0,127.0
2026-04-24 19:00:00,78150.0,78150.0,77930.0,77935.0,79.0
2026-04-24 19:30:00,77965.0,78060.0,77895.0,78030.0,334.0
2026-04-24 20:00:00,78025.0,78030.0,77880.0,78005.0,116.0
2026-04-27 13:30:00,78040.0,78350.0,77910.0,78100.0,242.0
2026-04-27 14:00:00,78100.0,78320.0,78035.0,78240.0,158.0
2026-04-27 14:30:00,78245.0,78680.0,78175.0,78200.0,348.0
2026-04-27 15:00:00,78190.0,78205.0,76850.0,77125.0,745.0
2026-04-27 15:30:00,77185.0,77445.0,77040.0,77065.0,408.0
2026-04-27 16:00:00,77090.0,77185.0,76975.0,77050.0,215.0
2026-04-27 16:30:00,77070.0,77145.0,76845.0,76940.0,111.0
2026-04-27 17:00:00,76950.0,77190.0,76940.0,77120.0,186.0
2026-04-27 17:30:00,77135.0,77240.0,77010.0,77045.0,195.0
2026-04-27 18:00:00,77020.0,77170.0,76985.0,77025.0,72.0
2026-04-27 18:30:00,76980.0,77195.0,76980.0,77175.0,72.0
2026-04-27 19:00:00,77155.0,77235.0,76915.0,76915.0,115.0
2026-04-27 19:30:00,76920.0,77250.0,76770.0,77250.0,481.0
2026-04-27 20:00:00,77240.0,77365.0,77150.0,77260.0,146.0
2026-04-28 13:30:00,76510.0,76745.0,76355.0,76550.0,214.0
2026-04-28 14:00:00,76500.0,76535.0,76075.0,76170.0,115.0
2026-04-28 14:30:00,76110.0,76260.0,75935.0,76260.0,326.0
2026-04-28 15:00:00,76255.0,76380.0,76150.0,76330.0,162.0
2026-04-28 15:30:00,76305.0,76395.0,76205.0,76350.0,67.0
2026-04-28 16:00:00,76370.0,76415.0,76255.0,76255.0,49.0
2026-04-28 16:30:00,76280.0,76530.0,76195.0,76430.0,81.0
2026-04-28 17:00:00,76440.0,76530.0,76250.0,76410.0,73.0
2026-04-28 17:30:00,76450.0,76600.0,76420.0,76535.0,84.0
2026-04-28 18:00:00,76510.0,76600.0,76470.0,76575.0,48.0
2026-04-28 18:30:00,76580.0,76595.0,76480.0,76580.0,70.0
2026-04-28 19:00:00,76555.0,76555.0,76390.0,76475.0,35.0
2026-04-28 19:30:00,76485.0,76750.0,76455.0,76640.0,424.0
2026-04-28 20:00:00,76655.0,76805.0,76650.0,76745.0,94.0
2026-04-29 13:30:00,77245.0,77255.0,76740.0,77140.0,600.0
2026-04-29 14:00:00,77070.0,77075.0,76815.0,77030.0,154.0
2026-04-29 14:30:00,77025.0,77150.0,76780.0,76870.0,231.0
2026-04-29 15:00:00,76875.0,76900.0,76350.0,76480.0,543.0
2026-04-29 15:30:00,76505.0,76610.0,75940.0,76185.0,386.0
2026-04-29 16:00:00,76180.0,76385.0,75930.0,76095.0,379.0
2026-04-29 16:30:00,76065.0,76145.0,75920.0,76030.0,166.0
2026-04-29 17:00:00,76075.0,76345.0,76020.0,76135.0,96.0
2026-04-29 17:30:00,76145.0,76455.0,76125.0,76455.0,134.0
2026-04-29 18:00:00,76505.0,76510.0,75130.0,75395.0,524.0
2026-04-29 18:30:00,75300.0,75765.0,75195.0,75760.0,316.0
2026-04-29 19:00:00,75775.0,75850.0,75630.0,75755.0,184.0
2026-04-29 19:30:00,75755.0,75835.0,75505.0,75795.0,397.0
2026-04-29 20:00:00,75810.0,75975.0,75725.0,75725.0,195.0
2026-04-30 13:30:00,76475.0,77030.0,76385.0,76760.0,410.0
2026-04-30 14:00:00,76740.0,76940.0,76445.0,76640.0,234.0
2026-04-30 14:30:00,76665.0,76885.0,76530.0,76620.0,116.0
2026-04-30 15:00:00,76675.0,76835.0,76470.0,76835.0,83.0
2026-04-30 15:30:00,76860.0,76990.0,76680.0,76810.0,108.0
2026-04-30 16:00:00,76770.0,76795.0,76600.0,76650.0,45.0
2026-04-30 16:30:00,76640.0,76730.0,76520.0,76550.0,53.0
2026-04-30 17:00:00,76595.0,76620.0,76395.0,76435.0,88.0
2026-04-30 17:30:00,76470.0,76600.0,76405.0,76575.0,122.0
2026-04-30 18:00:00,76675.0,76760.0,76540.0,76610.0,55.0
2026-04-30 18:30:00,76575.0,76765.0,76535.0,76690.0,88.0
2026-04-30 19:00:00,76655.0,76825.0,76625.0,76795.0,78.0
2026-04-30 19:30:00,76780.0,76850.0,76685.0,76720.0,266.0
2026-04-30 20:00:00,76735.0,76790.0,76665.0,76790.0,60.0
2026-05-01 13:30:00,78735.0,79420.0,78560.0,79185.0,935.0
2026-05-01 14:00:00,79165.0,79370.0,78635.0,78695.0,710.0
2026-05-01 14:30:00,78680.0,78900.0,78500.0,78750.0,256.0
2026-05-01 15:00:00,78775.0,79060.0,78600.0,78990.0,362.0
2026-05-01 15:30:00,79010.0,79185.0,78635.0,78870.0,356.0
2026-05-01 16:00:00,78870.0,79120.0,78585.0,78750.0,320.0
2026-05-01 16:30:00,78770.0,78800.0,78590.0,78655.0,166.0
2026-05-01 17:00:00,78655.0,78780.0,78530.0,78590.0,146.0
2026-05-01 17:30:00,78655.0,79015.0,78580.0,78970.0,271.0
2026-05-01 18:00:00,78975.0,79045.0,78870.0,79030.0,230.0
2026-05-01 18:30:00,79010.0,79015.0,78775.0,78825.0,192.0
2026-05-01 19:00:00,78835.0,78945.0,78740.0,78815.0,211.0
2026-05-01 19:30:00,78795.0,78860.0,78660.0,78745.0,558.0
2026-05-01 20:00:00,78750.0,78800.0,78630.0,78630.0,191.0
2026-05-04 13:30:00,79270.0,79455.0,79015.0,79115.0,260.0
2026-05-04 14:00:00,79095.0,79760.0,78775.0,79610.0,540.0
2026-05-04 14:30:00,79590.0,80980.0,79590.0,80610.0,1281.0
2026-05-04 15:00:00,80620.0,80795.0,79745.0,80110.0,923.0
2026-05-04 15:30:00,80095.0,80510.0,79840.0,80400.0,392.0
2026-05-04 16:00:00,80385.0,80770.0,79940.0,80655.0,430.0
2026-05-04 16:30:00,80610.0,80775.0,80325.0,80410.0,205.0
2026-05-04 17:00:00,80410.0,80920.0,80410.0,80860.0,165.0
2026-05-04 17:30:00,80810.0,81155.0,80640.0,80760.0,278.0
2026-05-04 18:00:00,80780.0,80820.0,80500.0,80585.0,90.0
2026-05-04 18:30:00,80635.0,80665.0,80355.0,80450.0,126.0
2026-05-04 19:00:00,80455.0,80480.0,80220.0,80285.0,125.0
2026-05-04 19:30:00,80260.0,80440.0,80220.0,80370.0,378.0
2026-05-04 20:00:00,80375.0,80455.0,80300.0,80440.0,110.0
2026-05-05 13:30:00,81815.0,82065.0,81535.0,81700.0,418.0
2026-05-05 14:00:00,81615.0,81830.0,81295.0,81810.0,424.0
2026-05-05 14:30:00,81835.0,81890.0,81465.0,81690.0,173.0
2026-05-05 15:00:00,81675.0,82085.0,81600.0,81995.0,330.0
2026-05-05 15:30:00,82035.0,82100.0,81890.0,81890.0,152.0
2026-05-05 16:00:00,81935.0,81985.0,81680.0,81775.0,149.0
2026-05-05 16:30:00,81740.0,81750.0,81360.0,81580.0,271.0
2026-05-05 17:00:00,81610.0,81785.0,81500.0,81740.0,154.0
2026-05-05 17:30:00,81720.0,81720.0,81575.0,81595.0,135.0
2026-05-05 18:00:00,81620.0,81930.0,81620.0,81795.0,105.0
2026-05-05 18:30:00,81755.0,81925.0,81750.0,81860.0,101.0
2026-05-05 19:00:00,81840.0,81930.0,81740.0,81880.0,99.0
2026-05-05 19:30:00,81855.0,82060.0,81850.0,81915.0,500.0
2026-05-05 20:00:00,81935.0,82120.0,81870.0,82100.0,146.0
2026-05-06 13:30:00,82235.0,82400.0,81885.0,81965.0,541.0
2026-05-06 14:00:00,81940.0,82050.0,81395.0,81885.0,785.0
2026-05-06 14:30:00,81880.0,82270.0,81760.0,81795.0,321.0
2026-05-06 15:00:00,81785.0,82085.0,81570.0,81935.0,372.0
2026-05-06 15:30:00,81945.0,82050.0,81760.0,81970.0,216.0
2026-05-06 16:00:00,81970.0,82185.0,81785.0,81800.0,183.0
2026-05-06 16:30:00,81780.0,82055.0,81700.0,81880.0,113.0
2026-05-06 17:00:00,81860.0,81980.0,81685.0,81750.0,131.0
2026-05-06 17:30:00,81750.0,81800.0,81640.0,81700.0,164.0
2026-05-06 18:00:00,81715.0,81830.0,81525.0,81770.0,136.0
2026-05-06 18:30:00,81705.0,81745.0,81525.0,81640.0,152.0
2026-05-06 19:00:00,81595.0,81680.0,81450.0,81560.0,152.0
2026-05-06 19:30:00,81570.0,81790.0,81525.0,81720.0,386.0
2026-05-06 20:00:00,81725.0,81930.0,81715.0,81930.0,96.0
2026-05-07 13:30:00,81200.0,81225.0,80445.0,80730.0,490.0
2026-05-07 14:00:00,80730.0,80925.0,80570.0,80645.0,345.0
2026-05-07 14:30:00,80645.0,80660.0,80230.0,80355.0,539.0
2026-05-07 15:00:00,80355.0,80495.0,79865.0,80030.0,661.0
2026-05-07 15:30:00,80025.0,80260.0,79990.0,80090.0,262.0
2026-05-07 16:00:00,80090.0,80185.0,79910.0,80160.0,254.0
2026-05-07 16:30:00,80170.0,80205.0,79940.0,79975.0,167.0
2026-05-07 17:00:00,79980.0,80150.0,79645.0,79860.0,237.0
2026-05-07 17:30:00,79865.0,80325.0,79840.0,80320.0,153.0
2026-05-07 18:00:00,80335.0,80430.0,80260.0,80365.0,189.0
2026-05-07 18:30:00,80390.0,80525.0,80225.0,80450.0,231.0
2026-05-07 19:00:00,80445.0,80445.0,80125.0,80170.0,197.0
2026-05-07 19:30:00,80200.0,80445.0,80180.0,80390.0,333.0
2026-05-07 20:00:00,80395.0,80630.0,80355.0,80355.0,135.0
2026-05-08 13:30:00,79820.0,80015.0,79710.0,79755.0,328.0
2026-05-08 14:00:00,79835.0,80680.0,79835.0,80285.0,406.0
2026-05-08 14:30:00,80275.0,80525.0,79995.0,80330.0,179.0
2026-05-08 15:00:00,80340.0,80395.0,79785.0,79860.0,192.0
2026-05-08 15:30:00,79890.0,80395.0,79790.0,80350.0,180.0
2026-05-08 16:00:00,80380.0,80405.0,80125.0,80160.0,131.0
2026-05-08 16:30:00,80135.0,80135.0,79905.0,79960.0,79.0
2026-05-08 17:00:00,79955.0,80275.0,79885.0,80230.0,147.0
2026-05-08 17:30:00,80260.0,80510.0,80210.0,80240.0,148.0
2026-05-08 18:00:00,80295.0,80550.0,80295.0,80500.0,177.0
2026-05-08 18:30:00,80455.0,80505.0,80295.0,80295.0,46.0
2026-05-08 19:00:00,80300.0,80365.0,80200.0,80255.0,71.0
2026-05-08 19:30:00,80280.0,80435.0,80255.0,80420.0,286.0
2026-05-08 20:00:00,80425.0,80485.0,80390.0,80460.0,86.0
2026-05-11 13:30:00,81310.0,81390.0,80885.0,81220.0,238.0
2026-05-11 14:00:00,81265.0,81410.0,80835.0,80870.0,211.0
2026-05-11 14:30:00,80860.0,81115.0,80585.0,81075.0,410.0
2026-05-11 15:00:00,81095.0,81620.0,80985.0,81540.0,281.0
2026-05-11 15:30:00,81540.0,81640.0,81370.0,81640.0,162.0
2026-05-11 16:00:00,81635.0,82115.0,81535.0,82025.0,660.0
2026-05-11 16:30:00,82020.0,82145.0,81775.0,81800.0,351.0
2026-05-11 17:00:00,81805.0,81875.0,81595.0,81840.0,96.0
2026-05-11 17:30:00,81830.0,82305.0,81800.0,82180.0,395.0
2026-05-11 18:00:00,82180.0,82330.0,82075.0,82295.0,256.0
2026-05-11 18:30:00,82275.0,82390.0,82065.0,82085.0,237.0
2026-05-11 19:00:00,82095.0,82320.0,81975.0,82115.0,191.0
2026-05-11 19:30:00,82125.0,82340.0,82100.0,82190.0,356.0
2026-05-11 20:00:00,82200.0,82320.0,82110.0,82125.0,179.0
2026-05-12 13:30:00,80810.0,81060.0,80520.0,80620.0,324.0
2026-05-12 14:00:00,80600.0,81010.0,80520.0,80790.0,182.0
2026-05-12 14:30:00,80795.0,81060.0,80565.0,80645.0,320.0
2026-05-12 15:00:00,80605.0,80785.0,80290.0,80350.0,254.0
2026-05-12 15:30:00,80400.0,80600.0,80380.0,80465.0,130.0
2026-05-12 16:00:00,80460.0,80540.0,80320.0,80420.0,210.0
2026-05-12 16:30:00,80410.0,80465.0,79950.0,80135.0,316.0
2026-05-12 17:00:00,80145.0,80590.0,80130.0,80570.0,198.0
2026-05-12 17:30:00,80605.0,80735.0,80555.0,80685.0,120.0
2026-05-12 18:00:00,80685.0,80740.0,80580.0,80635.0,113.0
2026-05-12 18:30:00,80640.0,80940.0,80640.0,80845.0,205.0
2026-05-12 19:00:00,80840.0,81010.0,80835.0,80920.0,168.0
2026-05-12 19:30:00,80895.0,81045.0,80890.0,81025.0,274.0
2026-05-12 20:00:00,81000.0,81075.0,80935.0,80935.0,92.0
2026-05-13 13:30:00,80245.0,80330.0,79655.0,79740.0,1022.0
2026-05-13 14:00:00,79700.0,79975.0,79555.0,79950.0,534.0
2026-05-13 14:30:00,79930.0,79955.0,79735.0,79830.0,290.0
2026-05-13 15:00:00,79835.0,79940.0,79315.0,79355.0,651.0
2026-05-13 15:30:00,79340.0,79410.0,78855.0,78885.0,740.0
2026-05-13 16:00:00,78870.0,79115.0,78815.0,79095.0,547.0
2026-05-13 16:30:00,79090.0,79290.0,79060.0,79170.0,258.0
2026-05-13 17:00:00,79205.0,79445.0,79180.0,79430.0,183.0
2026-05-13 17:30:00,79430.0,79675.0,79400.0,79645.0,155.0
2026-05-13 18:00:00,79625.0,79915.0,79600.0,79860.0,207.0
2026-05-13 18:30:00,79865.0,79930.0,79655.0,79725.0,288.0
2026-05-13 19:00:00,79720.0,79725.0,79510.0,79595.0,187.0
2026-05-13 19:30:00,79635.0,79775.0,79570.0,79760.0,443.0
2026-05-13 20:00:00,79755.0,79865.0,79735.0,79775.0,68.0
2026-05-14 13:30:00,80060.0,80200.0,79795.0,79820.0,335.0
2026-05-14 14:00:00,79790.0,80385.0,79685.0,80290.0,299.0
2026-05-14 14:30:00,80290.0,81210.0,80225.0,81160.0,1049.0
2026-05-14 15:00:00,81170.0,81355.0,81015.0,81205.0,1152.0
2026-05-14 15:30:00,81215.0,81560.0,81010.0,81515.0,597.0
2026-05-14 16:00:00,81520.0,81815.0,81520.0,81770.0,709.0
2026-05-14 16:30:00,81780.0,82150.0,81305.0,82140.0,792.0
2026-05-14 17:00:00,82130.0,82310.0,81520.0,81700.0,959.0
2026-05-14 17:30:00,81715.0,82030.0,81665.0,81895.0,331.0
2026-05-14 18:00:00,81885.0,82210.0,81670.0,82110.0,326.0
2026-05-14 18:30:00,82095.0,82130.0,81635.0,81815.0,438.0
2026-05-14 19:00:00,81825.0,81940.0,81545.0,81555.0,287.0
2026-05-14 19:30:00,81575.0,81695.0,81535.0,81620.0,516.0
2026-05-14 20:00:00,81615.0,81805.0,81615.0,81645.0,133.0
2026-05-15 13:30:00,80110.0,80120.0,78715.0,78785.0,2393.0
2026-05-15 14:00:00,78815.0,79380.0,78675.0,79130.0,837.0
2026-05-15 14:30:00,79145.0,79400.0,79000.0,79235.0,423.0
2026-05-15 15:00:00,79270.0,79445.0,79135.0,79205.0,416.0
2026-05-15 15:30:00,79235.0,79325.0,79070.0,79195.0,246.0
2026-05-15 16:00:00,79245.0,79415.0,79195.0,79385.0,228.0
2026-05-15 16:30:00,79460.0,79470.0,79230.0,79360.0,175.0
2026-05-15 17:00:00,79380.0,79550.0,79310.0,79475.0,161.0
2026-05-15 17:30:00,79490.0,79640.0,79455.0,79540.0,252.0
2026-05-15 18:00:00,79555.0,79655.0,79285.0,79360.0,215.0
2026-05-15 18:30:00,79355.0,79400.0,79230.0,79355.0,196.0
2026-05-15 19:00:00,79355.0,79355.0,79085.0,79190.0,310.0
2026-05-15 19:30:00,79200.0,79260.0,79125.0,79205.0,529.0
2026-05-15 20:00:00,79210.0,79275.0,79125.0,79185.0,201.0
2026-05-18 13:30:00,77295.0,77310.0,76735.0,76975.0,506.0
2026-05-18 14:00:00,76940.0,76960.0,76415.0,76660.0,409.0
2026-05-18 14:30:00,76695.0,76735.0,76210.0,76370.0,488.0
2026-05-18 15:00:00,76375.0,76405.0,76035.0,76040.0,508.0
2026-05-18 15:30:00,76050.0,76460.0,76020.0,76375.0,288.0
2026-05-18 16:00:00,76390.0,76630.0,76200.0,76265.0,242.0
2026-05-18 16:30:00,76250.0,76530.0,76215.0,76430.0,233.0
2026-05-18 17:00:00,76430.0,76720.0,76380.0,76695.0,277.0
2026-05-18 17:30:00,76690.0,76790.0,76565.0,76730.0,175.0
2026-05-18 18:00:00,76730.0,76735.0,76165.0,76380.0,164.0
2026-05-18 18:30:00,76365.0,76455.0,76245.0,76280.0,197.0
2026-05-18 19:00:00,76260.0,76940.0,76260.0,76680.0,463.0
2026-05-18 19:30:00,76680.0,77020.0,76680.0,76930.0,691.0
2026-05-18 20:00:00,76935.0,77060.0,76875.0,77060.0,78.0
2026-05-19 13:30:00,76580.0,77070.0,76550.0,76890.0,407.0
2026-05-19 14:00:00,76885.0,77035.0,76305.0,76430.0,270.0
2026-05-19 14:30:00,76450.0,76555.0,76120.0,76380.0,195.0
2026-05-19 15:00:00,76365.0,76660.0,76330.0,76495.0,167.0
2026-05-19 15:30:00,76495.0,76655.0,76405.0,76495.0,102.0
2026-05-19 16:00:00,76540.0,76640.0,76410.0,76640.0,116.0
2026-05-19 16:30:00,76635.0,76950.0,76635.0,76945.0,191.0
2026-05-19 17:00:00,76940.0,77075.0,76910.0,76925.0,458.0
2026-05-19 17:30:00,76930.0,77075.0,76790.0,76895.0,172.0
2026-05-19 18:00:00,76875.0,77000.0,76800.0,76810.0,138.0
2026-05-19 18:30:00,76780.0,76925.0,76775.0,76835.0,91.0
2026-05-19 19:00:00,76860.0,77125.0,76835.0,76845.0,163.0
2026-05-19 19:30:00,76845.0,76945.0,76805.0,76850.0,228.0
2026-05-19 20:00:00,76850.0,76980.0,76850.0,76975.0,56.0
2026-05-20 13:30:00,77315.0,77370.0,76980.0,77215.0,485.0
2026-05-20 14:00:00,77250.0,77630.0,76880.0,77420.0,402.0
2026-05-20 14:30:00,77460.0,77605.0,77285.0,77515.0,154.0
2026-05-20 15:00:00,77500.0,77920.0,77335.0,77595.0,379.0
2026-05-20 15:30:00,77585.0,77690.0,77385.0,77495.0,133.0
2026-05-20 16:00:00,77490.0,77595.0,76985.0,77075.0,234.0
2026-05-20 16:30:00,77065.0,77365.0,77010.0,77365.0,179.0
2026-05-20 17:00:00,77320.0,77670.0,77250.0,77585.0,112.0
2026-05-20 17:30:00,77630.0,77765.0,77545.0,77580.0,152.0
2026-05-20 18:00:00,77585.0,77690.0,77490.0,77530.0,105.0
2026-05-20 18:30:00,77540.0,77590.0,77390.0,77435.0,75.0
2026-05-20 19:00:00,77490.0,77615.0,77380.0,77615.0,51.0
2026-05-20 19:30:00,77620.0,77745.0,77595.0,77685.0,163.0
2026-05-20 20:00:00,77700.0,77760.0,77615.0,77710.0,93.0
2026-05-21 13:30:00,77265.0,77295.0,76655.0,77105.0,849.0
2026-05-21 14:00:00,77135.0,77235.0,76720.0,77025.0,241.0
2026-05-21 14:30:00,77045.0,77155.0,76875.0,77005.0,74.0
2026-05-21 15:00:00,76945.0,77305.0,76860.0,77225.0,153.0
2026-05-21 15:30:00,77265.0,77415.0,77050.0,77225.0,100.0
2026-05-21 16:00:00,77245.0,77340.0,77110.0,77170.0,90.0
2026-05-21 16:30:00,77190.0,77235.0,77015.0,77185.0,71.0
2026-05-21 17:00:00,77285.0,78055.0,77185.0,78030.0,942.0
2026-05-21 17:30:00,78035.0,78140.0,77815.0,77915.0,584.0
2026-05-21 18:00:00,77915.0,77965.0,77660.0,77770.0,146.0
2026-05-21 18:30:00,77790.0,77860.0,77230.0,77375.0,141.0
2026-05-21 19:00:00,77355.0,77625.0,77355.0,77550.0,100.0
2026-05-21 19:30:00,77570.0,77810.0,77570.0,77705.0,153.0
2026-05-21 20:00:00,77710.0,77765.0,77660.0,77710.0,92.0
2026-05-22 13:30:00,77235.0,77315.0,77065.0,77255.0,239.0
2026-05-22 14:00:00,77230.0,77230.0,76700.0,76785.0,565.0
2026-05-22 14:30:00,76790.0,76825.0,76690.0,76700.0,331.0
2026-05-22 15:00:00,76670.0,76895.0,76490.0,76860.0,380.0
2026-05-22 15:30:00,76870.0,76965.0,76580.0,76740.0,310.0
2026-05-22 16:00:00,76745.0,76885.0,76710.0,76885.0,109.0
2026-05-22 16:30:00,76895.0,76965.0,76830.0,76920.0,111.0
2026-05-22 17:00:00,76955.0,77070.0,76740.0,77035.0,236.0
2026-05-22 17:30:00,77050.0,77065.0,76665.0,76695.0,76.0
2026-05-22 18:00:00,76695.0,76860.0,76610.0,76765.0,158.0
2026-05-22 18:30:00,76750.0,76765.0,75985.0,76475.0,840.0
2026-05-22 19:00:00,76455.0,76530.0,76120.0,76190.0,298.0
2026-05-22 19:30:00,76095.0,76120.0,75590.0,75795.0,886.0
2026-05-22 20:00:00,75815.0,75960.0,75775.0,75830.0,146.0
2026-05-26 13:30:00,76740.0,77430.0,76600.0,77180.0,330.0
2026-05-26 14:00:00,77220.0,78085.0,77100.0,77975.0,811.0
2026-05-26 14:30:00,77965.0,77985.0,76650.0,76825.0,1072.0
2026-05-26 15:00:00,76810.0,76910.0,76455.0,76545.0,499.0
2026-05-26 15:30:00,76550.0,76605.0,76145.0,76400.0,866.0
2026-05-26 16:00:00,76405.0,76430.0,76085.0,76420.0,451.0
2026-05-26 16:30:00,76415.0,76600.0,76290.0,76430.0,217.0
2026-05-26 17:00:00,76430.0,76525.0,75945.0,75950.0,240.0
2026-05-26 17:30:00,75925.0,76010.0,75735.0,75825.0,381.0
2026-05-26 18:00:00,75740.0,76115.0,75720.0,75940.0,296.0
2026-05-26 18:30:00,75905.0,75980.0,75620.0,75680.0,244.0
2026-05-26 19:00:00,75675.0,75780.0,75655.0,75755.0,200.0
2026-05-26 19:30:00,75765.0,75950.0,75735.0,75915.0,333.0
2026-05-26 20:00:00,75920.0,76005.0,75905.0,75985.0,121.0
2026-05-27 13:30:00,75265.0,75395.0,74965.0,75170.0,395.0
2026-05-27 14:00:00,75175.0,75330.0,74860.0,74985.0,217.0
2026-05-27 14:30:00,75030.0,75280.0,74905.0,75150.0,149.0
2026-05-27 15:00:00,75130.0,75505.0,75105.0,75480.0,102.0
2026-05-27 15:30:00,75485.0,75660.0,75270.0,75440.0,116.0
2026-05-27 16:00:00,75420.0,75515.0,75150.0,75240.0,104.0
2026-05-27 16:30:00,75210.0,75420.0,75145.0,75420.0,69.0
2026-05-27 17:00:00,75435.0,75440.0,75000.0,75125.0,128.0
2026-05-27 17:30:00,75110.0,75145.0,74850.0,74960.0,151.0
2026-05-27 18:00:00,74960.0,75040.0,74810.0,74960.0,122.0
2026-05-27 18:30:00,75015.0,75150.0,75005.0,75140.0,66.0
2026-05-27 19:00:00,75150.0,75195.0,75095.0,75165.0,68.0
2026-05-27 19:30:00,75140.0,75205.0,75085.0,75195.0,198.0
2026-05-27 20:00:00,75180.0,75405.0,75170.0,75400.0,46.0
2026-05-28 13:30:00,73250.0,73250.0,72845.0,73140.0,253.0
2026-05-28 14:00:00,73100.0,73680.0,72655.0,73060.0,314.0
2026-05-28 14:30:00,73000.0,73145.0,72780.0,73120.0,223.0
2026-05-28 15:00:00,73125.0,73245.0,72780.0,73050.0,254.0
2026-05-28 15:30:00,73070.0,73160.0,72945.0,73045.0,137.0
2026-05-28 16:00:00,73020.0,73420.0,72860.0,73270.0,142.0
2026-05-28 16:30:00,73295.0,73610.0,73240.0,73610.0,248.0
2026-05-28 17:00:00,73605.0,73680.0,73480.0,73555.0,180.0
2026-05-28 17:30:00,73505.0,73920.0,73505.0,73740.0,200.0
2026-05-28 18:00:00,73700.0,73940.0,73700.0,73755.0,168.0
2026-05-28 18:30:00,73785.0,73940.0,73770.0,73855.0,161.0
2026-05-28 19:00:00,73855.0,73855.0,73630.0,73755.0,134.0
2026-05-28 19:30:00,73760.0,73785.0,73560.0,73640.0,471.0
2026-05-28 20:00:00,73645.0,73755.0,73475.0,73640.0,69.0
2026-05-29 13:30:00,73180.0,73500.0,73015.0,73305.0,357.0
2026-05-29 14:00:00,73330.0,73370.0,72595.0,72825.0,440.0
2026-05-29 14:30:00,72855.0,73310.0,72675.0,73185.0,448.0
2026-05-29 15:00:00,73195.0,73940.0,73110.0,73800.0,571.0
2026-05-29 15:30:00,73815.0,74370.0,73815.0,73965.0,528.0
2026-05-29 16:00:00,73990.0,74195.0,73715.0,73810.0,178.0
2026-05-29 16:30:00,73865.0,74320.0,73850.0,74245.0,254.0
2026-05-29 17:00:00,74255.0,74505.0,74115.0,74420.0,264.0
2026-05-29 17:30:00,74440.0,74535.0,74110.0,74160.0,226.0
2026-05-29 18:00:00,74175.0,74255.0,73920.0,73990.0,183.0
2026-05-29 18:30:00,73990.0,74035.0,73365.0,73535.0,302.0
2026-05-29 19:00:00,73540.0,73675.0,73440.0,73505.0,130.0
2026-05-29 19:30:00,73535.0,73940.0,73525.0,73705.0,385.0
2026-05-29 20:00:00,73705.0,73865.0,73670.0,73765.0,112.0
2026-06-01 13:30:00,71925.0,72160.0,71460.0,71780.0,727.0
2026-06-01 14:00:00,71800.0,71990.0,71550.0,71600.0,345.0
2026-06-01 14:30:00,71585.0,71680.0,71465.0,71585.0,255.0
2026-06-01 15:00:00,71645.0,71740.0,71110.0,71135.0,294.0
2026-06-01 15:30:00,71130.0,71555.0,71120.0,71175.0,302.0
2026-06-01 16:00:00,71185.0,71270.0,70750.0,71110.0,329.0
2026-06-01 16:30:00,71175.0,71695.0,71135.0,71650.0,274.0
2026-06-01 17:00:00,71645.0,71870.0,71575.0,71860.0,220.0
2026-06-01 17:30:00,71840.0,71920.0,71650.0,71770.0,300.0
2026-06-01 18:00:00,71775.0,71820.0,71510.0,71615.0,88.0
2026-06-01 18:30:00,71655.0,71805.0,71545.0,71625.0,131.0
2026-06-01 19:00:00,71605.0,71750.0,71515.0,71750.0,120.0
2026-06-01 19:30:00,71760.0,71810.0,71645.0,71750.0,532.0
2026-06-01 20:00:00,71745.0,71745.0,71645.0,71700.0,73.0
2026-06-02 13:30:00,69120.0,69205.0,68805.0,68860.0,376.0
2026-06-02 14:00:00,68895.0,68895.0,67725.0,67945.0,731.0
2026-06-02 14:30:00,67965.0,68340.0,67950.0,68050.0,455.0
2026-06-02 15:00:00,68050.0,68130.0,67450.0,67525.0,526.0
2026-06-02 15:30:00,67505.0,67550.0,67150.0,67365.0,575.0
2026-06-02 16:00:00,67320.0,68170.0,67275.0,67880.0,472.0
2026-06-02 16:30:00,67890.0,67900.0,67460.0,67490.0,144.0
2026-06-02 17:00:00,67495.0,67860.0,67480.0,67800.0,157.0
2026-06-02 17:30:00,67810.0,67885.0,67385.0,67535.0,491.0
2026-06-02 18:00:00,67540.0,67720.0,67350.0,67370.0,144.0
2026-06-02 18:30:00,67415.0,67430.0,67205.0,67395.0,228.0
2026-06-02 19:00:00,67405.0,67470.0,67010.0,67050.0,295.0
2026-06-02 19:30:00,67065.0,67590.0,66525.0,67460.0,1454.0
2026-06-02 20:00:00,67440.0,67570.0,67175.0,67460.0,284.0
2026-06-03 13:30:00,66910.0,67295.0,66715.0,67000.0,462.0
2026-06-03 14:00:00,67000.0,67045.0,66740.0,66895.0,404.0
2026-06-03 14:30:00,66885.0,67100.0,66825.0,66950.0,227.0
2026-06-03 15:00:00,66955.0,66955.0,66330.0,66680.0,399.0
2026-06-03 15:30:00,66745.0,66770.0,66165.0,66180.0,242.0
2026-06-03 16:00:00,66190.0,66420.0,65660.0,65725.0,447.0
2026-06-03 16:30:00,65730.0,66185.0,65700.0,66160.0,208.0
2026-06-03 17:00:00,66200.0,66225.0,65820.0,66050.0,156.0
2026-06-03 17:30:00,66065.0,66290.0,65895.0,66060.0,242.0
2026-06-03 18:00:00,66085.0,66185.0,65835.0,66010.0,162.0
2026-06-03 18:30:00,65995.0,66270.0,65905.0,66145.0,254.0
2026-06-03 19:00:00,66140.0,66175.0,65670.0,65755.0,200.0
2026-06-03 19:30:00,65775.0,65960.0,65355.0,65600.0,820.0
2026-06-03 20:00:00,65575.0,65705.0,65370.0,65700.0,264.0
2026-06-04 13:30:00,63385.0,64435.0,63315.0,64330.0,971.0
2026-06-04 14:00:00,64395.0,64685.0,64155.0,64315.0,522.0
2026-06-04 14:30:00,64305.0,64305.0,63925.0,64095.0,166.0
2026-06-04 15:00:00,64080.0,64565.0,63930.0,64100.0,372.0
2026-06-04 15:30:00,64140.0,64220.0,63800.0,64105.0,171.0
2026-06-04 16:00:00,64010.0,64015.0,63775.0,63790.0,127.0
2026-06-04 16:30:00,63785.0,64060.0,63570.0,63690.0,245.0
2026-06-04 17:00:00,63685.0,63835.0,63255.0,63315.0,173.0
2026-06-04 17:30:00,63345.0,63780.0,63055.0,63665.0,274.0
2026-06-04 18:00:00,63670.0,64010.0,63285.0,63990.0,201.0
2026-06-04 18:30:00,64000.0,64240.0,63840.0,63935.0,398.0
2026-06-04 19:00:00,63890.0,64300.0,63740.0,64270.0,206.0
2026-06-04 19:30:00,64220.0,64250.0,63655.0,63775.0,782.0
2026-06-04 20:00:00,63745.0,63750.0,63380.0,63610.0,148.0
2026-06-05 13:30:00,62195.0,62440.0,60835.0,60835.0,733.0
2026-06-05 14:00:00,60855.0,61315.0,60440.0,60515.0,658.0
2026-06-05 14:30:00,60530.0,61320.0,60435.0,60985.0,608.0
2026-06-05 15:00:00,60980.0,61250.0,60605.0,60850.0,764.0
2026-06-05 15:30:00,60865.0,60935.0,60165.0,60575.0,921.0
2026-06-05 16:00:00,60435.0,61635.0,59895.0,61060.0,1162.0
2026-06-05 16:30:00,61040.0,61555.0,60835.0,61515.0,518.0
2026-06-05 17:00:00,61515.0,61610.0,60775.0,60800.0,234.0
2026-06-05 17:30:00,60825.0,61175.0,60765.0,60875.0,266.0
2026-06-05 18:00:00,60895.0,61030.0,60190.0,60280.0,318.0
2026-06-05 18:30:00,60255.0,60435.0,59275.0,59520.0,861.0
2026-06-05 19:00:00,59530.0,60005.0,59285.0,60005.0,663.0
2026-06-05 19:30:00,59965.0,60625.0,59640.0,60450.0,1175.0
2026-06-05 20:00:00,60450.0,61105.0,60065.0,60925.0,361.0
2026-06-08 13:30:00,63675.0,63985.0,63435.0,63910.0,564.0
2026-06-08 14:00:00,63910.0,64060.0,63700.0,63965.0,382.0
2026-06-08 14:30:00,63985.0,64230.0,63905.0,64140.0,268.0
2026-06-08 15:00:00,64135.0,64365.0,64045.0,64115.0,265.0
2026-06-08 15:30:00,64100.0,64145.0,63790.0,63845.0,220.0
2026-06-08 16:00:00,63880.0,64145.0,63780.0,63985.0,160.0
2026-06-08 16:30:00,63965.0,63965.0,63565.0,63625.0,177.0
2026-06-08 17:00:00,63625.0,63745.0,63385.0,63745.0,478.0
2026-06-08 17:30:00,63710.0,63725.0,63420.0,63660.0,145.0
2026-06-08 18:00:00,63685.0,63765.0,63630.0,63750.0,114.0
2026-06-08 18:30:00,63800.0,63800.0,63445.0,63570.0,166.0
2026-06-08 19:00:00,63560.0,63685.0,63485.0,63620.0,123.0
2026-06-08 19:30:00,63635.0,63705.0,63445.0,63470.0,712.0
2026-06-08 20:00:00,63470.0,63555.0,63320.0,63355.0,157.0
2026-06-09 13:30:00,62385.0,62620.0,62190.0,62370.0,371.0
2026-06-09 14:00:00,62350.0,62465.0,61635.0,61660.0,451.0
2026-06-09 14:30:00,61685.0,61730.0,61200.0,61550.0,631.0
2026-06-09 15:00:00,61600.0,61765.0,61340.0,61365.0,317.0
2026-06-09 15:30:00,61360.0,61465.0,61070.0,61180.0,317.0
2026-06-09 16:00:00,61200.0,61265.0,60915.0,61045.0,349.0
2026-06-09 16:30:00,61050.0,61545.0,60805.0,61465.0,774.0
2026-06-09 17:00:00,61485.0,61980.0,61470.0,61805.0,358.0
2026-06-09 17:30:00,61835.0,61930.0,61670.0,61785.0,180.0
2026-06-09 18:00:00,61805.0,62050.0,61700.0,61830.0,191.0
2026-06-09 18:30:00,61830.0,61900.0,61685.0,61875.0,156.0
2026-06-09 19:00:00,61850.0,62005.0,61800.0,61950.0,174.0
2026-06-09 19:30:00,61975.0,62210.0,61835.0,62200.0,558.0
2026-06-09 20:00:00,62205.0,62260.0,62020.0,62245.0,223.0
2026-06-10 13:30:00,61615.0,62565.0,61600.0,62230.0,807.0
2026-06-10 14:00:00,62245.0,62360.0,61965.0,62130.0,253.0
2026-06-10 14:30:00,62150.0,62305.0,61875.0,62305.0,204.0
2026-06-10 15:00:00,62310.0,62560.0,61930.0,62360.0,307.0
2026-06-10 15:30:00,62350.0,62970.0,62220.0,62720.0,506.0
2026-06-10 16:00:00,62745.0,62745.0,62185.0,62340.0,153.0
2026-06-10 16:30:00,62270.0,62485.0,62010.0,62290.0,172.0
2026-06-10 17:00:00,62325.0,62440.0,61975.0,61975.0,81.0
2026-06-10 17:30:00,61955.0,62095.0,61720.0,62045.0,458.0
2026-06-10 18:00:00,62050.0,62205.0,61910.0,62065.0,99.0
2026-06-10 18:30:00,62060.0,62060.0,61675.0,61950.0,145.0
2026-06-10 19:00:00,61960.0,62010.0,61730.0,61815.0,68.0
2026-06-10 19:30:00,61850.0,62135.0,61845.0,61995.0,222.0
2026-06-10 20:00:00,61985.0,62015.0,61745.0,61860.0,93.0
2026-06-11 13:30:00,62880.0,63350.0,62735.0,63140.0,359.0
2026-06-11 14:00:00,63150.0,63165.0,62785.0,63105.0,197.0
2026-06-11 14:30:00,63080.0,63150.0,62775.0,62785.0,146.0
2026-06-11 15:00:00,62795.0,62925.0,62560.0,62775.0,182.0
2026-06-11 15:30:00,62680.0,62970.0,62610.0,62820.0,123.0
2026-06-11 16:00:00,62845.0,62905.0,62620.0,62710.0,140.0
2026-06-11 16:30:00,62655.0,62855.0,62575.0,62605.0,167.0
2026-06-11 17:00:00,62575.0,63035.0,62360.0,63035.0,546.0
2026-06-11 17:30:00,63050.0,63715.0,63050.0,63715.0,748.0
2026-06-11 18:00:00,63705.0,63865.0,63400.0,63435.0,240.0
2026-06-11 18:30:00,63460.0,63625.0,63435.0,63505.0,110.0
2026-06-11 19:00:00,63510.0,63765.0,63430.0,63675.0,227.0
2026-06-11 19:30:00,63690.0,63985.0,63635.0,63665.0,493.0
2026-06-11 20:00:00,63670.0,63760.0,63555.0,63585.0,176.0
2026-06-12 13:30:00,63435.0,63450.0,63070.0,63255.0,497.0
2026-06-12 14:00:00,63275.0,63710.0,63275.0,63700.0,236.0
2026-06-12 14:30:00,63695.0,64090.0,63535.0,64075.0,559.0
2026-06-12 15:00:00,64080.0,64485.0,63980.0,64220.0,681.0
2026-06-12 15:30:00,64195.0,64200.0,63585.0,63620.0,354.0
2026-06-12 16:00:00,63640.0,64065.0,63560.0,63955.0,288.0
2026-06-12 16:30:00,63970.0,64075.0,63845.0,64005.0,105.0
2026-06-12 17:00:00,64050.0,64220.0,63795.0,63855.0,142.0
2026-06-12 17:30:00,63895.0,63965.0,63815.0,63920.0,134.0
2026-06-12 18:00:00,63935.0,64015.0,63725.0,63840.0,78.0
2026-06-12 18:30:00,63825.0,63995.0,63740.0,63750.0,83.0
2026-06-12 19:00:00,63780.0,63860.0,63715.0,63790.0,84.0
2026-06-12 19:30:00,63775.0,63915.0,63640.0,63645.0,244.0
2026-06-12 20:00:00,63650.0,63755.0,63610.0,63640.0,92.0
2026-06-15 13:30:00,66925.0,66950.0,66425.0,66475.0,433.0
2026-06-15 14:00:00,66475.0,66630.0,66330.0,66630.0,214.0
2026-06-15 14:30:00,66630.0,66740.0,66515.0,66645.0,139.0
2026-06-15 15:00:00,66645.0,66775.0,66645.0,66715.0,152.0
2026-06-15 15:30:00,66710.0,67360.0,66660.0,67360.0,337.0
2026-06-15 16:00:00,67345.0,67360.0,67170.0,67210.0,136.0
2026-06-15 16:30:00,67285.0,67325.0,67165.0,67225.0,99.0
2026-06-15 17:00:00,67160.0,67160.0,66845.0,66915.0,164.0
2026-06-15 17:30:00,66865.0,66995.0,66730.0,66910.0,97.0
2026-06-15 18:00:00,66905.0,66975.0,66800.0,66885.0,84.0
2026-06-15 18:30:00,66885.0,66980.0,66810.0,66815.0,108.0
2026-06-15 19:00:00,66840.0,66945.0,66400.0,66565.0,249.0
2026-06-15 19:30:00,66575.0,66795.0,66525.0,66625.0,624.0
2026-06-15 20:00:00,66635.0,66670.0,66550.0,66575.0,164.0
2026-06-16 13:30:00,66035.0,66235.0,65940.0,66100.0,283.0
2026-06-16 14:00:00,66080.0,66305.0,65490.0,65575.0,303.0
2026-06-16 14:30:00,65600.0,65780.0,65360.0,65660.0,231.0
2026-06-16 15:00:00,65675.0,65925.0,65640.0,65840.0,154.0
2026-06-16 15:30:00,65845.0,66030.0,65735.0,65905.0,152.0
2026-06-16 16:00:00,65925.0,65990.0,65750.0,65805.0,80.0
2026-06-16 16:30:00,65810.0,65880.0,65735.0,65800.0,45.0
2026-06-16 17:00:00,65805.0,65845.0,65740.0,65790.0,69.0
2026-06-16 17:30:00,65750.0,66060.0,65740.0,66005.0,84.0
2026-06-16 18:00:00,65980.0,66275.0,65900.0,65920.0,123.0
2026-06-16 18:30:00,65945.0,65990.0,65845.0,65870.0,89.0
2026-06-16 19:00:00,65850.0,65855.0,65590.0,65725.0,154.0
2026-06-16 19:30:00,65740.0,65805.0,65585.0,65725.0,283.0
2026-06-16 20:00:00,65725.0,65760.0,65595.0,65745.0,127.0
2026-06-17 13:30:00,64925.0,65410.0,64850.0,65345.0,466.0
2026-06-17 14:00:00,65315.0,65515.0,65175.0,65275.0,259.0
2026-06-17 14:30:00,65305.0,65340.0,64800.0,65170.0,248.0
2026-06-17 15:00:00,65130.0,65480.0,65045.0,65370.0,154.0
2026-06-17 15:30:00,65400.0,65885.0,65330.0,65815.0,336.0
2026-06-17 16:00:00,65810.0,66500.0,65775.0,66320.0,382.0
2026-06-17 16:30:00,66330.0,66360.0,65865.0,65875.0,233.0
2026-06-17 17:00:00,65895.0,66025.0,65835.0,66015.0,101.0
2026-06-17 17:30:00,66020.0,66195.0,65840.0,66090.0,133.0
2026-06-17 18:00:00,66180.0,66180.0,64845.0,65430.0,956.0
2026-06-17 18:30:00,65415.0,66085.0,65280.0,65555.0,394.0
2026-06-17 19:00:00,65540.0,65660.0,64355.0,64460.0,548.0
2026-06-17 19:30:00,64480.0,64660.0,64010.0,64295.0,1168.0
2026-06-17 20:00:00,64285.0,64435.0,64195.0,64195.0,253.0
2026-06-18 13:30:00,64315.0,64375.0,63785.0,63935.0,278.0
2026-06-18 14:00:00,63985.0,64200.0,63650.0,63775.0,390.0
2026-06-18 14:30:00,63770.0,64080.0,63580.0,63860.0,219.0
2026-06-18 15:00:00,63815.0,63815.0,63185.0,63220.0,450.0
2026-06-18 15:30:00,63235.0,63325.0,62255.0,62320.0,788.0
2026-06-18 16:00:00,62345.0,62715.0,62345.0,62545.0,214.0
2026-06-18 16:30:00,62540.0,62720.0,62470.0,62640.0,101.0
2026-06-18 17:00:00,62640.0,62640.0,62235.0,62520.0,242.0
2026-06-18 17:30:00,62575.0,62695.0,62465.0,62560.0,128.0
2026-06-18 18:00:00,62585.0,62930.0,62530.0,62800.0,350.0
2026-06-18 18:30:00,62765.0,62855.0,62610.0,62665.0,233.0
2026-06-18 19:00:00,62665.0,62790.0,62580.0,62745.0,171.0
2026-06-18 19:30:00,62760.0,62995.0,62755.0,62950.0,787.0
2026-06-18 20:00:00,62955.0,63225.0,62940.0,63145.0,294.0
2026-06-22 13:30:00,64945.0,65585.0,64945.0,65580.0,574.0
2026-06-22 14:00:00,65570.0,65600.0,64940.0,64940.0,248.0
2026-06-22 14:30:00,64920.0,65040.0,64800.0,64960.0,131.0
2026-06-22 15:00:00,65005.0,65115.0,64880.0,65010.0,186.0
2026-06-22 15:30:00,65015.0,65090.0,64725.0,64775.0,134.0
2026-06-22 16:00:00,64775.0,64780.0,64580.0,64635.0,357.0
2026-06-22 16:30:00,64635.0,64770.0,64470.0,64705.0,265.0
2026-06-22 17:00:00,64685.0,64720.0,64485.0,64485.0,154.0
2026-06-22 17:30:00,64470.0,64625.0,64355.0,64580.0,239.0
2026-06-22 18:00:00,64585.0,64700.0,64555.0,64590.0,154.0
2026-06-22 18:30:00,64585.0,64605.0,64285.0,64295.0,193.0
2026-06-22 19:00:00,64325.0,64405.0,64245.0,64300.0,331.0
2026-06-22 19:30:00,64330.0,64470.0,64245.0,64435.0,473.0
2026-06-22 20:00:00,64445.0,64660.0,64420.0,64510.0,296.0
2026-06-23 13:30:00,61995.0,62480.0,61895.0,62440.0,505.0
2026-06-23 14:00:00,62415.0,62805.0,62385.0,62470.0,466.0
2026-06-23 14:30:00,62595.0,62690.0,62360.0,62430.0,196.0
2026-06-23 15:00:00,62435.0,62470.0,62165.0,62210.0,189.0
2026-06-23 15:30:00,62300.0,62430.0,62150.0,62400.0,114.0
2026-06-23 16:00:00,62430.0,62770.0,62385.0,62535.0,239.0
2026-06-23 16:30:00,62545.0,62590.0,62445.0,62510.0,58.0
2026-06-23 17:00:00,62485.0,62600.0,62345.0,62600.0,58.0
2026-06-23 17:30:00,62595.0,62615.0,62270.0,62295.0,95.0
2026-06-23 18:00:00,62290.0,62380.0,62205.0,62275.0,70.0
2026-06-23 18:30:00,62270.0,62270.0,62060.0,62175.0,104.0
2026-06-23 19:00:00,62155.0,62385.0,62155.0,62375.0,135.0
2026-06-23 19:30:00,62410.0,62410.0,62225.0,62340.0,410.0
2026-06-23 20:00:00,62340.0,62490.0,62335.0,62430.0,113.0
2026-06-24 13:30:00,61965.0,62280.0,61390.0,61475.0,389.0
2026-06-24 14:00:00,61395.0,61585.0,61025.0,61360.0,390.0
2026-06-24 14:30:00,61420.0,61500.0,61080.0,61225.0,304.0
2026-06-24 15:00:00,61215.0,61270.0,60920.0,61000.0,252.0
2026-06-24 15:30:00,60970.0,60970.0,60380.0,60395.0,472.0
2026-06-24 16:00:00,60365.0,60780.0,60365.0,60685.0,235.0
2026-06-24 16:30:00,60675.0,60680.0,59780.0,59955.0,236.0
2026-06-24 17:00:00,59930.0,60175.0,59450.0,59785.0,255.0
2026-06-24 17:30:00,59795.0,59840.0,59220.0,59500.0,317.0
2026-06-24 18:00:00,59505.0,60030.0,59420.0,59805.0,151.0
2026-06-24 18:30:00,59750.0,59815.0,59525.0,59695.0,91.0
2026-06-24 19:00:00,59705.0,59950.0,59630.0,59935.0,137.0
2026-06-24 19:30:00,59930.0,60180.0,59840.0,60115.0,613.0
2026-06-24 20:00:00,60130.0,60990.0,60020.0,60865.0,285.0
2026-06-25 13:30:00,61330.0,61440.0,58190.0,58310.0,699.0
2026-06-25 14:00:00,58410.0,59795.0,58410.0,59420.0,628.0
2026-06-25 14:30:00,59430.0,60720.0,59295.0,59550.0,463.0
2026-06-25 15:00:00,59535.0,59535.0,58965.0,59325.0,166.0
2026-06-25 15:30:00,59395.0,59720.0,59185.0,59665.0,87.0
2026-06-25 16:00:00,59680.0,60185.0,59565.0,59840.0,206.0
2026-06-25 16:30:00,59750.0,59750.0,59240.0,59400.0,171.0
2026-06-25 17:00:00,59400.0,59725.0,59260.0,59690.0,133.0
2026-06-25 17:30:00,59715.0,59865.0,59535.0,59770.0,163.0
2026-06-25 18:00:00,59790.0,59880.0,59500.0,59820.0,293.0
2026-06-25 18:30:00,59790.0,59790.0,59430.0,59645.0,183.0
2026-06-25 19:00:00,59625.0,59625.0,59320.0,59450.0,158.0
2026-06-25 19:30:00,59470.0,59560.0,59315.0,59455.0,340.0
2026-06-25 20:00:00,59455.0,59820.0,59435.0,59635.0,56.0
2026-06-26 13:30:00,59050.0,60420.0,59005.0,60315.0,735.0
2026-06-26 14:00:00,60345.0,60505.0,59970.0,60250.0,673.0
2026-06-26 14:30:00,60210.0,60270.0,59555.0,59845.0,442.0
2026-06-26 15:00:00,59745.0,60585.0,59745.0,60375.0,265.0
2026-06-26 15:30:00,60395.0,60700.0,60320.0,60530.0,346.0
2026-06-26 16:00:00,60540.0,60770.0,60150.0,60240.0,188.0
2026-06-26 16:30:00,60295.0,60560.0,60210.0,60255.0,120.0
2026-06-26 17:00:00,60275.0,60455.0,60220.0,60390.0,89.0
2026-06-26 17:30:00,60420.0,60425.0,60150.0,60265.0,115.0
2026-06-26 18:00:00,60230.0,60345.0,59990.0,59995.0,140.0
2026-06-26 18:30:00,60010.0,60055.0,59730.0,59855.0,121.0
2026-06-26 19:00:00,59850.0,60245.0,59810.0,60095.0,164.0
2026-06-26 19:30:00,60120.0,60260.0,59890.0,59950.0,431.0
2026-06-26 20:00:00,59960.0,60165.0,59845.0,59870.0,240.0
2026-06-29 13:30:00,60075.0,60375.0,59400.0,59670.0,544.0
2026-06-29 14:00:00,59555.0,59680.0,59070.0,59605.0,431.0
2026-06-29 14:30:00,59615.0,59815.0,59370.0,59575.0,325.0
2026-06-29 15:00:00,59555.0,59610.0,59185.0,59605.0,311.0
2026-06-29 15:30:00,59665.0,60065.0,59650.0,59940.0,364.0
2026-06-29 16:00:00,59930.0,60045.0,59690.0,59715.0,126.0
2026-06-29 16:30:00,59725.0,60120.0,59725.0,60020.0,113.0
2026-06-29 17:00:00,60070.0,60800.0,60060.0,60700.0,409.0
2026-06-29 17:30:00,60715.0,60835.0,60550.0,60550.0,204.0
2026-06-29 18:00:00,60570.0,60680.0,60390.0,60400.0,66.0
2026-06-29 18:30:00,60420.0,60495.0,60345.0,60425.0,151.0
2026-06-29 19:00:00,60415.0,60610.0,60305.0,60600.0,123.0
2026-06-29 19:30:00,60575.0,60700.0,60465.0,60535.0,392.0
2026-06-29 20:00:00,60525.0,60675.0,60520.0,60545.0,99.0
2026-06-30 13:30:00,58560.0,58855.0,58260.0,58785.0,494.0
2026-06-30 14:00:00,58780.0,59310.0,58700.0,59090.0,360.0
2026-06-30 14:30:00,59110.0,59170.0,58480.0,58650.0,255.0
2026-06-30 15:00:00,58530.0,58640.0,58225.0,58435.0,450.0
2026-06-30 15:30:00,58440.0,58850.0,58310.0,58430.0,297.0
2026-06-30 16:00:00,58425.0,58680.0,58305.0,58345.0,155.0
2026-06-30 16:30:00,58365.0,58650.0,58310.0,58545.0,143.0
2026-06-30 17:00:00,58550.0,58690.0,58450.0,58460.0,98.0
2026-06-30 17:30:00,58445.0,58510.0,58390.0,58500.0,150.0
2026-06-30 18:00:00,58540.0,58770.0,58430.0,58575.0,140.0
2026-06-30 18:30:00,58605.0,58755.0,58435.0,58755.0,147.0
2026-06-30 19:00:00,58745.0,58800.0,58635.0,58710.0,183.0
2026-06-30 19:30:00,58725.0,58930.0,58720.0,58925.0,416.0
2026-06-30 20:00:00,58890.0,58950.0,58825.0,58930.0,71.0
2026-07-01 13:30:00,58910.0,59690.0,58710.0,59675.0,1379.0
2026-07-01 14:00:00,59675.0,60265.0,59415.0,59975.0,1257.0
2026-07-01 14:30:00,59965.0,60010.0,59575.0,59695.0,543.0
2026-07-01 15:00:00,59685.0,60705.0,59670.0,60500.0,784.0
2026-07-01 15:30:00,60510.0,60570.0,60260.0,60330.0,339.0
2026-07-01 16:00:00,60350.0,60440.0,60125.0,60330.0,185.0
2026-07-01 16:30:00,60315.0,60350.0,60030.0,60080.0,87.0
2026-07-01 17:00:00,60075.0,60385.0,59975.0,60335.0,92.0
2026-07-01 17:30:00,60315.0,60445.0,60265.0,60355.0,175.0
2026-07-01 18:00:00,60360.0,60390.0,60210.0,60330.0,140.0
2026-07-01 18:30:00,60300.0,60485.0,60255.0,60355.0,165.0
2026-07-01 19:00:00,60345.0,60535.0,60300.0,60355.0,220.0
2026-07-01 19:30:00,60360.0,60485.0,60140.0,60185.0,576.0
2026-07-01 20:00:00,60200.0,60230.0,60045.0,60140.0,212.0
2026-07-02 13:30:00,61865.0,62265.0,61705.0,62145.0,490.0
2026-07-02 14:00:00,62145.0,62420.0,61765.0,61865.0,406.0
2026-07-02 14:30:00,61860.0,61995.0,61570.0,61825.0,359.0
2026-07-02 15:00:00,61890.0,62005.0,61590.0,61895.0,167.0
2026-07-02 15:30:00,61910.0,61995.0,61715.0,61815.0,171.0
2026-07-02 16:00:00,61840.0,61950.0,61335.0,61335.0,198.0
2026-07-02 16:30:00,61405.0,61975.0,61395.0,61880.0,75.0
2026-07-02 17:00:00,61860.0,62145.0,61830.0,62060.0,149.0
2026-07-02 17:30:00,62025.0,62030.0,61810.0,61870.0,152.0
2026-07-02 18:00:00,61915.0,62065.0,61905.0,62065.0,54.0
2026-07-02 18:30:00,62055.0,62065.0,61915.0,61940.0,63.0
2026-07-02 19:00:00,61945.0,61945.0,61710.0,61825.0,78.0
2026-07-02 19:30:00,61820.0,61895.0,61600.0,61660.0,610.0
2026-07-02 20:00:00,61670.0,61720.0,61575.0,61610.0,166.0
2026-07-06 13:30:00,61555.0,62200.0,61430.0,61895.0,774.0
2026-07-06 14:00:00,61910.0,62590.0,61875.0,62215.0,699.0
2026-07-06 14:30:00,62200.0,62350.0,62015.0,62175.0,253.0
2026-07-06 15:00:00,62215.0,62775.0,62200.0,62630.0,485.0
2026-07-06 15:30:00,62615.0,63760.0,62450.0,63755.0,923.0
2026-07-06 16:00:00,63770.0,64060.0,63595.0,63680.0,641.0
2026-07-06 16:30:00,63660.0,63995.0,63660.0,63935.0,320.0
2026-07-06 17:00:00,63950.0,64185.0,63890.0,64090.0,303.0
2026-07-06 17:30:00,64105.0,64150.0,63770.0,63785.0,255.0
2026-07-06 18:00:00,63800.0,64080.0,63755.0,63945.0,185.0
2026-07-06 18:30:00,63920.0,64050.0,63875.0,63875.0,139.0
2026-07-06 19:00:00,63890.0,64080.0,63825.0,64025.0,172.0
2026-07-06 19:30:00,64010.0,64060.0,63865.0,63905.0,595.0
2026-07-06 20:00:00,63905.0,63930.0,63735.0,63755.0,294.0
2026-07-07 13:30:00,63215.0,63525.0,63085.0,63165.0,444.0
2026-07-07 14:00:00,63145.0,63375.0,62965.0,63265.0,373.0
2026-07-07 14:30:00,63285.0,63760.0,62760.0,63710.0,525.0
2026-07-07 15:00:00,63700.0,63920.0,63525.0,63885.0,338.0
2026-07-07 15:30:00,63870.0,64250.0,63840.0,64105.0,342.0
2026-07-07 16:00:00,64110.0,64225.0,63975.0,64175.0,204.0
2026-07-07 16:30:00,64150.0,64410.0,64100.0,64165.0,162.0
2026-07-07 17:00:00,64155.0,64295.0,64060.0,64285.0,88.0
2026-07-07 17:30:00,64335.0,64375.0,64270.0,64375.0,112.0
2026-07-07 18:00:00,64365.0,64365.0,64150.0,64175.0,103.0
2026-07-07 18:30:00,64160.0,64305.0,63855.0,63855.0,145.0
2026-07-07 19:00:00,63870.0,63935.0,63540.0,63800.0,297.0
2026-07-07 19:30:00,63785.0,64100.0,63785.0,63995.0,330.0
2026-07-07 20:00:00,64010.0,64090.0,63855.0,63945.0,87.0
2026-07-08 13:30:00,61945.0,62210.0,61730.0,62070.0,378.0
2026-07-08 14:00:00,62030.0,62305.0,61930.0,62190.0,480.0
2026-07-08 14:30:00,62130.0,62180.0,61830.0,62010.0,275.0
2026-07-08 15:00:00,62030.0,62045.0,61645.0,61765.0,274.0
2026-07-08 15:30:00,61725.0,61880.0,61675.0,61815.0,163.0
2026-07-08 16:00:00,61815.0,62115.0,61785.0,62030.0,121.0
2026-07-08 16:30:00,62030.0,62240.0,61925.0,62230.0,150.0
2026-07-08 17:00:00,62220.0,62455.0,62155.0,62455.0,181.0
2026-07-08 17:30:00,62460.0,62555.0,62205.0,62245.0,252.0
2026-07-08 18:00:00,62280.0,62505.0,62280.0,62345.0,99.0
2026-07-08 18:30:00,62315.0,62440.0,62190.0,62330.0,114.0
2026-07-08 19:00:00,62345.0,62420.0,62205.0,62370.0,83.0
2026-07-08 19:30:00,62370.0,62455.0,62250.0,62430.0,421.0
2026-07-08 20:00:00,62430.0,62475.0,62340.0,62390.0,74.0
2026-07-09 13:30:00,62850.0,63425.0,62625.0,63205.0,360.0
2026-07-09 14:00:00,63210.0,63310.0,62805.0,62995.0,169.0
2026-07-09 14:30:00,62980.0,63215.0,62880.0,63180.0,152.0
2026-07-09 15:00:00,63185.0,63445.0,63095.0,63155.0,523.0
2026-07-09 15:30:00,63170.0,63250.0,62950.0,63030.0,180.0
2026-07-09 16:00:00,63015.0,63110.0,62675.0,62815.0,148.0
2026-07-09 16:30:00,62850.0,62925.0,62735.0,62830.0,85.0
2026-07-09 17:00:00,62860.0,62985.0,62805.0,62970.0,47.0
2026-07-09 17:30:00,62985.0,63295.0,62895.0,63280.0,162.0
2026-07-09 18:00:00,63310.0,63670.0,63240.0,63500.0,336.0
2026-07-09 18:30:00,63535.0,63565.0,63355.0,63370.0,110.0
2026-07-09 19:00:00,63385.0,63435.0,63295.0,63430.0,80.0
2026-07-09 19:30:00,63420.0,63530.0,63360.0,63390.0,355.0
2026-07-09 20:00:00,63405.0,63415.0,63315.0,63350.0,96.0
2026-07-10 13:30:00,64340.0,64915.0,64310.0,64670.0,421.0
2026-07-10 14:00:00,64640.0,64700.0,64115.0,64305.0,357.0
2026-07-10 14:30:00,64315.0,64515.0,63930.0,64075.0,508.0
2026-07-10 15:00:00,64085.0,64400.0,64060.0,64310.0,175.0
2026-07-10 15:30:00,64335.0,64365.0,64110.0,64200.0,97.0
2026-07-10 16:00:00,64210.0,64330.0,64135.0,64185.0,93.0
2026-07-10 16:30:00,64175.0,64405.0,63995.0,64330.0,158.0
2026-07-10 17:00:00,64310.0,64330.0,64020.0,64165.0,145.0
2026-07-10 17:30:00,64125.0,64135.0,63970.0,63980.0,141.0
2026-07-10 18:00:00,64050.0,64160.0,64015.0,64095.0,151.0
2026-07-10 18:30:00,64060.0,64110.0,63890.0,63960.0,138.0
2026-07-10 19:00:00,63955.0,64090.0,63920.0,64045.0,157.0
2026-07-10 19:30:00,64035.0,64215.0,64025.0,64080.0,425.0
2026-07-10 20:00:00,64075.0,64105.0,63975.0,63980.0,111.0
2026-07-13 13:30:00,62595.0,62855.0,62215.0,62405.0,427.0
2026-07-13 14:00:00,62390.0,62770.0,62160.0,62635.0,341.0
2026-07-13 14:30:00,62635.0,62895.0,62520.0,62895.0,170.0
2026-07-13 15:00:00,62865.0,63055.0,62780.0,62905.0,199.0
2026-07-13 15:30:00,62890.0,62940.0,62650.0,62685.0,96.0
2026-07-13 16:00:00,62670.0,62690.0,62345.0,62415.0,135.0
2026-07-13 16:30:00,62400.0,62490.0,62260.0,62325.0,202.0
2026-07-13 17:00:00,62330.0,62415.0,62205.0,62215.0,199.0
2026-07-13 17:30:00,62225.0,62265.0,61935.0,61945.0,528.0
2026-07-13 18:00:00,61945.0,62090.0,61865.0,61970.0,293.0
2026-07-13 18:30:00,61980.0,62130.0,61945.0,62055.0,187.0
2026-07-13 19:00:00,62070.0,62135.0,62015.0,62055.0,160.0
2026-07-13 19:30:00,62060.0,62380.0,62055.0,62360.0,639.0
2026-07-13 20:00:00,62360.0,62405.0,62265.0,62280.0,145.0
2026-07-14 13:30:00,64095.0,64120.0,63830.0,63970.0,369.0
2026-07-14 14:00:00,63975.0,64065.0,63680.0,64035.0,380.0
2026-07-14 14:30:00,64040.0,64520.0,63985.0,64450.0,527.0
2026-07-14 15:00:00,64450.0,64735.0,64325.0,64645.0,643.0
2026-07-14 15:30:00,64650.0,65450.0,64650.0,64925.0,1092.0
2026-07-14 16:00:00,64945.0,65085.0,64780.0,65000.0,557.0
2026-07-14 16:30:00,64990.0,65070.0,64895.0,64900.0,198.0
2026-07-14 17:00:00,64850.0,64875.0,64455.0,64710.0,237.0
2026-07-14 17:30:00,64680.0,64860.0,64580.0,64775.0,145.0
2026-07-14 18:00:00,64770.0,64790.0,64635.0,64685.0,86.0
2026-07-14 18:30:00,64650.0,64825.0,64625.0,64725.0,269.0
2026-07-14 19:00:00,64720.0,64880.0,64705.0,64755.0,140.0
2026-07-14 19:30:00,64700.0,64820.0,64650.0,64710.0,528.0
2026-07-14 20:00:00,64710.0,64745.0,64615.0,64625.0,160.0
2026-07-15 13:30:00,65410.0,65655.0,64980.0,65230.0,417.0
2026-07-15 14:00:00,65285.0,65535.0,65180.0,65455.0,211.0
2026-07-15 14:30:00,65470.0,65670.0,65445.0,65540.0,155.0
2026-07-15 15:00:00,65545.0,65640.0,65400.0,65570.0,144.0
2026-07-15 15:30:00,65470.0,65740.0,65470.0,65520.0,212.0
2026-07-15 16:00:00,65580.0,65595.0,65140.0,65285.0,259.0
2026-07-15 16:30:00,65280.0,65280.0,64885.0,65245.0,199.0
2026-07-15 17:00:00,65290.0,65290.0,65110.0,65125.0,46.0
2026-07-15 17:30:00,65210.0,65330.0,65120.0,65205.0,201.0
2026-07-15 18:00:00,65185.0,65265.0,65110.0,65185.0,117.0
2026-07-15 18:30:00,65185.0,65240.0,64965.0,64975.0,165.0
2026-07-15 19:00:00,64985.0,65070.0,64845.0,64975.0,189.0
2026-07-15 19:30:00,64975.0,65140.0,64960.0,65100.0,325.0
2026-07-15 20:00:00,65090.0,65120.0,65025.0,65090.0,101.0
2026-07-16 13:30:00,64335.0,64590.0,64230.0,64475.0,289.0
2026-07-16 14:00:00,64480.0,64980.0,64460.0,64890.0,383.0
2026-07-16 14:30:00,64870.0,64965.0,64485.0,64640.0,180.0
2026-07-16 15:00:00,64665.0,65020.0,64420.0,64940.0,152.0
2026-07-16 15:30:00,64875.0,64940.0,64740.0,64825.0,102.0
2026-07-16 16:00:00,64825.0,64830.0,64480.0,64670.0,79.0
2026-07-16 16:30:00,64680.0,64760.0,64420.0,64595.0,134.0
2026-07-16 17:00:00,64555.0,64570.0,64205.0,64320.0,93.0
2026-07-16 17:30:00,64335.0,64390.0,64100.0,64140.0,134.0
2026-07-16 18:00:00,64175.0,64460.0,64160.0,64335.0,116.0
2026-07-16 18:30:00,64310.0,64465.0,64235.0,64360.0,91.0
2026-07-16 19:00:00,64355.0,64425.0,64265.0,64395.0,49.0
2026-07-16 19:30:00,64370.0,64420.0,64250.0,64375.0,224.0
2026-07-16 20:00:00,64400.0,64400.0,64300.0,64315.0,31.0
2026-07-17 13:30:00,62905.0,63255.0,62570.0,63225.0,569.0
2026-07-17 14:00:00,63230.0,63615.0,63230.0,63330.0,590.0
2026-07-17 14:30:00,63340.0,63450.0,63185.0,63275.0,216.0
2026-07-17 15:00:00,63265.0,63365.0,62935.0,63365.0,131.0
2026-07-17 15:30:00,63370.0,63525.0,63185.0,63525.0,117.0
2026-07-17 16:00:00,63555.0,63650.0,63420.0,63570.0,230.0
2026-07-17 16:30:00,63545.0,63835.0,63465.0,63715.0,202.0
2026-07-17 17:00:00,63715.0,64285.0,63715.0,64160.0,578.0
2026-07-17 17:30:00,64155.0,64375.0,64105.0,64195.0,387.0
2026-07-17 18:00:00,64200.0,64235.0,64005.0,64095.0,221.0
2026-07-17 18:30:00,64080.0,64525.0,64080.0,64390.0,301.0
2026-07-17 19:00:00,64385.0,64385.0,64100.0,64190.0,77.0
2026-07-17 19:30:00,64220.0,64335.0,64195.0,64260.0,237.0
2026-07-17 20:00:00,64250.0,64260.0,64095.0,64110.0,102.0
2026-07-20 13:30:00,64595.0,64820.0,64265.0,64390.0,408.0
2026-07-20 14:00:00,64420.0,64540.0,64100.0,64540.0,300.0
2026-07-20 14:30:00,64530.0,64600.0,64355.0,64485.0,86.0
2026-07-20 15:00:00,64505.0,65115.0,64500.0,65035.0,390.0
2026-07-20 15:30:00,65055.0,65770.0,64895.0,65705.0,665.0
2026-07-20 16:00:00,65705.0,65745.0,65470.0,65540.0,230.0
2026-07-20 16:30:00,65555.0,65660.0,65415.0,65590.0,239.0
2026-07-20 17:00:00,65600.0,65635.0,65515.0,65580.0,109.0
2026-07-20 17:30:00,65585.0,65750.0,65395.0,65655.0,231.0
2026-07-20 18:00:00,65690.0,65890.0,65665.0,65685.0,206.0
2026-07-20 18:30:00,65675.0,65675.0,65275.0,65275.0,193.0
2026-07-20 19:00:00,65305.0,65340.0,65130.0,65240.0,213.0
2026-07-20 19:30:00,65230.0,65250.0,65110.0,65195.0,477.0
2026-07-20 20:00:00,65210.0,65290.0,65115.0,65290.0,139.0
2026-07-21 13:30:00,66530.0,66915.0,66410.0,66900.0,390.0
2026-07-21 14:00:00,66885.0,67095.0,66745.0,66840.0,679.0
2026-07-21 14:30:00,66860.0,67050.0,66785.0,66970.0,249.0
2026-07-21 15:00:00,66965.0,66980.0,66745.0,66745.0,184.0
2026-07-21 15:30:00,66715.0,66825.0,66625.0,66775.0,152.0
2026-07-21 16:00:00,66760.0,66855.0,66620.0,66640.0,248.0
2026-07-21 16:30:00,66620.0,66745.0,66560.0,66625.0,149.0
2026-07-21 17:00:00,66645.0,66645.0,66460.0,66520.0,154.0
2026-07-21 17:30:00,66530.0,66595.0,66180.0,66305.0,349.0
2026-07-21 18:00:00,66315.0,66410.0,66195.0,66320.0,179.0
2026-07-21 18:30:00,66265.0,66440.0,66075.0,66395.0,284.0
2026-07-21 19:00:00,66390.0,66505.0,66355.0,66490.0,165.0
2026-07-21 19:30:00,66485.0,66595.0,66480.0,66530.0,550.0
2026-07-21 20:00:00,66525.0,66585.0,66460.0,66535.0,121.0
2026-07-22 13:30:00,65670.0,66070.0,65660.0,66015.0,229.0
2026-07-22 14:00:00,66000.0,66320.0,65640.0,65680.0,234.0
2026-07-22 14:30:00,65680.0,65935.0,65645.0,65775.0,146.0
2026-07-22 15:00:00,65850.0,66210.0,65850.0,66165.0,177.0
2026-07-22 15:30:00,66195.0,66195.0,66035.0,66130.0,95.0
2026-07-22 16:00:00,66145.0,66250.0,66040.0,66130.0,91.0
2026-07-22 16:30:00,66140.0,66500.0,66140.0,66310.0,147.0
2026-07-22 17:00:00,66310.0,66355.0,66020.0,66065.0,88.0
2026-07-22 17:30:00,66060.0,66285.0,66060.0,66105.0,50.0
2026-07-22 18:00:00,66090.0,66140.0,65925.0,65995.0,43.0
2026-07-22 18:30:00,65910.0,65995.0,65810.0,65975.0,66.0
2026-07-22 19:00:00,65975.0,66015.0,65750.0,65965.0,122.0
2026-07-22 19:30:00,65980.0,66040.0,65900.0,65990.0,335.0
2026-07-22 20:00:00,65990.0,66025.0,65825.0,65985.0,330.0
2026-07-23 13:30:00,65050.0,65240.0,64855.0,64895.0,389.0
2026-07-23 14:00:00,64895.0,65250.0,64825.0,65175.0,236.0
2026-07-23 14:30:00,65205.0,65265.0,64840.0,64920.0,207.0
2026-07-23 15:00:00,64930.0,64980.0,64795.0,64870.0,227.0
2026-07-23 15:30:00,64865.0,65040.0,64830.0,64965.0,290.0
2026-07-23 16:00:00,64965.0,64965.0,64740.0,64815.0,157.0
2026-07-23 16:30:00,64805.0,64805.0,64705.0,64750.0,112.0
2026-07-23 17:00:00,64725.0,64885.0,64720.0,64880.0,110.0
2026-07-23 17:30:00,64850.0,64915.0,64650.0,64675.0,142.0
2026-07-23 18:00:00,64680.0,64835.0,64680.0,64835.0,72.0
2026-07-23 18:30:00,64835.0,64985.0,64815.0,64895.0,116.0
2026-07-23 19:00:00,64910.0,64960.0,64765.0,64915.0,221.0
2026-07-23 19:30:00,64930.0,64950.0,64690.0,64835.0,529.0
2026-07-23 20:00:00,64850.0,65070.0,64815.0,65065.0,84.0
2026-07-24 13:30:00,64380.0,64420.0,63880.0,64120.0,652.0
2026-07-24 14:00:00,64130.0,64200.0,63680.0,63840.0,908.0
2026-07-24 14:30:00,63820.0,64025.0,63710.0,64025.0,379.0
2026-07-24 15:00:00,64040.0,64190.0,63825.0,64085.0,444.0
2026-07-24 15:30:00,64110.0,64310.0,64045.0,64085.0,466.0
2026-07-24 16:00:00,64065.0,64190.0,64040.0,64095.0,139.0
2026-07-24 16:30:00,64040.0,64040.0,63890.0,63980.0,121.0
2026-07-24 17:00:00,63955.0,64150.0,63895.0,64070.0,250.0
2026-07-24 17:30:00,64065.0,64175.0,64065.0,64160.0,69.0
2026-07-24 18:00:00,64150.0,64190.0,64110.0,64130.0,54.0
2026-07-24 18:30:00,64165.0,64305.0,64115.0,64275.0,310.0
2026-07-24 19:00:00,64285.0,64300.0,64145.0,64210.0,110.0
2026-07-24 19:30:00,64200.0,64280.0,64165.0,64235.0,379.0
2026-07-24 20:00:00,64240.0,64275.0,64180.0,64210.0,46.0
2026-07-27 13:30:00,64920.0,65735.0,64900.0,65215.0,804.0
2026-07-27 14:00:00,65230.0,65430.0,64875.0,64875.0,394.0
2026-07-27 14:30:00,64865.0,64870.0,64440.0,64650.0,400.0
2026-07-27 15:00:00,64685.0,64750.0,64535.0,64630.0,215.0
2026-07-27 15:30:00,64610.0,64675.0,64415.0,64540.0,281.0
2026-07-27 16:00:00,64540.0,64800.0,64510.0,64720.0,151.0
2026-07-27 16:30:00,64730.0,64975.0,64730.0,64890.0,173.0
2026-07-27 17:00:00,64885.0,65080.0,64790.0,65010.0,159.0
2026-07-27 17:30:00,65020.0,65100.0,64950.0,65020.0,128.0
2026-07-27 18:00:00,65030.0,65060.0,64845.0,64905.0,82.0
2026-07-27 18:30:00,64920.0,64925.0,64745.0,64885.0,198.0
2026-07-27 19:00:00,64870.0,65030.0,64800.0,65015.0,110.0
2026-07-27 19:30:00,65005.0,65075.0,64920.0,64975.0,241.0
2026-07-27 20:00:00,64985.0,65040.0,64915.0,64960.0,74.0
2026-07-28 13:30:00,63250.0,63340.0,62680.0,63030.0,597.0
2026-07-28 14:00:00,63095.0,63260.0,62930.0,63125.0,180.0
2026-07-28 14:30:00,63170.0,63525.0,63110.0,63390.0,317.0
2026-07-28 15:00:00,63365.0,63960.0,63280.0,63750.0,445.0
2026-07-28 15:30:00,63755.0,64030.0,63690.0,63925.0,372.0
2026-07-28 16:00:00,63920.0,63945.0,63800.0,63840.0,160.0
2026-07-28 16:30:00,63825.0,64145.0,63800.0,64050.0,174.0
2026-07-28 17:00:00,64040.0,64040.0,63690.0,63730.0,187.0
2026-07-28 17:30:00,63740.0,63740.0,63510.0,63695.0,117.0
2026-07-28 18:00:00,63695.0,63790.0,63675.0,63700.0,49.0
2026-07-28 18:30:00,63690.0,63785.0,63670.0,63720.0,60.0
2026-07-28 19:00:00,63735.0,63845.0,63695.0,63740.0,105.0
2026-07-28 19:30:00,63760.0,63900.0,63655.0,63890.0,385.0
2026-07-28 20:00:00,63885.0,64000.0,63880.0,64000.0,128.0
2026-07-29 13:30:00,64375.0,64865.0,64375.0,64825.0,115.0
2026-07-29 14:00:00,64920.0,64945.0,64315.0,64380.0,86.0
2026-07-29 14:30:00,64405.0,64425.0,64215.0,64260.0,117.0
2026-07-29 15:00:00,64270.0,64355.0,64135.0,64250.0,82.0
2026-07-29 15:30:00,64195.0,64335.0,64055.0,64130.0,89.0
2026-07-29 16:00:00,64130.0,64255.0,64050.0,64205.0,98.0
2026-07-29 16:30:00,64185.0,64185.0,63805.0,63965.0,79.0
2026-07-29 17:00:00,63980.0,64025.0,63880.0,63935.0,46.0
2026-07-29 17:30:00,63910.0,64420.0,63895.0,64420.0,48.0
2026-07-29 18:00:00,64425.0,64860.0,64215.0,64310.0,203.0
2026-07-29 18:30:00,64310.0,64890.0,63995.0,64760.0,202.0
2026-07-29 19:00:00,64760.0,64845.0,64165.0,64200.0,233.0
2026-07-29 19:30:00,64235.0,64310.0,63725.0,63760.0,225.0
2026-07-29 20:00:00,63795.0,63810.0,63535.0,63740.0,91.0
2026-07-30 13:30:00,65070.0,65435.0,64925.0,65310.0,464.0
2026-07-30 14:00:00,65270.0,65285.0,64875.0,65055.0,223.0
2026-07-30 14:30:00,65025.0,65110.0,64900.0,64930.0,191.0
2026-07-30 15:00:00,64920.0,65130.0,64850.0,64940.0,157.0
2026-07-30 15:30:00,64900.0,65060.0,64875.0,64945.0,70.0
2026-07-30 16:00:00,64965.0,65210.0,64965.0,65145.0,102.0
2026-07-30 16:30:00,65145.0,65150.0,65025.0,65065.0,60.0
2026-07-30 17:00:00,65085.0,65225.0,65015.0,65225.0,101.0
2026-07-30 17:30:00,65215.0,65225.0,65075.0,65135.0,62.0
2026-07-30 18:00:00,65140.0,65150.0,65000.0,65045.0,54.0
2026-07-30 18:30:00,65050.0,65055.0,64905.0,64930.0,128.0
2026-07-30 19:00:00,64935.0,65120.0,64930.0,65110.0,76.0
2026-07-30 19:30:00,65110.0,65110.0,65020.0,65075.0,326.0
2026-07-30 20:00:00,65070.0,65205.0,65045.0,65065.0,84.0
2026-07-31 13:30:00,63970.0,63980.0,63340.0,63395.0,918.0
2026-07-31 14:00:00,63365.0,63435.0,62400.0,62730.0,2254.0
2026-07-31 14:30:00,62760.0,62930.0,62680.0,62770.0,497.0
2026-07-31 15:00:00,62785.0,62845.0,62560.0,62675.0,400.0
2026-07-31 15:30:00,62675.0,62885.0,62660.0,62825.0,253.0
2026-07-31 16:00:00,62830.0,63060.0,62805.0,63050.0,205.0
2026-07-31 16:30:00,63015.0,63025.0,62935.0,63005.0,120.0
2026-07-31 17:00:00,62990.0,63120.0,62935.0,63115.0,149.0
2026-07-31 17:30:00,63090.0,63460.0,63090.0,63410.0,250.0
2026-07-31 18:00:00,63410.0,63490.0,63210.0,63225.0,311.0
2026-07-31 18:30:00,63215.0,63360.0,63120.0,63265.0,203.0
2026-07-31 19:00:00,63260.0,63325.0,63180.0,63190.0,148.0
2026-07-31 19:30:00,63190.0,63230.0,63085.0,63130.0,733.0
2026-07-31 20:00:00,63145.0,63190.0,63115.0,63175.0,134.0
2026-08-03 13:30:00,62890.0,63550.0,62690.0,63500.0,510.0
2026-08-03 14:00:00,63485.0,64005.0,63295.0,63955.0,1240.0
2026-08-03 14:30:00,63975.0,64185.0,63820.0,64170.0,1135.0
2026-08-03 15:00:00,64165.0,64190.0,63880.0,63925.0,613.0
2026-08-03 15:30:00,63925.0,64130.0,63840.0,63885.0,365.0
2026-08-03 16:00:00,63890.0,64160.0,63845.0,64110.0,389.0
2026-08-03 16:30:00,64115.0,64115.0,63890.0,63960.0,135.0
2026-08-03 17:00:00,63965.0,64260.0,63910.0,64020.0,181.0
2026-08-03 17:30:00,64010.0,64170.0,63985.0,64105.0,102.0
2026-08-03 18:00:00,64110.0,64225.0,64020.0,64055.0,135.0
2026-08-03 18:30:00,64070.0,64155.0,63975.0,64075.0,135.0
2026-08-03 19:00:00,64090.0,64230.0,64035.0,64185.0,106.0
2026-08-03 19:30:00,64210.0,64315.0,64055.0,64080.0,456.0
2026-08-03 20:00:00,64070.0,64165.0,64025.0,64155.0,89.0
2026-08-04 13:30:00,64065.0,64315.0,63815.0,63865.0,522.0
2026-08-04 14:00:00,63865.0,64095.0,63800.0,64080.0,321.0
2026-08-04 14:30:00,64105.0,64410.0,64040.0,64355.0,248.0
2026-08-04 15:00:00,64350.0,64450.0,64130.0,64150.0,441.0
2026-08-04 15:30:00,64160.0,64455.0,63990.0,64320.0,716.0
2026-08-04 16:00:00,64345.0,64345.0,64165.0,64225.0,390.0
2026-08-04 16:30:00,64215.0,64260.0,64090.0,64140.0,267.0
2026-08-04 17:00:00,64150.0,64400.0,64145.0,64400.0,362.0
2026-08-04 17:30:00,64355.0,64395.0,64085.0,64170.0,309.0
2026-08-04 18:00:00,64185.0,64630.0,64185.0,64585.0,441.0
2026-08-04 18:30:00,64600.0,64635.0,64435.0,64535.0,195.0
2026-08-04 19:00:00,64535.0,64605.0,64495.0,64515.0,128.0
2026-08-04 19:30:00,64510.0,64635.0,64420.0,64455.0,468.0
2026-08-04 20:00:00,64465.0,64480.0,64350.0,64405.0,95.0
2026-08-05 13:30:00,64325.0,64625.0,64045.0,64625.0,583.0
2026-08-05 14:00:00,64605.0,64830.0,64510.0,64555.0,442.0
2026-08-05 14:30:00,64555.0,64780.0,64515.0,64725.0,166.0
2026-08-05 15:00:00,64725.0,65020.0,64680.0,64730.0,553.0
2026-08-05 15:30:00,64755.0,64975.0,64575.0,64590.0,165.0
2026-08-05 16:00:00,64605.0,65015.0,64575.0,65015.0,239.0
2026-08-05 16:30:00,64995.0,65005.0,64830.0,64875.0,138.0
2026-08-05 17:00:00,64900.0,64935.0,64725.0,64825.0,68.0
2026-08-05 17:30:00,64805.0,65045.0,64805.0,64995.0,111.0
2026-08-05 18:00:00,65000.0,65070.0,64900.0,64950.0,184.0
2026-08-05 18:30:00,64900.0,65095.0,64895.0,65045.0,95.0
2026-08-05 19:00:00,65025.0,65185.0,65020.0,65170.0,225.0
2026-08-05 19:30:00,65160.0,65180.0,65050.0,65055.0,360.0
2026-08-05 20:00:00,65065.0,65165.0,65020.0,65165.0,110.0
2026-08-06 13:30:00,64400.0,64720.0,64315.0,64620.0,323.0
2026-08-06 14:00:00,64605.0,64780.0,64550.0,64615.0,188.0
2026-08-06 14:30:00,64555.0,65055.0,64520.0,65005.0,309.0
2026-08-06 15:00:00,65000.0,65220.0,64885.0,65045.0,383.0
2026-08-06 15:30:00,65050.0,65080.0,64840.0,64880.0,109.0
2026-08-06 16:00:00,64830.0,64905.0,64785.0,64840.0,68.0
2026-08-06 16:30:00,64835.0,64940.0,64805.0,64935.0,38.0
2026-08-06 17:00:00,64995.0,65050.0,64880.0,64885.0,55.0
2026-08-06 17:30:00,64855.0,64890.0,64725.0,64830.0,70.0
2026-08-06 18:00:00,64785.0,64790.0,64645.0,64695.0,104.0
2026-08-06 18:30:00,64685.0,64685.0,64555.0,64590.0,121.0
2026-08-06 19:00:00,64595.0,64635.0,64560.0,64585.0,165.0
2026-08-06 19:30:00,64565.0,64660.0,64535.0,64625.0,265.0
2026-08-06 20:00:00,64635.0,64725.0,64630.0,64715.0,80.0
2026-08-07 13:30:00,65365.0,65570.0,65165.0,65205.0,449.0
2026-08-07 14:00:00,65205.0,65440.0,64955.0,65385.0,530.0
2026-08-07 14:30:00,65375.0,65490.0,65130.0,65135.0,196.0
2026-08-07 15:00:00,65140.0,65260.0,65090.0,65195.0,193.0
2026-08-07 15:30:00,65210.0,65315.0,65070.0,65085.0,152.0
2026-08-07 16:00:00,65090.0,65260.0,65055.0,65095.0,185.0
2026-08-07 16:30:00,65115.0,65160.0,64970.0,64980.0,87.0
2026-08-07 17:00:00,64985.0,64990.0,64725.0,64745.0,478.0
2026-08-07 17:30:00,64745.0,64935.0,64660.0,64935.0,315.0
2026-08-07 18:00:00,64940.0,65075.0,64940.0,64980.0,93.0
2026-08-07 18:30:00,65000.0,65025.0,64840.0,64905.0,113.0
2026-08-07 19:00:00,64920.0,65205.0,64915.0,65145.0,283.0
2026-08-07 19:30:00,65140.0,65250.0,65125.0,65160.0,446.0
2026-08-07 20:00:00,65155.0,65265.0,65155.0,65220.0,143.0
2026-08-10 13:30:00,65070.0,65070.0,64585.0,64655.0,858.0
2026-08-10 14:00:00,64655.0,64965.0,64630.0,64915.0,266.0
2026-08-10 14:30:00,64915.0,65035.0,64735.0,64740.0,99.0
2026-08-10 15:00:00,64740.0,64825.0,64390.0,64490.0,296.0
2026-08-10 15:30:00,64480.0,64505.0,64285.0,64385.0,586.0
2026-08-10 16:00:00,64380.0,64460.0,64045.0,64200.0,720.0
2026-08-10 16:30:00,64200.0,64270.0,63870.0,63965.0,729.0
2026-08-10 17:00:00,64000.0,64080.0,63880.0,63975.0,308.0
2026-08-10 17:30:00,63960.0,64080.0,63935.0,64000.0,253.0
2026-08-10 18:00:00,64010.0,64070.0,63940.0,63940.0,242.0
2026-08-10 18:30:00,63940.0,64005.0,63865.0,63950.0,198.0
2026-08-10 19:00:00,63955.0,64120.0,63955.0,64115.0,160.0
2026-08-10 19:30:00,64120.0,64195.0,63985.0,64150.0,569.0
2026-08-10 20:00:00,64130.0,64175.0,64105.0,64120.0,110.0
2026-08-11 13:30:00,64290.0,64340.0,64120.0,64295.0,260.0
2026-08-11 14:00:00,64245.0,64360.0,63975.0,64090.0,228.0
2026-08-11 14:30:00,64080.0,64110.0,63780.0,63840.0,276.0
2026-08-11 15:00:00,63810.0,63935.0,63770.0,63930.0,377.0
2026-08-11 15:30:00,63915.0,63915.0,63490.0,63650.0,623.0
2026-08-11 16:00:00,63620.0,63715.0,63595.0,63665.0,280.0
2026-08-11 16:30:00,63640.0,63670.0,63510.0,63555.0,97.0
2026-08-11 17:00:00,63555.0,63650.0,63505.0,63600.0,135.0
2026-08-11 17:30:00,63640.0,63680.0,63560.0,63640.0,138.0
2026-08-11 18:00:00,63635.0,63675.0,63500.0,63520.0,169.0
2026-08-11 18:30:00,63530.0,63555.0,63315.0,63415.0,342.0
2026-08-11 19:00:00,63410.0,63425.0,63260.0,63400.0,343.0
2026-08-11 19:30:00,63405.0,63620.0,63395.0,63615.0,509.0
2026-08-11 20:00:00,63620.0,63785.0,63595.0,63735.0,167.0
2026-08-12 13:30:00,64025.0,64165.0,63900.0,63905.0,288.0
2026-08-12 14:00:00,63880.0,63970.0,63655.0,63715.0,269.0
2026-08-12 14:30:00,63700.0,63755.0,63385.0,63405.0,624.0
2026-08-12 15:00:00,63410.0,63585.0,63355.0,63540.0,409.0
2026-08-12 15:30:00,63540.0,63610.0,63440.0,63475.0,175.0
2026-08-12 16:00:00,63475.0,63590.0,63380.0,63590.0,342.0
2026-08-12 16:30:00,63595.0,63620.0,63500.0,63535.0,100.0
2026-08-12 17:00:00,63530.0,63585.0,63450.0,63480.0,94.0
2026-08-12 17:30:00,63470.0,63580.0,63435.0,63505.0,132.0
2026-08-12 18:00:00,63500.0,63540.0,63420.0,63460.0,131.0
2026-08-12 18:30:00,63450.0,63550.0,63400.0,63410.0,106.0
2026-08-12 19:00:00,63405.0,63495.0,63355.0,63425.0,174.0
2026-08-12 19:30:00,63410.0,63480.0,63355.0,63460.0,377.0
2026-08-12 20:00:00,63460.0,63570.0,63455.0,63520.0,72.0
2026-08-13 13:30:00,63635.0,63935.0,63610.0,63765.0,284.0
2026-08-13 14:00:00,63815.0,63970.0,63730.0,63880.0,334.0
2026-08-13 14:30:00,63880.0,64100.0,63835.0,63940.0,355.0
2026-08-13 15:00:00,63950.0,64030.0,63670.0,63670.0,189.0
2026-08-13 15:30:00,63705.0,63815.0,63465.0,63475.0,202.0
2026-08-13 16:00:00,63450.0,63610.0,63320.0,63390.0,404.0
2026-08-13 16:30:00,63395.0,63470.0,62865.0,63190.0,979.0
2026-08-13 17:00:00,63185.0,63300.0,63105.0,63210.0,203.0
2026-08-13 17:30:00,63240.0,63325.0,63125.0,63170.0,175.0
2026-08-13 18:00:00,63165.0,63320.0,63140.0,63145.0,113.0
2026-08-13 18:30:00,63150.0,63405.0,63135.0,63395.0,110.0
2026-08-13 19:00:00,63355.0,63580.0,63355.0,63480.0,188.0
2026-08-13 19:30:00,63460.0,63540.0,63450.0,63470.0,359.0
2026-08-13 20:00:00,63480.0,63540.0,63435.0,63490.0,78.0
2026-08-14 13:30:00,62765.0,62810.0,62595.0,62640.0,281.0
2026-08-14 14:00:00,62675.0,62745.0,62565.0,62690.0,277.0
2026-08-14 14:30:00,62685.0,62820.0,62520.0,62610.0,395.0
2026-08-14 15:00:00,62600.0,62880.0,62595.0,62880.0,181.0
2026-08-14 15:30:00,62890.0,63125.0,62800.0,63040.0,578.0
2026-08-14 16:00:00,63030.0,63210.0,63000.0,63165.0,310.0
2026-08-14 16:30:00,63180.0,63290.0,63150.0,63195.0,318.0
2026-08-14 17:00:00,63200.0,63310.0,63165.0,63270.0,216.0
2026-08-14 17:30:00,63265.0,63280.0,63055.0,63070.0,223.0
2026-08-14 18:00:00,63080.0,63125.0,62990.0,63075.0,239.0
2026-08-14 18:30:00,63055.0,63075.0,62925.0,62940.0,192.0
2026-08-14 19:00:00,62925.0,62960.0,62830.0,62945.0,263.0
2026-08-14 19:30:00,62945.0,63015.0,62890.0,62990.0,264.0
2026-08-14 20:00:00,62985.0,63045.0,62985.0,62990.0,44.0
2026-08-17 13:30:00,63500.0,63860.0,63490.0,63705.0,555.0
2026-08-17 14:00:00,63715.0,63790.0,63620.0,63660.0,157.0
2026-08-17 14:30:00,63655.0,63970.0,63625.0,63965.0,319.0
2026-08-17 15:00:00,63975.0,64210.0,63875.0,64125.0,879.0
2026-08-17 15:30:00,64135.0,64330.0,64060.0,64295.0,1009.0
2026-08-17 16:00:00,64305.0,64305.0,64120.0,64170.0,626.0
2026-08-17 16:30:00,64180.0,64270.0,64140.0,64190.0,237.0
2026-08-17 17:00:00,64195.0,64540.0,64030.0,64290.0,1192.0
2026-08-17 17:30:00,64300.0,64450.0,64130.0,64425.0,742.0
2026-08-17 18:00:00,64420.0,64725.0,64370.0,64600.0,796.0
2026-08-17 18:30:00,64610.0,64620.0,64495.0,64535.0,399.0
2026-08-17 19:00:00,64535.0,64535.0,64395.0,64505.0,346.0
2026-08-17 19:30:00,64490.0,64535.0,64380.0,64405.0,517.0
2026-08-17 20:00:00,64410.0,64410.0,64350.0,64400.0,153.0
2026-08-18 13:30:00,64115.0,64350.0,64070.0,64285.0,482.0
2026-08-18 14:00:00,64285.0,65165.0,64280.0,65125.0,1223.0
2026-08-18 14:30:00,65110.0,65190.0,64740.0,64815.0,679.0
2026-08-18 15:00:00,64830.0,64940.0,64735.0,64905.0,153.0
2026-08-18 15:30:00,64900.0,65020.0,64895.0,64975.0,245.0
2026-08-18 16:00:00,64980.0,65010.0,64810.0,64810.0,161.0
2026-08-18 16:30:00,64790.0,64995.0,64770.0,64945.0,91.0
2026-08-18 17:00:00,64940.0,64950.0,64865.0,64935.0,97.0
2026-08-18 17:30:00,64950.0,64950.0,64740.0,64740.0,116.0
2026-08-18 18:00:00,64740.0,64920.0,64730.0,64910.0,57.0
2026-08-18 18:30:00,64905.0,64935.0,64845.0,64865.0,112.0
2026-08-18 19:00:00,64860.0,64890.0,64780.0,64870.0,130.0
2026-08-18 19:30:00,64860.0,64865.0,64700.0,64705.0,354.0
2026-08-18 20:00:00,64715.0,64735.0,64645.0,64710.0,116.0
2026-08-19 13:30:00,65100.0,65320.0,64855.0,65095.0,691.0
2026-08-19 14:00:00,65155.0,65605.0,65100.0,65515.0,1016.0
2026-08-19 14:30:00,65520.0,66125.0,65450.0,66070.0,1255.0
2026-08-19 15:00:00,66085.0,69895.0,66030.0,68430.0,3778.0
2026-08-19 15:30:00,68465.0,69030.0,67935.0,68765.0,1901.0
2026-08-19 16:00:00,68720.0,69130.0,68700.0,69060.0,662.0
2026-08-19 16:30:00,69050.0,69080.0,68590.0,68640.0,553.0
2026-08-19 17:00:00,68630.0,68700.0,67960.0,68115.0,920.0
2026-08-19 17:30:00,68125.0,68415.0,67935.0,68315.0,487.0
2026-08-19 18:00:00,68340.0,68490.0,68180.0,68435.0,327.0
2026-08-19 18:30:00,68420.0,68645.0,68380.0,68545.0,347.0
2026-08-19 19:00:00,68530.0,68615.0,68140.0,68315.0,737.0
2026-08-19 19:30:00,68315.0,68655.0,68300.0,68575.0,1043.0
2026-08-19 20:00:00,68600.0,68860.0,68525.0,68810.0,259.0
2026-08-20 13:30:00,72110.0,72115.0,71280.0,71840.0,1198.0
2026-08-20 14:00:00,71830.0,72145.0,71465.0,71555.0,523.0
2026-08-20 14:30:00,71550.0,71935.0,71520.0,71935.0,653.0
2026-08-20 15:00:00,71985.0,72740.0,71940.0,72570.0,1085.0
2026-08-20 15:30:00,72565.0,72960.0,72310.0,72605.0,437.0
2026-08-20 16:00:00,72600.0,72670.0,72360.0,72555.0,226.0
2026-08-20 16:30:00,72535.0,73060.0,72415.0,73005.0,359.0
2026-08-20 17:00:00,73000.0,73025.0,72710.0,72985.0,273.0
2026-08-20 17:30:00,72970.0,73135.0,72835.0,72895.0,297.0
2026-08-20 18:00:00,72950.0,72970.0,72635.0,72855.0,401.0
2026-08-20 18:30:00,72825.0,72855.0,72555.0,72605.0,251.0
2026-08-20 19:00:00,72595.0,72795.0,72515.0,72770.0,200.0
2026-08-20 19:30:00,72765.0,72945.0,72710.0,72805.0,850.0
2026-08-20 20:00:00,72795.0,72960.0,72760.0,72855.0,172.0
2026-08-21 13:30:00,77235.0,77875.0,76360.0,77445.0,1082.0
2026-08-21 14:00:00,77410.0,77410.0,76720.0,77230.0,654.0
2026-08-21 14:30:00,77230.0,77635.0,77045.0,77565.0,416.0
2026-08-21 15:00:00,77575.0,78035.0,77490.0,77795.0,550.0
2026-08-21 15:30:00,77770.0,77930.0,77300.0,77345.0,321.0
2026-08-21 16:00:00,77375.0,77535.0,76915.0,77535.0,345.0
2026-08-21 16:30:00,77535.0,77735.0,77390.0,77655.0,243.0
2026-08-21 17:00:00,77650.0,77860.0,77360.0,77720.0,210.0
2026-08-21 17:30:00,77710.0,77815.0,77470.0,77540.0,232.0
2026-08-21 18:00:00,77545.0,77685.0,77395.0,77535.0,187.0
2026-08-21 18:30:00,77505.0,77575.0,76785.0,77270.0,350.0
2026-08-21 19:00:00,77280.0,77475.0,77020.0,77475.0,278.0
2026-08-21 19:30:00,77480.0,77490.0,77135.0,77170.0,1016.0
2026-08-21 20:00:00,77165.0,77450.0,77000.0,77435.0,285.0
2026-08-24 13:30:00,79095.0,79145.0,77910.0,78670.0,725.0
2026-08-24 14:00:00,78755.0,79755.0,78695.0,79490.0,520.0
2026-08-24 14:30:00,79480.0,79980.0,79380.0,79575.0,463.0
2026-08-24 15:00:00,79645.0,80115.0,79500.0,80005.0,371.0
2026-08-24 15:30:00,80015.0,80115.0,78910.0,79180.0,628.0
2026-08-24 16:00:00,79195.0,79985.0,79195.0,79805.0,448.0
2026-08-24 16:30:00,79810.0,79870.0,78950.0,79150.0,346.0
2026-08-24 17:00:00,78940.0,79285.0,78585.0,78640.0,527.0
2026-08-24 17:30:00,78640.0,78940.0,78595.0,78850.0,259.0
2026-08-24 18:00:00,78910.0,79195.0,78840.0,79120.0,203.0
2026-08-24 18:30:00,79155.0,79190.0,78845.0,79030.0,159.0
2026-08-24 19:00:00,79035.0,79235.0,78730.0,78980.0,254.0
2026-08-24 19:30:00,78975.0,79075.0,78705.0,78825.0,405.0
2026-08-24 20:00:00,78845.0,78910.0,78645.0,78760.0,82.0
2026-08-25 13:30:00,78730.0,79310.0,78180.0,78720.0,676.0
2026-08-25 14:00:00,78745.0,79400.0,78605.0,79320.0,497.0
2026-08-25 14:30:00,79295.0,79505.0,79105.0,79310.0,301.0
2026-08-25 15:00:00,79250.0,79480.0,79140.0,79350.0,217.0
2026-08-25 15:30:00,79345.0,79610.0,79335.0,79600.0,205.0
2026-08-25 16:00:00,79585.0,79660.0,79145.0,79225.0,207.0
2026-08-25 16:30:00,79220.0,79480.0,79195.0,79275.0,167.0
2026-08-25 17:00:00,79250.0,79260.0,78850.0,78850.0,278.0
2026-08-25 17:30:00,78915.0,79350.0,78915.0,79330.0,216.0
2026-08-25 18:00:00,79300.0,79490.0,79300.0,79355.0,117.0
2026-08-25 18:30:00,79340.0,79340.0,79155.0,79225.0,80.0
2026-08-25 19:00:00,79205.0,79290.0,78985.0,78985.0,95.0
2026-08-25 19:30:00,78970.0,79030.0,78815.0,78990.0,311.0
2026-08-25 20:00:00,79005.0,79060.0,78750.0,78905.0,94.0
2026-08-26 13:30:00,78475.0,78990.0,78475.0,78870.0,308.0
2026-08-26 14:00:00,78860.0,79030.0,78625.0,78660.0,260.0
2026-08-26 14:30:00,78645.0,78685.0,78145.0,78165.0,356.0
2026-08-26 15:00:00,78150.0,78585.0,78020.0,78565.0,323.0
2026-08-26 15:30:00,78580.0,78580.0,78335.0,78380.0,166.0
2026-08-26 16:00:00,78415.0,78575.0,78375.0,78450.0,130.0
2026-08-26 16:30:00,78425.0,78565.0,78300.0,78460.0,94.0
2026-08-26 17:00:00,78390.0,78930.0,78390.0,78930.0,132.0
2026-08-26 17:30:00,78900.0,79025.0,78760.0,78810.0,146.0
2026-08-26 18:00:00,78810.0,79045.0,78805.0,78845.0,130.0
2026-08-26 18:30:00,78855.0,78890.0,78680.0,78880.0,134.0
2026-08-26 19:00:00,78855.0,78950.0,78705.0,78930.0,112.0
2026-08-26 19:30:00,78950.0,78955.0,78790.0,78905.0,284.0
2026-08-26 20:00:00,78910.0,78950.0,78870.0,78890.0,20.0
2026-08-27 13:30:00,79705.0,80005.0,79290.0,79980.0,482.0
2026-08-27 14:00:00,79970.0,80360.0,79770.0,80355.0,379.0
2026-08-27 14:30:00,80345.0,80855.0,80265.0,80670.0,265.0
2026-08-27 15:00:00,80675.0,81235.0,80535.0,81035.0,360.0
2026-08-27 15:30:00,81040.0,81040.0,80735.0,80740.0,196.0
2026-08-27 16:00:00,80735.0,80960.0,80580.0,80825.0,166.0
2026-08-27 16:30:00,80765.0,81055.0,80695.0,80805.0,222.0
2026-08-27 17:00:00,80785.0,81250.0,80645.0,81115.0,443.0
2026-08-27 17:30:00,81145.0,81210.0,80835.0,80855.0,321.0
2026-08-27 18:00:00,80845.0,80845.0,80145.0,80305.0,367.0
2026-08-27 18:30:00,80290.0,80530.0,80235.0,80530.0,251.0
2026-08-27 19:00:00,80535.0,80685.0,80415.0,80550.0,214.0
2026-08-27 19:30:00,80565.0,80595.0,80240.0,80245.0,490.0
2026-08-27 20:00:00,80260.0,80415.0,80215.0,80340.0,77.0
2026-08-28 13:30:00,79520.0,79860.0,79380.0,79675.0,403.0
2026-08-28 14:00:00,79670.0,80050.0,78725.0,79275.0,1557.0
2026-08-28 14:30:00,79280.0,80060.0,79190.0,79920.0,620.0
2026-08-28 15:00:00,79950.0,80235.0,79590.0,79690.0,473.0
2026-08-28 15:30:00,79690.0,79690.0,78610.0,78620.0,569.0
2026-08-28 16:00:00,78615.0,78700.0,77165.0,77825.0,1245.0
2026-08-28 16:30:00,77805.0,78325.0,77805.0,78100.0,446.0
2026-08-28 17:00:00,78115.0,78435.0,77980.0,78280.0,303.0
2026-08-28 17:30:00,78260.0,78340.0,78025.0,78200.0,283.0
2026-08-28 18:00:00,78230.0,78270.0,77830.0,77910.0,318.0
2026-08-28 18:30:00,77905.0,77960.0,77605.0,77885.0,388.0
2026-08-28 19:00:00,77895.0,78105.0,77805.0,78000.0,300.0
2026-08-28 19:30:00,77990.0,77990.0,77640.0,77850.0,674.0
2026-08-28 20:00:00,77845.0,77900.0,77745.0,77850.0,183.0
2026-08-31 13:30:00,78310.0,78580.0,77990.0,78130.0,443.0
2026-08-31 14:00:00,78155.0,78365.0,78000.0,78325.0,278.0
2026-08-31 14:30:00,78315.0,78990.0,78245.0,78920.0,358.0
2026-08-31 15:00:00,78910.0,78990.0,78505.0,78740.0,243.0
2026-08-31 15:30:00,78725.0,79095.0,78725.0,78885.0,349.0
2026-08-31 16:00:00,78900.0,79140.0,78835.0,78975.0,223.0
2026-08-31 16:30:00,78960.0,79190.0,78895.0,78960.0,150.0
2026-08-31 17:00:00,78930.0,79105.0,78815.0,78845.0,243.0
2026-08-31 17:30:00,78875.0,79355.0,78875.0,79225.0,185.0
2026-08-31 18:00:00,79210.0,79415.0,79095.0,79225.0,182.0
2026-08-31 18:30:00,79205.0,79555.0,79200.0,79340.0,157.0
2026-08-31 19:00:00,79350.0,79600.0,79350.0,79425.0,164.0
2026-08-31 19:30:00,79420.0,79485.0,79150.0,79205.0,530.0
2026-08-31 20:00:00,79230.0,79300.0,79165.0,79290.0,70.0
2026-09-01 13:30:00,78085.0,78475.0,77695.0,78295.0,677.0
2026-09-01 14:00:00,78360.0,78705.0,78310.0,78540.0,530.0
2026-09-01 14:30:00,78555.0,78705.0,78395.0,78420.0,302.0
2026-09-01 15:00:00,78420.0,78420.0,77935.0,78100.0,220.0
2026-09-01 15:30:00,78115.0,78325.0,78050.0,78150.0,93.0
2026-09-01 16:00:00,78160.0,78215.0,77675.0,77830.0,184.0
2026-09-01 16:30:00,77810.0,77895.0,77525.0,77830.0,145.0
2026-09-01 17:00:00,77845.0,77880.0,77690.0,77765.0,76.0
2026-09-01 17:30:00,77750.0,77985.0,77500.0,77510.0,214.0
2026-09-01 18:00:00,77530.0,77560.0,76750.0,77265.0,467.0
2026-09-01 18:30:00,77255.0,77380.0,76645.0,77380.0,349.0
2026-09-01 19:00:00,77380.0,77685.0,77320.0,77585.0,205.0
2026-09-01 19:30:00,77580.0,77625.0,77425.0,77560.0,442.0
2026-09-01 20:00:00,77560.0,77620.0,77470.0,77535.0,108.0
2026-09-02 13:30:00,77100.0,77710.0,76815.0,77380.0,555.0
2026-09-02 14:00:00,77345.0,77755.0,77270.0,77600.0,472.0
2026-09-02 14:30:00,77525.0,77640.0,77295.0,77300.0,191.0
2026-09-02 15:00:00,77275.0,77380.0,76940.0,77270.0,192.0
2026-09-02 15:30:00,77270.0,77660.0,77230.0,77515.0,271.0
2026-09-02 16:00:00,77540.0,77800.0,77485.0,77690.0,132.0
2026-09-02 16:30:00,77710.0,77765.0,77405.0,77405.0,64.0
2026-09-02 17:00:00,77470.0,77470.0,77245.0,77315.0,56.0
2026-09-02 17:30:00,77340.0,77660.0,77340.0,77635.0,121.0
2026-09-02 18:00:00,77635.0,77800.0,77565.0,77680.0,111.0
2026-09-02 18:30:00,77700.0,77700.0,77550.0,77645.0,93.0
2026-09-02 19:00:00,77630.0,77680.0,77460.0,77465.0,100.0
2026-09-02 19:30:00,77390.0,77605.0,77355.0,77565.0,295.0
2026-09-02 20:00:00,77600.0,77775.0,77540.0,77555.0,69.0
2026-09-03 13:30:00,78750.0,79285.0,78705.0,79155.0,609.0
2026-09-03 14:00:00,79125.0,80055.0,78980.0,80005.0,729.0
2026-09-03 14:30:00,79995.0,80920.0,79935.0,80915.0,1207.0
2026-09-03 15:00:00,80940.0,81305.0,80715.0,81105.0,889.0
2026-09-03 15:30:00,81105.0,81710.0,81060.0,81670.0,555.0
2026-09-03 16:00:00,81675.0,81705.0,80990.0,81095.0,391.0
2026-09-03 16:30:00,81125.0,81400.0,81120.0,81330.0,192.0
2026-09-03 17:00:00,81320.0,81490.0,81245.0,81330.0,176.0
2026-09-03 17:30:00,81375.0,81530.0,81330.0,81380.0,151.0
2026-09-03 18:00:00,81390.0,81715.0,81300.0,81320.0,240.0
2026-09-03 18:30:00,81290.0,81625.0,81235.0,81595.0,173.0
2026-09-03 19:00:00,81580.0,81980.0,81515.0,81900.0,327.0
2026-09-03 19:30:00,81905.0,82135.0,81730.0,82075.0,1054.0
2026-09-03 20:00:00,82080.0,82110.0,81730.0,81810.0,402.0
2026-09-04 13:30:00,79525.0,79915.0,79185.0,79575.0,1011.0
2026-09-04 14:00:00,79565.0,79785.0,79275.0,79600.0,459.0
2026-09-04 14:30:00,79605.0,79710.0,78830.0,79165.0,516.0
2026-09-04 15:00:00,79100.0,79655.0,79000.0,79650.0,199.0
2026-09-04 15:30:00,79650.0,79815.0,79585.0,79690.0,177.0
2026-09-04 16:00:00,79675.0,79810.0,79645.0,79790.0,98.0
2026-09-04 16:30:00,79810.0,80155.0,79810.0,79995.0,261.0
2026-09-04 17:00:00,79995.0,79995.0,79725.0,79725.0,79.0
2026-09-04 17:30:00,79760.0,79815.0,79605.0,79705.0,139.0
2026-09-04 18:00:00,79735.0,79865.0,79735.0,79785.0,86.0
2026-09-04 18:30:00,79815.0,79930.0,79805.0,79890.0,69.0
2026-09-04 19:00:00,79890.0,80090.0,79890.0,80070.0,144.0
2026-09-04 19:30:00,80035.0,80105.0,79895.0,80085.0,589.0
2026-09-04 20:00:00,80075.0,80155.0,80035.0,80115.0,126.0
