time,open,high,low,close,volume
2025-04-25 15:00:00,99000.0,99000.0,99000.0,99000.0,15.0
2025-04-25 15:30:00,99000.0,99000.0,99000.0,99000.0,0.0
2025-04-25 16:00:00,98020.0,98020.0,98020.0,98020.0,5.0
2025-04-25 16:30:00,98020.0,98020.0,98020.0,98020.0,0.0
2025-04-25 17:00:00,98020.0,98020.0,98020.0,98020.0,0.0
2025-04-25 17:30:00,98020.0,98020.0,98020.0,98020.0,0.0
2025-04-25 18:00:00,98020.0,98020.0,98020.0,98020.0,0.0
2025-04-25 18:30:00,98020.0,98020.0,98020.0,98020.0,0.0
2025-04-25 19:00:00,98020.0,98020.0,98020.0,98020.0,0.0
2025-04-25 19:30:00,98020.0,98020.0,98020.0,98020.0,0.0
2025-04-25 20:00:00,98020.0,98020.0,98020.0,98020.0,0.0
2025-04-25 20:30:00,98020.0,98020.0,98020.0,98020.0,0.0
2025-04-28 16:00:00,96400.0,96400.0,96400.0,96400.0,10.0
2025-04-28 16:30:00,96400.0,96400.0,96400.0,96400.0,0.0
2025-04-28 17:00:00,96400.0,96400.0,96400.0,96400.0,0.0
2025-04-28 17:30:00,96400.0,96400.0,96400.0,96400.0,0.0
2025-04-28 18:00:00,96400.0,96400.0,96400.0,96400.0,0.0
2025-04-28 18:30:00,96400.0,96400.0,96400.0,96400.0,0.0
2025-04-28 19:00:00,96400.0,96400.0,96400.0,96400.0,0.0
2025-04-28 19:30:00,96400.0,96400.0,96400.0,96400.0,0.0
2025-04-28 20:00:00,96400.0,96400.0,96400.0,96400.0,0.0
2025-04-28 20:30:00,96400.0,96400.0,96400.0,96400.0,0.0
2025-05-02 13:30:00,99755.0,99755.0,99755.0,99755.0,6.0
2025-05-02 14:00:00,99755.0,99755.0,99755.0,99755.0,0.0
2025-05-02 14:30:00,99755.0,99755.0,99755.0,99755.0,0.0
2025-05-02 15:00:00,99755.0,99755.0,99755.0,99755.0,0.0
2025-05-02 15:30:00,99755.0,99755.0,99755.0,99755.0,0.0
2025-05-02 16:00:00,99755.0,99755.0,99755.0,99755.0,0.0
2025-05-02 16:30:00,99755.0,99755.0,99755.0,99755.0,0.0
2025-05-02 17:00:00,99755.0,99755.0,99755.0,99755.0,0.0
2025-05-02 17:30:00,99755.0,99755.0,99755.0,99755.0,0.0
2025-05-02 18:00:00,99755.0,99755.0,99755.0,99755.0,0.0
2025-05-02 18:30:00,99755.0,99755.0,99755.0,99755.0,0.0
2025-05-02 19:00:00,99755.0,99755.0,99755.0,99755.0,0.0
2025-05-02 19:30:00,99755.0,99755.0,99755.0,99755.0,0.0
2025-05-02 20:00:00,99755.0,99755.0,99755.0,99755.0,0.0
2025-05-02 20:30:00,99755.0,99755.0,99755.0,99755.0,0.0
2025-05-05 16:00:00,96685.0,96685.0,96685.0,96685.0,3.0
2025-05-05 16:30:00,96685.0,96685.0,96685.0,96685.0,0.0
2025-05-05 17:00:00,96685.0,96685.0,96685.0,96685.0,0.0
2025-05-05 17:30:00,96685.0,96685.0,96685.0,96685.0,0.0
2025-05-05 18:00:00,96685.0,96685.0,96685.0,96685.0,0.0
2025-05-05 18:30:00,96685.0,96685.0,96685.0,96685.0,0.0
2025-05-05 19:00:00,96685.0,96685.0,96685.0,96685.0,0.0
2025-05-05 19:30:00,96685.0,96685.0,96685.0,96685.0,0.0
2025-05-05 20:00:00,96685.0,96685.0,96685.0,96685.0,0.0
2025-05-05 20:30:00,97090.0,97090.0,97090.0,97090.0,2.0
2025-05-08 17:00:00,103885.0,103885.0,103885.0,103885.0,6.0
2025-05-08 17:30:00,103885.0,103885.0,103885.0,103885.0,0.0
2025-05-08 18:00:00,103885.0,103885.0,103885.0,103885.0,0.0
2025-05-08 18:30:00,103885.0,103885.0,103885.0,103885.0,0.0
2025-05-08 19:00:00,103885.0,103885.0,103885.0,103885.0,0.0
2025-05-08 19:30:00,103885.0,103885.0,103885.0,103885.0,0.0
2025-05-08 20:00:00,103885.0,103885.0,103885.0,103885.0,0.0
2025-05-08 20:30:00,104375.0,104375.0,104375.0,104375.0,6.0
2025-05-12 18:30:00,104375.0,104375.0,104375.0,104375.0,1.0
2025-05-12 19:00:00,104375.0,104375.0,104375.0,104375.0,0.0
2025-05-12 19:30:00,104375.0,104375.0,104375.0,104375.0,0.0
2025-05-12 20:00:00,104375.0,104375.0,104375.0,104375.0,0.0
2025-05-12 20:30:00,104375.0,104375.0,104375.0,104375.0,0.0
2025-05-19 13:30:00,105930.0,105930.0,105930.0,105930.0,5.0
2025-05-19 14:00:00,105930.0,105930.0,105930.0,105930.0,0.0
2025-05-19 14:30:00,105930.0,105930.0,105930.0,105930.0,0.0
2025-05-19 15:00:00,105930.0,105930.0,105930.0,105930.0,0.0
2025-05-19 15:30:00,105930.0,105930.0,105930.0,105930.0,0.0
2025-05-19 16:00:00,108015.0,108015.0,108015.0,108015.0,1.0
2025-05-19 16:30:00,108015.0,108015.0,108015.0,108015.0,0.0
2025-05-19 17:00:00,108015.0,108015.0,108015.0,108015.0,0.0
2025-05-19 17:30:00,108015.0,108015.0,108015.0,108015.0,0.0
2025-05-19 18:00:00,108015.0,108015.0,108015.0,108015.0,0.0
2025-05-19 18:30:00,108330.0,108330.0,108330.0,108330.0,1.0
2025-05-19 19:00:00,108330.0,108330.0,108330.0,108330.0,0.0
2025-05-19 19:30:00,108330.0,108330.0,108330.0,108330.0,0.0
2025-05-19 20:00:00,108330.0,108330.0,108330.0,108330.0,0.0
2025-05-19 20:30:00,108330.0,108330.0,108330.0,108330.0,0.0
2025-05-27 13:30:00,113065.0,113065.0,113065.0,113065.0,0.0
2025-05-27 14:00:00,113065.0,113065.0,113065.0,113065.0,0.0
2025-05-27 14:30:00,113065.0,113065.0,113065.0,113065.0,0.0
2025-05-27 15:00:00,113065.0,113065.0,113065.0,113065.0,0.0
2025-05-27 15:30:00,113065.0,113065.0,113065.0,113065.0,0.0
2025-05-27 16:00:00,113065.0,113065.0,113065.0,113065.0,0.0
2025-05-27 16:30:00,113065.0,113065.0,113065.0,113065.0,0.0
2025-05-27 17:00:00,113065.0,113065.0,113065.0,113065.0,0.0
2025-05-27 17:30:00,113065.0,113065.0,113065.0,113065.0,0.0
2025-05-27 18:00:00,113065.0,113065.0,113065.0,113065.0,0.0
2025-05-27 18:30:00,113065.0,113065.0,113065.0,113065.0,0.0
2025-05-27 19:00:00,113065.0,113065.0,113065.0,113065.0,0.0
2025-05-27 19:30:00,113065.0,113065.0,113065.0,113065.0,0.0
2025-05-27 20:00:00,113065.0,113065.0,113065.0,113065.0,0.0
2025-05-27 20:30:00,113065.0,113065.0,113065.0,113065.0,0.0
2025-05-30 14:00:00,108185.0,108185.0,108185.0,108185.0,2.0
2025-05-30 14:30:00,108185.0,108185.0,108185.0,108185.0,0.0
2025-05-30 15:00:00,108185.0,108185.0,108185.0,108185.0,0.0
2025-05-30 15:30:00,108185.0,108185.0,108185.0,108185.0,0.0
2025-05-30 16:00:00,108185.0,108185.0,108185.0,108185.0,0.0
2025-05-30 16:30:00,108185.0,108185.0,108185.0,108185.0,0.0
2025-05-30 17:00:00,108185.0,108185.0,108185.0,108185.0,0.0
2025-05-30 17:30:00,108185.0,108185.0,108185.0,108185.0,0.0
2025-05-30 18:00:00,108185.0,108185.0,108185.0,108185.0,0.0
2025-05-30 18:30:00,108185.0,108185.0,108185.0,108185.0,0.0
2025-05-30 19:00:00,108185.0,108185.0,108185.0,108185.0,0.0
2025-05-30 19:30:00,108185.0,108185.0,108185.0,108185.0,0.0
2025-05-30 20:00:00,107090.0,107090.0,107090.0,107090.0,1.0
2025-05-30 20:30:00,107090.0,107090.0,107090.0,107090.0,0.0
2025-06-02 13:30:00,107595.0,107595.0,107595.0,107595.0,0.0
2025-06-02 14:00:00,107595.0,107595.0,107595.0,107595.0,0.0
2025-06-02 14:30:00,107595.0,107595.0,107595.0,107595.0,0.0
2025-06-02 15:00:00,107595.0,107595.0,107595.0,107595.0,0.0
2025-06-02 15:30:00,107595.0,107595.0,107595.0,107595.0,0.0
2025-06-02 16:00:00,107595.0,107595.0,107595.0,107595.0,0.0
2025-06-02 16:30:00,107595.0,107595.0,107595.0,107595.0,0.0
2025-06-02 17:00:00,107595.0,107595.0,107595.0,107595.0,0.0
2025-06-02 17:30:00,107110.0,107110.0,107110.0,107110.0,1.0
2025-06-02 18:00:00,107110.0,107110.0,107110.0,107110.0,0.0
2025-06-02 18:30:00,107110.0,107110.0,107110.0,107110.0,0.0
2025-06-02 19:00:00,107110.0,107110.0,107110.0,107110.0,0.0
2025-06-02 19:30:00,107110.0,107110.0,107110.0,107110.0,0.0
2025-06-02 20:00:00,107110.0,107110.0,107110.0,107110.0,0.0
2025-06-02 20:30:00,107110.0,107110.0,107110.0,107110.0,0.0
2025-06-03 13:30:00,108035.0,108035.0,108035.0,108035.0,2.0
2025-06-03 14:00:00,108035.0,108035.0,108035.0,108035.0,0.0
2025-06-03 14:30:00,108035.0,108035.0,108035.0,108035.0,0.0
2025-06-03 15:00:00,108035.0,108035.0,108035.0,108035.0,0.0
2025-06-03 15:30:00,108035.0,108035.0,108035.0,108035.0,0.0
2025-06-03 16:00:00,108035.0,108035.0,108035.0,108035.0,0.0
2025-06-03 16:30:00,108035.0,108035.0,108035.0,108035.0,0.0
2025-06-03 17:00:00,108035.0,108035.0,108035.0,108035.0,0.0
2025-06-03 17:30:00,108035.0,108035.0,108035.0,108035.0,0.0
2025-06-03 18:00:00,108035.0,108035.0,108035.0,108035.0,0.0
2025-06-03 18:30:00,108035.0,108035.0,108035.0,108035.0,0.0
2025-06-03 19:00:00,108035.0,108035.0,108035.0,108035.0,0.0
2025-06-03 19:30:00,109000.0,109000.0,109000.0,109000.0,2.0
2025-06-03 20:00:00,109000.0,109000.0,109000.0,109000.0,0.0
2025-06-03 20:30:00,109000.0,109000.0,109000.0,109000.0,0.0
2025-06-04 20:00:00,107555.0,107555.0,107555.0,107555.0,5.0
2025-06-04 20:30:00,107555.0,107555.0,107555.0,107555.0,0.0
2025-06-05 19:00:00,105000.0,105000.0,105000.0,105000.0,4.0
2025-06-05 19:30:00,105000.0,105000.0,105000.0,105000.0,0.0
2025-06-05 20:00:00,104610.0,104610.0,104610.0,104610.0,1.0
2025-06-05 20:30:00,104610.0,104610.0,104610.0,104610.0,0.0
2025-06-06 13:30:00,106380.0,106380.0,106380.0,106380.0,0.0
2025-06-06 14:00:00,106490.0,106490.0,106490.0,106490.0,1.0
2025-06-06 14:30:00,106490.0,106490.0,106490.0,106490.0,0.0
2025-06-06 15:00:00,106490.0,106490.0,106490.0,106490.0,0.0
2025-06-06 15:30:00,106490.0,106490.0,106490.0,106490.0,0.0
2025-06-06 16:00:00,106490.0,106490.0,106490.0,106490.0,0.0
2025-06-06 16:30:00,106490.0,106490.0,106490.0,106490.0,0.0
2025-06-06 17:00:00,106490.0,106490.0,106490.0,106490.0,0.0
2025-06-06 17:30:00,106490.0,106490.0,106490.0,106490.0,0.0
2025-06-06 18:00:00,106490.0,106490.0,106490.0,106490.0,0.0
2025-06-06 18:30:00,106490.0,106490.0,106490.0,106490.0,0.0
2025-06-06 19:00:00,106490.0,106490.0,106490.0,106490.0,0.0
2025-06-06 19:30:00,106490.0,106490.0,106490.0,106490.0,0.0
2025-06-06 20:00:00,106490.0,106490.0,106490.0,106490.0,0.0
2025-06-06 20:30:00,106490.0,106490.0,106490.0,106490.0,0.0
2025-06-09 13:30:00,110640.0,110640.0,110640.0,110640.0,0.0
2025-06-09 14:00:00,110000.0,110100.0,110000.0,110100.0,2.0
2025-06-09 14:30:00,110450.0,110450.0,110450.0,110450.0,4.0
2025-06-09 15:00:00,110450.0,110450.0,110450.0,110450.0,0.0
2025-06-09 15:30:00,110450.0,110450.0,110450.0,110450.0,0.0
2025-06-09 16:00:00,110450.0,110450.0,110450.0,110450.0,0.0
2025-06-09 16:30:00,110450.0,110450.0,110450.0,110450.0,0.0
2025-06-09 17:00:00,110450.0,110450.0,110450.0,110450.0,0.0
2025-06-09 17:30:00,110450.0,110450.0,110450.0,110450.0,0.0
2025-06-09 18:00:00,110450.0,110450.0,110450.0,110450.0,0.0
2025-06-09 18:30:00,110450.0,110450.0,110450.0,110450.0,0.0
2025-06-09 19:00:00,110450.0,110450.0,110450.0,110450.0,0.0
2025-06-09 19:30:00,110450.0,110450.0,110450.0,110450.0,0.0
2025-06-09 20:00:00,110450.0,110450.0,110450.0,110450.0,0.0
2025-06-09 20:30:00,110450.0,110450.0,110450.0,110450.0,0.0
2025-06-10 13:30:00,111560.0,111560.0,111560.0,111560.0,0.0
2025-06-10 14:00:00,111560.0,111560.0,111560.0,111560.0,0.0
2025-06-10 14:30:00,111560.0,111560.0,111560.0,111560.0,0.0
2025-06-10 15:00:00,111560.0,111560.0,111560.0,111560.0,0.0
2025-06-10 15:30:00,111560.0,111560.0,111560.0,111560.0,0.0
2025-06-10 16:00:00,111560.0,111560.0,111560.0,111560.0,0.0
2025-06-10 16:30:00,111560.0,111560.0,111560.0,111560.0,0.0
2025-06-10 17:00:00,111560.0,111560.0,111560.0,111560.0,0.0
2025-06-10 17:30:00,111560.0,111560.0,111560.0,111560.0,0.0
2025-06-10 18:00:00,111560.0,111560.0,111560.0,111560.0,0.0
2025-06-10 18:30:00,111560.0,111560.0,111560.0,111560.0,0.0
2025-06-10 19:00:00,111560.0,111560.0,111560.0,111560.0,0.0
2025-06-10 19:30:00,111560.0,111560.0,111560.0,111560.0,0.0
2025-06-10 20:00:00,111560.0,111560.0,111560.0,111560.0,0.0
2025-06-10 20:30:00,111560.0,111560.0,111560.0,111560.0,0.0
2025-06-11 13:30:00,111800.0,111800.0,111800.0,111800.0,0.0
2025-06-11 14:00:00,111800.0,111800.0,111800.0,111800.0,0.0
2025-06-11 14:30:00,112705.0,112705.0,112705.0,112705.0,1.0
2025-06-11 15:00:00,112705.0,112705.0,112705.0,112705.0,0.0
2025-06-11 15:30:00,112705.0,112705.0,112705.0,112705.0,0.0
2025-06-11 16:00:00,112235.0,112235.0,112235.0,112235.0,1.0
2025-06-11 16:30:00,112235.0,112235.0,112235.0,112235.0,0.0
2025-06-11 17:00:00,112235.0,112235.0,112235.0,112235.0,0.0
2025-06-11 17:30:00,112235.0,112235.0,112235.0,112235.0,0.0
2025-06-11 18:00:00,112235.0,112235.0,112235.0,112235.0,0.0
2025-06-11 18:30:00,112235.0,112235.0,112235.0,112235.0,0.0
2025-06-11 19:00:00,112235.0,112235.0,112235.0,112235.0,0.0
2025-06-11 19:30:00,112235.0,112235.0,112235.0,112235.0,0.0
2025-06-11 20:00:00,112235.0,112235.0,112235.0,112235.0,0.0
2025-06-11 20:30:00,112235.0,112235.0,112235.0,112235.0,0.0
2025-06-12 14:30:00,110250.0,110250.0,110250.0,110250.0,5.0
2025-06-12 15:00:00,110250.0,110250.0,110250.0,110250.0,0.0
2025-06-12 15:30:00,110250.0,110250.0,110250.0,110250.0,0.0
2025-06-12 16:00:00,110250.0,110250.0,110250.0,110250.0,0.0
2025-06-12 16:30:00,110250.0,110250.0,110250.0,110250.0,0.0
2025-06-12 17:00:00,110250.0,110250.0,110250.0,110250.0,0.0
2025-06-12 17:30:00,110250.0,110250.0,110250.0,110250.0,0.0
2025-06-12 18:00:00,110250.0,110250.0,110250.0,110250.0,0.0
2025-06-12 18:30:00,110250.0,110250.0,110250.0,110250.0,0.0
2025-06-12 19:00:00,110250.0,110250.0,110250.0,110250.0,0.0
2025-06-12 19:30:00,109575.0,109575.0,109575.0,109575.0,1.0
2025-06-12 20:00:00,109575.0,109575.0,109575.0,109575.0,0.0
2025-06-12 20:30:00,109575.0,109575.0,109575.0,109575.0,0.0
2025-06-13 13:30:00,107485.0,107485.0,107485.0,107485.0,0.0
2025-06-13 14:00:00,107485.0,107485.0,107485.0,107485.0,0.0
2025-06-13 14:30:00,107485.0,107485.0,107485.0,107485.0,0.0
2025-06-13 15:00:00,107485.0,107485.0,107485.0,107485.0,0.0
2025-06-13 15:30:00,107485.0,107485.0,107485.0,107485.0,0.0
2025-06-13 16:00:00,107485.0,107485.0,107485.0,107485.0,0.0
2025-06-13 16:30:00,107485.0,107485.0,107485.0,107485.0,0.0
2025-06-13 17:00:00,107485.0,107485.0,107485.0,107485.0,0.0
2025-06-13 17:30:00,107485.0,107485.0,107485.0,107485.0,0.0
2025-06-13 18:00:00,107485.0,107485.0,107485.0,107485.0,0.0
2025-06-13 18:30:00,107485.0,107485.0,107485.0,107485.0,0.0
2025-06-13 19:00:00,107485.0,107485.0,107485.0,107485.0,0.0
2025-06-13 19:30:00,107485.0,107485.0,107485.0,107485.0,0.0
2025-06-13 20:00:00,107485.0,107485.0,107485.0,107485.0,0.0
2025-06-13 20:30:00,107330.0,107750.0,107330.0,107750.0,2.0
2025-06-16 14:30:00,110000.0,110000.0,110000.0,110000.0,1.0
2025-06-16 15:00:00,110000.0,110000.0,110000.0,110000.0,0.0
2025-06-16 15:30:00,110295.0,110295.0,110295.0,110295.0,5.0
2025-06-16 16:00:00,110295.0,110295.0,110295.0,110295.0,0.0
2025-06-16 16:30:00,110255.0,110255.0,110255.0,110255.0,4.0
2025-06-16 17:00:00,110255.0,110255.0,110255.0,110255.0,0.0
2025-06-16 17:30:00,110255.0,110255.0,110255.0,110255.0,0.0
2025-06-16 18:00:00,110255.0,110255.0,110255.0,110255.0,0.0
2025-06-16 18:30:00,110255.0,110255.0,110255.0,110255.0,0.0
2025-06-16 19:00:00,110255.0,110255.0,110255.0,110255.0,0.0
2025-06-16 19:30:00,111355.0,111355.0,111055.0,111055.0,3.0
2025-06-16 20:00:00,111055.0,111055.0,111055.0,111055.0,0.0
2025-06-16 20:30:00,111055.0,111055.0,111055.0,111055.0,0.0
2025-06-17 13:30:00,108200.0,108200.0,108200.0,108200.0,0.0
2025-06-17 14:00:00,108200.0,108200.0,108200.0,108200.0,0.0
2025-06-17 14:30:00,107345.0,107345.0,107345.0,107345.0,1.0
2025-06-17 15:00:00,107345.0,107345.0,107345.0,107345.0,0.0
2025-06-17 15:30:00,107345.0,107345.0,107345.0,107345.0,0.0
2025-06-17 16:00:00,107345.0,107345.0,107345.0,107345.0,0.0
2025-06-17 16:30:00,107345.0,107345.0,107345.0,107345.0,0.0
2025-06-17 17:00:00,107345.0,107345.0,107345.0,107345.0,0.0
2025-06-17 17:30:00,106280.0,106280.0,106280.0,106280.0,1.0
2025-06-17 18:00:00,106280.0,106280.0,106280.0,106280.0,0.0
2025-06-17 18:30:00,106280.0,106280.0,106280.0,106280.0,0.0
2025-06-17 19:00:00,107400.0,107400.0,107400.0,107400.0,1.0
2025-06-17 19:30:00,107400.0,107400.0,107400.0,107400.0,0.0
2025-06-17 20:00:00,106815.0,106815.0,106815.0,106815.0,1.0
2025-06-17 20:30:00,106815.0,106815.0,106815.0,106815.0,0.0
2025-06-18 13:30:00,106330.0,106330.0,106330.0,106330.0,0.0
2025-06-18 14:00:00,106755.0,106755.0,106755.0,106755.0,8.0
2025-06-18 14:30:00,106755.0,106755.0,106755.0,106755.0,0.0
2025-06-18 15:00:00,106755.0,106755.0,106755.0,106755.0,0.0
2025-06-18 15:30:00,106755.0,106755.0,106755.0,106755.0,0.0
2025-06-18 16:00:00,106755.0,106755.0,106755.0,106755.0,0.0
2025-06-18 16:30:00,106755.0,106755.0,106755.0,106755.0,0.0
2025-06-18 17:00:00,106755.0,106755.0,106755.0,106755.0,0.0
2025-06-18 17:30:00,106495.0,106495.0,106495.0,106495.0,2.0
2025-06-18 18:00:00,106495.0,106495.0,106495.0,106495.0,0.0
2025-06-18 18:30:00,106800.0,106800.0,106800.0,106800.0,9.0
2025-06-18 19:00:00,106080.0,106080.0,106080.0,106080.0,1.0
2025-06-18 19:30:00,106080.0,106080.0,106080.0,106080.0,0.0
2025-06-18 20:00:00,106080.0,106080.0,106080.0,106080.0,0.0
2025-06-18 20:30:00,106500.0,106500.0,106500.0,106500.0,10.0
2025-06-19 14:30:00,106500.0,106500.0,106500.0,106500.0,1.0
2025-06-19 15:00:00,106500.0,106500.0,106500.0,106500.0,0.0
2025-06-19 15:30:00,106500.0,106500.0,106500.0,106500.0,0.0
2025-06-19 16:00:00,106500.0,106500.0,106500.0,106500.0,0.0
2025-06-19 16:30:00,106500.0,106500.0,106500.0,106500.0,7.0
2025-06-19 17:00:00,106500.0,106500.0,106500.0,106500.0,0.0
2025-06-19 17:30:00,106500.0,106500.0,106500.0,106500.0,0.0
2025-06-19 18:00:00,106500.0,106500.0,106500.0,106500.0,0.0
2025-06-19 18:30:00,106500.0,106500.0,106500.0,106500.0,0.0
2025-06-19 19:00:00,106500.0,106500.0,106500.0,106500.0,0.0
2025-06-19 19:30:00,106500.0,106500.0,106500.0,106500.0,0.0
2025-06-19 20:00:00,106500.0,106500.0,106500.0,106500.0,0.0
2025-06-19 20:30:00,106500.0,106500.0,106500.0,106500.0,0.0
2025-06-20 14:30:00,106700.0,106700.0,106700.0,106700.0,1.0
2025-06-20 15:00:00,106700.0,106700.0,106700.0,106700.0,0.0
2025-06-20 15:30:00,106700.0,106700.0,106700.0,106700.0,0.0
2025-06-20 16:00:00,106700.0,106700.0,106700.0,106700.0,0.0
2025-06-20 16:30:00,106700.0,106700.0,106700.0,106700.0,0.0
2025-06-20 17:00:00,105570.0,105570.0,105570.0,105570.0,1.0
2025-06-20 17:30:00,105000.0,105000.0,104740.0,104740.0,15.0
2025-06-20 18:00:00,104740.0,104740.0,104740.0,104740.0,0.0
2025-06-20 18:30:00,104740.0,104740.0,104740.0,104740.0,0.0
2025-06-20 19:00:00,104740.0,104740.0,104740.0,104740.0,0.0
2025-06-20 19:30:00,104740.0,104740.0,104740.0,104740.0,0.0
2025-06-20 20:00:00,104740.0,104740.0,104740.0,104740.0,0.0
2025-06-20 20:30:00,104740.0,104740.0,104740.0,104740.0,0.0
2025-06-23 14:30:00,103900.0,103900.0,103900.0,103900.0,1.0
2025-06-23 15:00:00,103900.0,103900.0,103900.0,103900.0,0.0
2025-06-23 15:30:00,103900.0,103900.0,103900.0,103900.0,0.0
2025-06-23 16:00:00,103400.0,103400.0,103400.0,103400.0,10.0
2025-06-23 16:30:00,102000.0,102000.0,102000.0,102000.0,1.0
2025-06-23 17:00:00,102000.0,102000.0,102000.0,102000.0,0.0
2025-06-23 17:30:00,104880.0,104880.0,104540.0,104540.0,148.0
2025-06-23 18:00:00,104540.0,104840.0,104540.0,104840.0,195.0
2025-06-23 18:30:00,105120.0,105120.0,105120.0,105120.0,24.0
2025-06-23 19:00:00,105120.0,105120.0,105120.0,105120.0,0.0
2025-06-23 19:30:00,105165.0,105165.0,105165.0,105165.0,1.0
2025-06-23 20:00:00,105700.0,105700.0,105700.0,105700.0,1.0
2025-06-23 20:30:00,105700.0,105700.0,105700.0,105700.0,0.0
2025-06-24 13:30:00,107245.0,107245.0,107245.0,107245.0,0.0
2025-06-24 14:00:00,107505.0,107505.0,107505.0,107505.0,1.0
2025-06-24 14:30:00,107505.0,107505.0,107505.0,107505.0,0.0
2025-06-24 15:00:00,107505.0,107505.0,107505.0,107505.0,0.0
2025-06-24 15:30:00,107505.0,107505.0,107505.0,107505.0,0.0
2025-06-24 16:00:00,107505.0,107505.0,107505.0,107505.0,0.0
2025-06-24 16:30:00,107505.0,107505.0,107505.0,107505.0,0.0
2025-06-24 17:00:00,107505.0,107505.0,107505.0,107505.0,0.0
2025-06-24 17:30:00,107505.0,107505.0,107505.0,107505.0,0.0
2025-06-24 18:00:00,107505.0,107505.0,107505.0,107505.0,0.0
2025-06-24 18:30:00,107505.0,107505.0,107505.0,107505.0,0.0
2025-06-24 19:00:00,107505.0,107505.0,107505.0,107505.0,0.0
2025-06-24 19:30:00,107505.0,107505.0,107505.0,107505.0,0.0
2025-06-24 20:00:00,107460.0,107460.0,107460.0,107460.0,1.0
2025-06-24 20:30:00,107460.0,107460.0,107460.0,107460.0,0.0
2025-06-25 13:30:00,109815.0,109815.0,109815.0,109815.0,0.0
2025-06-25 14:00:00,110080.0,110100.0,110055.0,110055.0,31.0
2025-06-25 14:30:00,110055.0,110055.0,110055.0,110055.0,0.0
2025-06-25 15:00:00,110055.0,110055.0,110055.0,110055.0,0.0
2025-06-25 15:30:00,109100.0,109200.0,109100.0,109200.0,2.0
2025-06-25 16:00:00,109450.0,109450.0,109450.0,109450.0,2.0
2025-06-25 16:30:00,109450.0,109450.0,109450.0,109450.0,0.0
2025-06-25 17:00:00,109450.0,109450.0,109450.0,109450.0,0.0
2025-06-25 17:30:00,109450.0,109450.0,109450.0,109450.0,0.0
2025-06-25 18:00:00,109450.0,109450.0,109450.0,109450.0,0.0
2025-06-25 18:30:00,109450.0,109450.0,109450.0,109450.0,0.0
2025-06-25 19:00:00,109450.0,109450.0,109450.0,109450.0,0.0
2025-06-25 19:30:00,109450.0,109450.0,109450.0,109450.0,0.0
2025-06-25 20:00:00,109450.0,109450.0,109450.0,109450.0,0.0
2025-06-25 20:30:00,109450.0,109450.0,109450.0,109450.0,0.0
2025-06-26 13:30:00,109800.0,109800.0,109800.0,109800.0,0.0
2025-06-26 14:00:00,109800.0,109800.0,109800.0,109800.0,0.0
2025-06-26 14:30:00,109500.0,109900.0,109500.0,109900.0,5.0
2025-06-26 15:00:00,109505.0,109505.0,109100.0,109100.0,2.0
2025-06-26 15:30:00,109425.0,109425.0,109425.0,109425.0,1.0
2025-06-26 16:00:00,109425.0,109425.0,109425.0,109425.0,0.0
2025-06-26 16:30:00,109425.0,109425.0,109425.0,109425.0,0.0
2025-06-26 17:00:00,109425.0,109425.0,109425.0,109425.0,0.0
2025-06-26 17:30:00,109425.0,109425.0,109425.0,109425.0,0.0
2025-06-26 18:00:00,109425.0,109425.0,109425.0,109425.0,0.0
2025-06-26 18:30:00,109425.0,109425.0,109425.0,109425.0,0.0
2025-06-26 19:00:00,109425.0,109425.0,109425.0,109425.0,0.0
2025-06-26 19:30:00,109425.0,109425.0,109425.0,109425.0,0.0
2025-06-26 20:00:00,109425.0,109425.0,109425.0,109425.0,0.0
2025-06-26 20:30:00,109425.0,109425.0,109425.0,109425.0,0.0
2025-06-27 13:30:00,108835.0,108835.0,108500.0,108500.0,15.0
2025-06-27 14:00:00,108830.0,109050.0,108750.0,108750.0,23.0
2025-06-27 14:30:00,108525.0,108525.0,108510.0,108510.0,2.0
2025-06-27 15:00:00,108585.0,108615.0,108585.0,108595.0,30.0
2025-06-27 15:30:00,109425.0,109425.0,109425.0,109425.0,1.0
2025-06-27 16:00:00,109585.0,109585.0,109475.0,109475.0,2.0
2025-06-27 16:30:00,109650.0,109775.0,109650.0,109775.0,3.0
2025-06-27 17:00:00,109775.0,109775.0,109775.0,109775.0,0.0
2025-06-27 17:30:00,109775.0,109775.0,109775.0,109775.0,0.0
2025-06-27 18:00:00,108980.0,108980.0,108980.0,108980.0,1.0
2025-06-27 18:30:00,108670.0,108700.0,108600.0,108700.0,3.0
2025-06-27 19:00:00,109005.0,109005.0,108850.0,108850.0,2.0
2025-06-27 19:30:00,108850.0,108850.0,108850.0,108850.0,1.0
2025-06-27 20:00:00,108850.0,108850.0,108850.0,108850.0,0.0
2025-06-27 20:30:00,108850.0,108850.0,108850.0,108850.0,0.0
2025-06-30 13:30:00,109575.0,109575.0,109575.0,109575.0,1.0
2025-06-30 14:00:00,109575.0,109575.0,109575.0,109575.0,0.0
2025-06-30 14:30:00,109575.0,109575.0,109575.0,109575.0,0.0
2025-06-30 15:00:00,108950.0,109060.0,108950.0,109060.0,3.0
2025-06-30 15:30:00,109060.0,109060.0,109060.0,109060.0,0.0
2025-06-30 16:00:00,109060.0,109060.0,109060.0,109060.0,0.0
2025-06-30 16:30:00,109500.0,109635.0,109500.0,109635.0,3.0
2025-06-30 17:00:00,109710.0,109710.0,109710.0,109710.0,1.0
2025-06-30 17:30:00,109710.0,109710.0,109710.0,109710.0,0.0
2025-06-30 18:00:00,109410.0,109410.0,109215.0,109215.0,4.0
2025-06-30 18:30:00,109260.0,109260.0,109230.0,109230.0,10.0
2025-06-30 19:00:00,109200.0,109390.0,109200.0,109390.0,2.0
2025-06-30 19:30:00,109470.0,109560.0,109410.0,109560.0,7.0
2025-06-30 20:00:00,109560.0,109560.0,109560.0,109560.0,0.0
2025-06-30 20:30:00,109505.0,109505.0,109505.0,109505.0,1.0
2025-07-01 13:30:00,108505.0,108505.0,108505.0,108505.0,0.0
2025-07-01 14:00:00,109030.0,109030.0,108765.0,108765.0,2.0
2025-07-01 14:30:00,107640.0,107640.0,107640.0,107640.0,1.0
2025-07-01 15:00:00,107640.0,107640.0,107640.0,107640.0,0.0
2025-07-01 15:30:00,107640.0,107640.0,107640.0,107640.0,0.0
2025-07-01 16:00:00,108135.0,108135.0,108135.0,108135.0,1.0
2025-07-01 16:30:00,108135.0,108135.0,108135.0,108135.0,0.0
2025-07-01 17:00:00,108135.0,108135.0,108135.0,108135.0,0.0
2025-07-01 17:30:00,108135.0,108135.0,108135.0,108135.0,0.0
2025-07-01 18:00:00,107800.0,107800.0,107800.0,107800.0,5.0
2025-07-01 18:30:00,107525.0,107525.0,107525.0,107525.0,1.0
2025-07-01 19:00:00,107525.0,107525.0,107525.0,107525.0,0.0
2025-07-01 19:30:00,107525.0,107525.0,107525.0,107525.0,0.0
2025-07-01 20:00:00,107525.0,107525.0,107525.0,107525.0,0.0
2025-07-01 20:30:00,107525.0,107525.0,107525.0,107525.0,1.0
2025-07-02 13:30:00,109345.0,109800.0,109345.0,109615.0,9.0
2025-07-02 14:00:00,110000.0,110000.0,109950.0,109950.0,2.0
2025-07-02 14:30:00,110100.0,110100.0,110100.0,110100.0,1.0
2025-07-02 15:00:00,110345.0,110525.0,110215.0,110525.0,8.0
2025-07-02 15:30:00,110525.0,110525.0,110525.0,110525.0,0.0
2025-07-02 16:00:00,111540.0,111545.0,111540.0,111545.0,5.0
2025-07-02 16:30:00,111545.0,111545.0,111545.0,111545.0,0.0
2025-07-02 17:00:00,111545.0,111545.0,111545.0,111545.0,0.0
2025-07-02 17:30:00,111565.0,111565.0,111565.0,111565.0,1.0
2025-07-02 18:00:00,111565.0,111565.0,111565.0,111565.0,0.0
2025-07-02 18:30:00,111565.0,111565.0,111565.0,111565.0,0.0
2025-07-02 19:00:00,111565.0,111565.0,111565.0,111565.0,0.0
2025-07-02 19:30:00,111650.0,111650.0,111420.0,111420.0,2.0
2025-07-02 20:00:00,111420.0,111420.0,111420.0,111420.0,0.0
2025-07-02 20:30:00,111420.0,111420.0,111420.0,111420.0,0.0
2025-07-03 13:30:00,112110.0,112110.0,112110.0,112110.0,1.0
2025-07-03 14:00:00,112110.0,112110.0,112110.0,112110.0,0.0
2025-07-03 14:30:00,111935.0,111935.0,111935.0,111935.0,1.0
2025-07-03 15:00:00,111500.0,111595.0,111500.0,111595.0,5.0
2025-07-03 15:30:00,111410.0,111410.0,111350.0,111350.0,4.0
2025-07-03 16:00:00,111350.0,111350.0,111350.0,111350.0,0.0
2025-07-03 16:30:00,111335.0,111335.0,111335.0,111335.0,5.0
2025-07-07 13:30:00,110450.0,110510.0,110450.0,110510.0,2.0
2025-07-07 14:00:00,110510.0,110510.0,110510.0,110510.0,0.0
2025-07-07 14:30:00,110510.0,110510.0,110510.0,110510.0,0.0
2025-07-07 15:00:00,110510.0,110510.0,110510.0,110510.0,0.0
2025-07-07 15:30:00,110500.0,110500.0,110500.0,110500.0,1.0
2025-07-07 16:00:00,110500.0,110500.0,110500.0,110500.0,0.0
2025-07-07 16:30:00,110500.0,110500.0,110500.0,110500.0,0.0
2025-07-07 17:00:00,110500.0,110500.0,110500.0,110500.0,0.0
2025-07-07 17:30:00,110500.0,110500.0,110500.0,110500.0,0.0
2025-07-07 18:00:00,109600.0,109600.0,109500.0,109500.0,2.0
2025-07-07 18:30:00,109500.0,109500.0,109500.0,109500.0,0.0
2025-07-07 19:00:00,109500.0,109500.0,109500.0,109500.0,0.0
2025-07-07 19:30:00,109500.0,109500.0,109500.0,109500.0,0.0
2025-07-07 20:00:00,109500.0,109500.0,109500.0,109500.0,0.0
2025-07-07 20:30:00,109500.0,109500.0,109500.0,109500.0,0.0
2025-07-08 13:30:00,111100.0,111100.0,111100.0,111100.0,3.0
2025-07-08 14:00:00,111100.0,111100.0,111100.0,111100.0,0.0
2025-07-08 14:30:00,110730.0,110730.0,110110.0,110110.0,3.0
2025-07-08 15:00:00,110110.0,110110.0,110110.0,110110.0,0.0
2025-07-08 15:30:00,110110.0,110110.0,110110.0,110110.0,0.0
2025-07-08 16:00:00,110110.0,110110.0,110110.0,110110.0,0.0
2025-07-08 16:30:00,110110.0,110110.0,110110.0,110110.0,0.0
2025-07-08 17:00:00,110110.0,110110.0,110110.0,110110.0,0.0
2025-07-08 17:30:00,110110.0,110110.0,110110.0,110110.0,0.0
2025-07-08 18:00:00,110110.0,110110.0,110110.0,110110.0,0.0
2025-07-08 18:30:00,110110.0,110110.0,110110.0,110110.0,0.0
2025-07-08 19:00:00,110110.0,110110.0,110110.0,110110.0,0.0
2025-07-08 19:30:00,110800.0,110800.0,110630.0,110630.0,3.0
2025-07-08 20:00:00,110630.0,110630.0,110630.0,110630.0,0.0
2025-07-08 20:30:00,110630.0,110630.0,110630.0,110630.0,0.0
2025-07-09 13:30:00,111640.0,111640.0,111640.0,111640.0,0.0
2025-07-09 14:00:00,111640.0,111640.0,111640.0,111640.0,0.0
2025-07-09 14:30:00,111640.0,111640.0,111640.0,111640.0,0.0
2025-07-09 15:00:00,111640.0,111640.0,111640.0,111640.0,0.0
2025-07-09 15:30:00,111640.0,111640.0,111640.0,111640.0,0.0
2025-07-09 16:00:00,111640.0,111640.0,111640.0,111640.0,0.0
2025-07-09 16:30:00,111640.0,111640.0,111640.0,111640.0,0.0
2025-07-09 17:00:00,111640.0,111640.0,111640.0,111640.0,0.0
2025-07-09 17:30:00,111640.0,111640.0,111640.0,111640.0,0.0
2025-07-09 18:00:00,111640.0,111640.0,111640.0,111640.0,0.0
2025-07-09 18:30:00,111415.0,111415.0,111415.0,111415.0,1.0
2025-07-09 19:00:00,111950.0,112230.0,111950.0,112200.0,3.0
2025-07-09 19:30:00,112325.0,114000.0,112325.0,113825.0,43.0
2025-07-09 20:00:00,113705.0,113705.0,112990.0,112990.0,9.0
2025-07-09 20:30:00,112950.0,112995.0,112870.0,112995.0,5.0
2025-07-10 13:30:00,112800.0,112800.0,112800.0,112800.0,0.0
2025-07-10 14:00:00,112920.0,112920.0,112920.0,112920.0,1.0
2025-07-10 14:30:00,113050.0,113185.0,113035.0,113185.0,22.0
2025-07-10 15:00:00,113175.0,113320.0,113175.0,113320.0,2.0
2025-07-10 15:30:00,113320.0,113320.0,113320.0,113320.0,0.0
2025-07-10 16:00:00,113430.0,114295.0,113430.0,114295.0,9.0
2025-07-10 16:30:00,114650.0,114855.0,114500.0,114750.0,9.0
2025-07-10 17:00:00,114990.0,115390.0,114990.0,115390.0,3.0
2025-07-10 17:30:00,115570.0,115930.0,115570.0,115930.0,23.0
2025-07-10 18:00:00,115565.0,115565.0,115565.0,115565.0,2.0
2025-07-10 18:30:00,115335.0,115335.0,115330.0,115330.0,2.0
2025-07-10 19:00:00,115760.0,115760.0,115550.0,115590.0,10.0
2025-07-10 19:30:00,115260.0,115260.0,115260.0,115260.0,5.0
2025-07-10 20:00:00,115260.0,115260.0,115260.0,115260.0,0.0
2025-07-10 20:30:00,115700.0,115700.0,115680.0,115680.0,3.0
2025-07-11 13:30:00,119505.0,120175.0,119245.0,120175.0,21.0
2025-07-11 14:00:00,119850.0,119850.0,119850.0,119850.0,10.0
2025-07-11 14:30:00,119850.0,119850.0,119850.0,119850.0,4.0
2025-07-11 15:00:00,119740.0,119740.0,119740.0,119740.0,2.0
2025-07-11 15:30:00,119550.0,119550.0,118750.0,118750.0,9.0
2025-07-11 16:00:00,118740.0,119250.0,118740.0,119250.0,3.0
2025-07-11 16:30:00,119430.0,119540.0,119320.0,119350.0,6.0
2025-07-11 17:00:00,119645.0,119645.0,119645.0,119645.0,1.0
2025-07-11 17:30:00,119645.0,119645.0,119645.0,119645.0,0.0
2025-07-11 18:00:00,119600.0,119600.0,119600.0,119600.0,8.0
2025-07-11 18:30:00,119705.0,119705.0,119705.0,119705.0,8.0
2025-07-11 19:00:00,119580.0,119580.0,119580.0,119580.0,1.0
2025-07-11 19:30:00,119860.0,119990.0,119860.0,119990.0,7.0
2025-07-11 20:00:00,120005.0,120005.0,120005.0,120005.0,10.0
2025-07-11 20:30:00,120005.0,120005.0,120005.0,120005.0,0.0
2025-07-14 13:30:00,123510.0,123950.0,123510.0,123950.0,3.0
2025-07-14 14:00:00,123605.0,123940.0,123605.0,123940.0,6.0
2025-07-14 14:30:00,122860.0,122925.0,122850.0,122850.0,8.0
2025-07-14 15:00:00,122545.0,122545.0,122545.0,122545.0,1.0
2025-07-14 15:30:00,122000.0,122125.0,121695.0,121835.0,46.0
2025-07-14 16:00:00,121835.0,121835.0,121835.0,121835.0,0.0
2025-07-14 16:30:00,122100.0,122100.0,121750.0,121750.0,7.0
2025-07-14 17:00:00,122400.0,122400.0,122400.0,122400.0,4.0
2025-07-14 17:30:00,121785.0,121980.0,121785.0,121980.0,11.0
2025-07-14 18:00:00,121980.0,121980.0,121980.0,121980.0,0.0
2025-07-14 18:30:00,121595.0,121595.0,121595.0,121595.0,1.0
2025-07-14 19:00:00,121760.0,121760.0,121760.0,121760.0,3.0
2025-07-14 19:30:00,121740.0,121740.0,121740.0,121740.0,4.0
2025-07-14 20:00:00,121740.0,121740.0,121740.0,121740.0,0.0
2025-07-14 20:30:00,121740.0,121740.0,121740.0,121740.0,0.0
2025-07-15 13:30:00,119740.0,120430.0,119740.0,120175.0,10.0
2025-07-15 14:00:00,120100.0,120505.0,120100.0,120505.0,10.0
2025-07-15 14:30:00,119475.0,119475.0,118000.0,118000.0,10.0
2025-07-15 15:00:00,118135.0,118135.0,117815.0,117815.0,5.0
2025-07-15 15:30:00,118315.0,118315.0,118030.0,118030.0,4.0
2025-07-15 16:00:00,118880.0,118880.0,118855.0,118855.0,2.0
2025-07-15 16:30:00,119525.0,119525.0,119250.0,119310.0,6.0
2025-07-15 17:00:00,119255.0,119255.0,119255.0,119255.0,6.0
2025-07-15 17:30:00,119255.0,119255.0,119255.0,119255.0,0.0
2025-07-15 18:00:00,119000.0,119000.0,118895.0,118895.0,21.0
2025-07-15 18:30:00,118475.0,118475.0,118310.0,118310.0,4.0
2025-07-15 19:00:00,119000.0,119000.0,119000.0,119000.0,6.0
2025-07-15 19:30:00,118395.0,118395.0,118395.0,118395.0,3.0
2025-07-15 20:00:00,118425.0,118425.0,118195.0,118195.0,3.0
2025-07-15 20:30:00,118100.0,118100.0,118100.0,118100.0,2.0
2025-07-16 13:30:00,120525.0,120525.0,120525.0,120525.0,0.0
2025-07-16 14:00:00,120320.0,120320.0,120320.0,120320.0,1.0
2025-07-16 14:30:00,120320.0,120320.0,120320.0,120320.0,0.0
2025-07-16 15:00:00,121000.0,121500.0,120965.0,121500.0,24.0
2025-07-16 15:30:00,121405.0,121405.0,121090.0,121285.0,9.0
2025-07-16 16:00:00,121065.0,121065.0,121065.0,121065.0,1.0
2025-07-16 16:30:00,121065.0,121065.0,121065.0,121065.0,0.0
2025-07-16 17:00:00,121065.0,121065.0,121065.0,121065.0,0.0
2025-07-16 17:30:00,121065.0,121065.0,121065.0,121065.0,0.0
2025-07-16 18:00:00,121360.0,121360.0,121360.0,121360.0,1.0
2025-07-16 18:30:00,121480.0,121600.0,121480.0,121600.0,3.0
2025-07-16 19:00:00,121680.0,121680.0,121210.0,121345.0,11.0
2025-07-16 19:30:00,121345.0,121345.0,121345.0,121345.0,0.0
2025-07-16 20:00:00,121125.0,121125.0,121125.0,121125.0,5.0
2025-07-16 20:30:00,121750.0,121750.0,121750.0,121750.0,1.0
2025-07-17 13:30:00,119640.0,120120.0,119640.0,120120.0,3.0
2025-07-17 14:00:00,120300.0,120380.0,120150.0,120150.0,7.0
2025-07-17 14:30:00,120150.0,120150.0,120150.0,120150.0,0.0
2025-07-17 15:00:00,120765.0,120765.0,120350.0,120510.0,10.0
2025-07-17 15:30:00,120510.0,120510.0,120510.0,120510.0,0.0
2025-07-17 16:00:00,120510.0,120510.0,120510.0,120510.0,0.0
2025-07-17 16:30:00,120510.0,120510.0,120510.0,120510.0,0.0
2025-07-17 17:00:00,120510.0,120510.0,120510.0,120510.0,0.0
2025-07-17 17:30:00,120670.0,120670.0,120670.0,120670.0,1.0
2025-07-17 18:00:00,121700.0,121700.0,121700.0,121700.0,1.0
2025-07-17 18:30:00,121700.0,121700.0,121700.0,121700.0,0.0
2025-07-17 19:00:00,121695.0,121840.0,121650.0,121650.0,22.0
2025-07-17 19:30:00,121650.0,121650.0,121650.0,121650.0,0.0
2025-07-17 20:00:00,120920.0,120920.0,120865.0,120865.0,12.0
2025-07-17 20:30:00,120900.0,120900.0,120700.0,120700.0,16.0
2025-07-18 13:30:00,120700.0,120700.0,120535.0,120535.0,6.0
2025-07-18 14:00:00,119905.0,119905.0,119905.0,119905.0,1.0
2025-07-18 14:30:00,119680.0,119800.0,119680.0,119800.0,7.0
2025-07-18 15:00:00,119950.0,119950.0,119350.0,119350.0,8.0
2025-07-18 15:30:00,119430.0,119525.0,119430.0,119525.0,7.0
2025-07-18 16:00:00,119670.0,119670.0,119670.0,119670.0,5.0
2025-07-18 16:30:00,119470.0,119700.0,119470.0,119640.0,15.0
2025-07-18 17:00:00,119640.0,119640.0,119640.0,119640.0,2.0
2025-07-18 17:30:00,119500.0,119500.0,119365.0,119365.0,2.0
2025-07-18 18:00:00,119250.0,119250.0,119165.0,119165.0,2.0
2025-07-18 18:30:00,119560.0,119560.0,119375.0,119380.0,59.0
2025-07-18 19:00:00,119040.0,119270.0,119000.0,119230.0,13.0
2025-07-18 19:30:00,119210.0,119210.0,119210.0,119210.0,1.0
2025-07-18 20:00:00,119210.0,119210.0,119210.0,119210.0,0.0
2025-07-18 20:30:00,118750.0,118750.0,118750.0,118750.0,1.0
2025-07-21 13:30:00,119620.0,119620.0,119620.0,119620.0,0.0
2025-07-21 14:00:00,120300.0,120300.0,120300.0,120300.0,2.0
2025-07-21 14:30:00,120785.0,121000.0,120500.0,120675.0,62.0
2025-07-21 15:00:00,120605.0,120605.0,120605.0,120605.0,1.0
2025-07-21 15:30:00,120345.0,120345.0,120180.0,120180.0,3.0
2025-07-21 16:00:00,120180.0,120180.0,120180.0,120180.0,0.0
2025-07-21 16:30:00,120180.0,120180.0,120180.0,120180.0,0.0
2025-07-21 17:00:00,119880.0,119880.0,119230.0,119230.0,3.0
2025-07-21 17:30:00,119100.0,119100.0,119100.0,119100.0,2.0
2025-07-21 18:00:00,119635.0,119635.0,119635.0,119635.0,2.0
2025-07-21 18:30:00,119000.0,119065.0,118880.0,118880.0,16.0
2025-07-21 19:00:00,119000.0,119185.0,118910.0,119100.0,33.0
2025-07-21 19:30:00,118720.0,118720.0,118450.0,118450.0,15.0
2025-07-21 20:00:00,118565.0,118590.0,118565.0,118590.0,4.0
2025-07-21 20:30:00,118590.0,118590.0,118590.0,118590.0,0.0
2025-07-22 13:30:00,121345.0,121345.0,120275.0,120275.0,26.0
2025-07-22 14:00:00,119700.0,120100.0,119700.0,120100.0,9.0
2025-07-22 14:30:00,120500.0,120695.0,120465.0,120465.0,29.0
2025-07-22 15:00:00,121000.0,121000.0,120635.0,120635.0,14.0
2025-07-22 15:30:00,120635.0,120635.0,120635.0,120635.0,0.0
2025-07-22 16:00:00,120890.0,121150.0,120875.0,121150.0,212.0
2025-07-22 16:30:00,120890.0,120890.0,120630.0,120630.0,26.0
2025-07-22 17:00:00,120400.0,120400.0,120400.0,120400.0,1.0
2025-07-22 17:30:00,121025.0,121160.0,121025.0,121160.0,10.0
2025-07-22 18:00:00,121220.0,121220.0,121220.0,121220.0,2.0
2025-07-22 18:30:00,121170.0,122040.0,121170.0,122040.0,6.0
2025-07-22 19:00:00,122040.0,122040.0,122040.0,122040.0,0.0
2025-07-22 19:30:00,121410.0,121410.0,121410.0,121410.0,1.0
2025-07-22 20:00:00,121410.0,121670.0,121410.0,121600.0,13.0
2025-07-22 20:30:00,121575.0,121695.0,121575.0,121695.0,9.0
2025-07-23 13:30:00,119605.0,119605.0,119440.0,119440.0,4.0
2025-07-23 14:00:00,119440.0,119440.0,119440.0,119440.0,0.0
2025-07-23 14:30:00,119615.0,119700.0,119615.0,119700.0,2.0
2025-07-23 15:00:00,119700.0,119700.0,119700.0,119700.0,0.0
2025-07-23 15:30:00,119700.0,119700.0,119700.0,119700.0,0.0
2025-07-23 16:00:00,119620.0,119620.0,119620.0,119620.0,5.0
2025-07-23 16:30:00,119450.0,119450.0,119450.0,119450.0,1.0
2025-07-23 17:00:00,119255.0,119500.0,119255.0,119500.0,2.0
2025-07-23 17:30:00,119850.0,119850.0,119850.0,119850.0,1.0
2025-07-23 18:00:00,119850.0,119850.0,119850.0,119850.0,0.0
2025-07-23 18:30:00,120045.0,120045.0,120045.0,120045.0,2.0
2025-07-23 19:00:00,119985.0,120340.0,119985.0,120175.0,29.0
2025-07-23 19:30:00,120270.0,120270.0,120145.0,120185.0,46.0
2025-07-23 20:00:00,119885.0,119885.0,119875.0,119875.0,20.0
2025-07-23 20:30:00,119625.0,119855.0,119625.0,119855.0,21.0
2025-07-24 13:30:00,120400.0,120555.0,120230.0,120230.0,16.0
2025-07-24 14:00:00,120000.0,120385.0,120000.0,120080.0,42.0
2025-07-24 14:30:00,120725.0,121000.0,120725.0,121000.0,2.0
2025-07-24 15:00:00,121320.0,121320.0,121320.0,121320.0,1.0
2025-07-24 15:30:00,121320.0,121320.0,121320.0,121320.0,0.0
2025-07-24 16:00:00,121320.0,121320.0,121320.0,121320.0,0.0
2025-07-24 16:30:00,120335.0,120335.0,120335.0,120335.0,10.0
2025-07-24 17:00:00,120800.0,120845.0,120790.0,120845.0,21.0
2025-07-24 17:30:00,120975.0,120975.0,120975.0,120975.0,10.0
2025-07-24 18:00:00,120850.0,121180.0,120850.0,121150.0,27.0
2025-07-24 18:30:00,121060.0,121190.0,121015.0,121190.0,4.0
2025-07-24 19:00:00,121190.0,121190.0,121190.0,121190.0,0.0
2025-07-24 19:30:00,121190.0,121190.0,121190.0,121190.0,0.0
2025-07-24 20:00:00,121190.0,121190.0,121190.0,121190.0,0.0
2025-07-24 20:30:00,121190.0,121190.0,121190.0,121190.0,0.0
2025-07-25 13:30:00,117990.0,118410.0,117500.0,117935.0,37.0
2025-07-25 14:00:00,117915.0,117915.0,117170.0,117430.0,68.0
2025-07-25 14:30:00,117535.0,117535.0,116775.0,116855.0,63.0
2025-07-25 15:00:00,116800.0,117545.0,116800.0,117445.0,34.0
2025-07-25 15:30:00,117455.0,117760.0,117225.0,117760.0,67.0
2025-07-25 16:00:00,117630.0,117770.0,117500.0,117770.0,7.0
2025-07-25 16:30:00,117675.0,118105.0,117675.0,118105.0,26.0
2025-07-25 17:00:00,118085.0,118090.0,118065.0,118065.0,7.0
2025-07-25 17:30:00,118000.0,118195.0,117870.0,118175.0,31.0
2025-07-25 18:00:00,118030.0,118400.0,118030.0,118400.0,2.0
2025-07-25 18:30:00,118390.0,118500.0,118260.0,118460.0,42.0
2025-07-25 19:00:00,118550.0,118650.0,118520.0,118530.0,12.0
2025-07-25 19:30:00,118645.0,118810.0,118470.0,118470.0,14.0
2025-07-25 20:00:00,118595.0,118595.0,118585.0,118585.0,4.0
2025-07-25 20:30:00,118810.0,119150.0,118705.0,118705.0,93.0
2025-07-28 13:30:00,120420.0,120850.0,120075.0,120195.0,78.0
2025-07-28 14:00:00,120120.0,120175.0,119950.0,119950.0,14.0
2025-07-28 14:30:00,119695.0,119980.0,119605.0,119765.0,44.0
2025-07-28 15:00:00,119755.0,120155.0,119740.0,120155.0,90.0
2025-07-28 15:30:00,120250.0,120250.0,119880.0,119965.0,15.0
2025-07-28 16:00:00,119965.0,119965.0,119965.0,119965.0,0.0
2025-07-28 16:30:00,120090.0,120090.0,119735.0,119735.0,2.0
2025-07-28 17:00:00,119555.0,119645.0,119365.0,119645.0,7.0
2025-07-28 17:30:00,119600.0,119600.0,119410.0,119420.0,3.0
2025-07-28 18:00:00,119360.0,119555.0,119150.0,119245.0,109.0
2025-07-28 18:30:00,119255.0,119500.0,119135.0,119475.0,20.0
2025-07-28 19:00:00,119535.0,119905.0,119535.0,119800.0,64.0
2025-07-28 19:30:00,119735.0,119740.0,119350.0,119740.0,38.0
2025-07-28 20:00:00,119620.0,119620.0,119530.0,119530.0,3.0
2025-07-28 20:30:00,119400.0,119855.0,119400.0,119855.0,15.0
2025-07-29 13:30:00,120630.0,120815.0,120325.0,120325.0,131.0
2025-07-29 14:00:00,120155.0,120155.0,119685.0,119980.0,107.0
2025-07-29 14:30:00,119870.0,119915.0,119535.0,119535.0,14.0
2025-07-29 15:00:00,119455.0,119455.0,119230.0,119280.0,10.0
2025-07-29 15:30:00,119175.0,119245.0,118950.0,119040.0,76.0
2025-07-29 16:00:00,119035.0,119120.0,118835.0,118875.0,56.0
2025-07-29 16:30:00,118740.0,119310.0,118570.0,119275.0,37.0
2025-07-29 17:00:00,119345.0,119570.0,119190.0,119530.0,16.0
2025-07-29 17:30:00,119655.0,119680.0,119330.0,119385.0,34.0
2025-07-29 18:00:00,119445.0,119445.0,119090.0,119090.0,17.0
2025-07-29 18:30:00,119360.0,119360.0,119360.0,119360.0,1.0
2025-07-29 19:00:00,119440.0,119580.0,119070.0,119070.0,128.0
2025-07-29 19:30:00,118980.0,119170.0,118980.0,119170.0,18.0
2025-07-29 20:00:00,119115.0,119405.0,118685.0,119385.0,72.0
2025-07-29 20:30:00,118955.0,118955.0,118755.0,118920.0,10.0
2025-07-30 13:30:00,119105.0,119475.0,118985.0,119305.0,141.0
2025-07-30 14:00:00,119350.0,119540.0,119350.0,119375.0,50.0
2025-07-30 14:30:00,119570.0,120365.0,119570.0,120275.0,82.0
2025-07-30 15:00:00,120470.0,120470.0,119940.0,119940.0,84.0
2025-07-30 15:30:00,119685.0,119685.0,119685.0,119685.0,1.0
2025-07-30 16:00:00,119545.0,119565.0,119215.0,119400.0,69.0
2025-07-30 16:30:00,119510.0,119510.0,119260.0,119260.0,4.0
2025-07-30 17:00:00,119360.0,119425.0,119325.0,119380.0,18.0
2025-07-30 17:30:00,119405.0,119405.0,119195.0,119405.0,19.0
2025-07-30 18:00:00,119220.0,119460.0,119000.0,119300.0,100.0
2025-07-30 18:30:00,119230.0,119410.0,117975.0,117990.0,207.0
2025-07-30 19:00:00,117950.0,117990.0,117170.0,117865.0,265.0
2025-07-30 19:30:00,117840.0,118570.0,117700.0,118395.0,132.0
2025-07-30 20:00:00,118330.0,118795.0,118320.0,118760.0,92.0
2025-07-30 20:30:00,118605.0,118605.0,118410.0,118560.0,5.0
2025-07-31 13:30:00,119600.0,120255.0,119330.0,120150.0,197.0
2025-07-31 14:00:00,120210.0,120210.0,119420.0,119535.0,142.0
2025-07-31 14:30:00,119510.0,119710.0,119425.0,119505.0,117.0
2025-07-31 15:00:00,119665.0,119680.0,119440.0,119515.0,35.0
2025-07-31 15:30:00,119680.0,119840.0,119650.0,119840.0,9.0
2025-07-31 16:00:00,119845.0,120000.0,119765.0,120000.0,31.0
2025-07-31 16:30:00,120165.0,120460.0,119925.0,120030.0,94.0
2025-07-31 17:00:00,119905.0,119905.0,119250.0,119250.0,50.0
2025-07-31 17:30:00,119285.0,119625.0,119245.0,119265.0,56.0
2025-07-31 18:00:00,119210.0,119320.0,118815.0,119300.0,83.0
2025-07-31 18:30:00,119395.0,119395.0,119290.0,119350.0,4.0
2025-07-31 19:00:00,118970.0,119025.0,118580.0,118580.0,82.0
2025-07-31 19:30:00,118585.0,118585.0,118160.0,118280.0,52.0
2025-07-31 20:00:00,118180.0,118250.0,117935.0,117935.0,26.0
2025-07-31 20:30:00,118190.0,118245.0,117785.0,117940.0,40.0
2025-08-01 13:30:00,116560.0,116560.0,115300.0,115510.0,40.0
2025-08-01 14:00:00,115410.0,116900.0,115000.0,116880.0,338.0
2025-08-01 14:30:00,117000.0,117005.0,116490.0,116790.0,127.0
2025-08-01 15:00:00,116795.0,116795.0,115760.0,115760.0,158.0
2025-08-01 15:30:00,115855.0,116575.0,115855.0,116520.0,26.0
2025-08-01 16:00:00,116535.0,116815.0,116530.0,116750.0,61.0
2025-08-01 16:30:00,116605.0,116655.0,115950.0,115950.0,116.0
2025-08-01 17:00:00,115830.0,115935.0,115610.0,115615.0,43.0
2025-08-01 17:30:00,116000.0,116100.0,115470.0,115470.0,88.0
2025-08-01 18:00:00,115565.0,115565.0,114735.0,115340.0,79.0
2025-08-01 18:30:00,115360.0,115360.0,114745.0,114775.0,86.0
2025-08-01 19:00:00,114870.0,114870.0,114320.0,114455.0,37.0
2025-08-01 19:30:00,114395.0,114700.0,114205.0,114225.0,112.0
2025-08-01 20:00:00,114220.0,114580.0,114155.0,114400.0,42.0
2025-08-01 20:30:00,114500.0,114885.0,114500.0,114885.0,50.0
2025-08-04 13:30:00,115220.0,116000.0,115155.0,115850.0,102.0
2025-08-04 14:00:00,116100.0,116635.0,116100.0,116585.0,125.0
2025-08-04 14:30:00,116475.0,116505.0,115820.0,115820.0,101.0
2025-08-04 15:00:00,116010.0,116055.0,115980.0,115980.0,9.0
2025-08-04 15:30:00,115895.0,115895.0,115735.0,115850.0,12.0
2025-08-04 16:00:00,116110.0,116420.0,116110.0,116240.0,21.0
2025-08-04 16:30:00,116130.0,116600.0,116075.0,116490.0,81.0
2025-08-04 17:00:00,116505.0,116975.0,116505.0,116750.0,53.0
2025-08-04 17:30:00,116475.0,116475.0,116335.0,116335.0,11.0
2025-08-04 18:00:00,116370.0,116555.0,116335.0,116490.0,28.0
2025-08-04 18:30:00,116265.0,116265.0,116125.0,116125.0,19.0
2025-08-04 19:00:00,116205.0,116205.0,116140.0,116140.0,4.0
2025-08-04 19:30:00,116045.0,116045.0,115970.0,115970.0,6.0
2025-08-04 20:00:00,115870.0,116075.0,115840.0,115875.0,24.0
2025-08-04 20:30:00,116010.0,116235.0,116010.0,116150.0,5.0
2025-08-05 13:30:00,115290.0,115760.0,115290.0,115760.0,33.0
2025-08-05 14:00:00,115545.0,115545.0,114365.0,114405.0,65.0
2025-08-05 14:30:00,114330.0,114330.0,113750.0,114180.0,186.0
2025-08-05 15:00:00,114045.0,114330.0,113905.0,114050.0,42.0
2025-08-05 15:30:00,114045.0,114095.0,113840.0,114095.0,4.0
2025-08-05 16:00:00,114000.0,114310.0,114000.0,114310.0,10.0
2025-08-05 16:30:00,114185.0,114300.0,114000.0,114225.0,15.0
2025-08-05 17:00:00,114430.0,114595.0,114230.0,114595.0,14.0
2025-08-05 17:30:00,114600.0,114810.0,114550.0,114810.0,53.0
2025-08-05 18:00:00,114745.0,114755.0,114640.0,114660.0,50.0
2025-08-05 18:30:00,114550.0,114665.0,114550.0,114665.0,4.0
2025-08-05 19:00:00,114850.0,114950.0,114840.0,114840.0,51.0
2025-08-05 19:30:00,114700.0,114895.0,114650.0,114895.0,6.0
2025-08-05 20:00:00,114975.0,115190.0,114940.0,115115.0,15.0
2025-08-05 20:30:00,114750.0,114750.0,114750.0,114750.0,1.0
2025-08-06 13:30:00,115010.0,115440.0,114800.0,115405.0,40.0
2025-08-06 14:00:00,115540.0,115545.0,115020.0,115150.0,49.0
2025-08-06 14:30:00,115530.0,116465.0,115530.0,116405.0,52.0
2025-08-06 15:00:00,116500.0,116500.0,116110.0,116200.0,12.0
2025-08-06 15:30:00,116475.0,116785.0,116380.0,116700.0,32.0
2025-08-06 16:00:00,116700.0,116700.0,116365.0,116370.0,42.0
2025-08-06 16:30:00,116255.0,116400.0,116225.0,116400.0,13.0
2025-08-06 17:00:00,116460.0,116500.0,116460.0,116500.0,2.0
2025-08-06 17:30:00,116520.0,116825.0,116520.0,116820.0,25.0
2025-08-06 18:00:00,116855.0,117000.0,116835.0,116835.0,24.0
2025-08-06 18:30:00,116685.0,116895.0,116630.0,116655.0,52.0
2025-08-06 19:00:00,116810.0,116810.0,116690.0,116690.0,36.0
2025-08-06 19:30:00,116405.0,116535.0,116370.0,116535.0,24.0
2025-08-06 20:00:00,116525.0,116530.0,116415.0,116415.0,6.0
2025-08-06 20:30:00,116355.0,116365.0,116345.0,116345.0,3.0
2025-08-07 13:30:00,117660.0,118040.0,117660.0,117890.0,64.0
2025-08-07 14:00:00,117890.0,117890.0,117480.0,117600.0,42.0
2025-08-07 14:30:00,117530.0,117935.0,117430.0,117685.0,78.0
2025-08-07 15:00:00,117790.0,117855.0,117690.0,117690.0,14.0
2025-08-07 15:30:00,117925.0,118140.0,117885.0,118070.0,49.0
2025-08-07 16:00:00,117985.0,118085.0,117780.0,118085.0,6.0
2025-08-07 16:30:00,118050.0,118050.0,116930.0,117490.0,40.0
2025-08-07 17:00:00,117435.0,117510.0,117435.0,117510.0,2.0
2025-08-07 17:30:00,117650.0,117770.0,117550.0,117730.0,32.0
2025-08-07 18:00:00,117720.0,117800.0,117465.0,117575.0,11.0
2025-08-07 18:30:00,117650.0,117920.0,117580.0,117885.0,36.0
2025-08-07 19:00:00,117885.0,118020.0,117820.0,117985.0,22.0
2025-08-07 19:30:00,118070.0,118920.0,118070.0,118815.0,159.0
2025-08-07 20:00:00,118875.0,118910.0,118730.0,118905.0,64.0
2025-08-07 20:30:00,118850.0,118860.0,118580.0,118655.0,21.0
2025-08-08 13:30:00,118015.0,118225.0,117970.0,118000.0,39.0
2025-08-08 14:00:00,118240.0,118610.0,117915.0,117965.0,35.0
2025-08-08 14:30:00,117865.0,117865.0,117595.0,117865.0,38.0
2025-08-08 15:00:00,117655.0,117750.0,117420.0,117685.0,93.0
2025-08-08 15:30:00,117425.0,117430.0,117020.0,117420.0,84.0
2025-08-08 16:00:00,117425.0,117600.0,117305.0,117445.0,68.0
2025-08-08 16:30:00,117280.0,117445.0,117280.0,117445.0,12.0
2025-08-08 17:00:00,117430.0,117715.0,117390.0,117670.0,16.0
2025-08-08 17:30:00,117670.0,117935.0,117665.0,117935.0,4.0
2025-08-08 18:00:00,117960.0,118080.0,117875.0,117875.0,17.0
2025-08-08 18:30:00,117900.0,117900.0,117600.0,117795.0,30.0
2025-08-08 19:00:00,117895.0,117910.0,117605.0,117675.0,16.0
2025-08-08 19:30:00,117615.0,117730.0,117515.0,117590.0,23.0
2025-08-08 20:00:00,117690.0,117690.0,117660.0,117660.0,3.0
2025-08-08 20:30:00,117740.0,118130.0,117700.0,118130.0,32.0
2025-08-11 13:30:00,120690.0,121520.0,120615.0,121145.0,127.0
2025-08-11 14:00:00,121170.0,121395.0,120980.0,121030.0,145.0
2025-08-11 14:30:00,121030.0,121825.0,121010.0,121320.0,37.0
2025-08-11 15:00:00,121400.0,121405.0,121015.0,121295.0,23.0
2025-08-11 15:30:00,121560.0,121580.0,121535.0,121535.0,13.0
2025-08-11 16:00:00,121550.0,122000.0,121550.0,121660.0,114.0
2025-08-11 16:30:00,121570.0,121570.0,121180.0,121290.0,26.0
2025-08-11 17:00:00,121325.0,121360.0,121000.0,121020.0,32.0
2025-08-11 17:30:00,121005.0,121030.0,120690.0,120725.0,26.0
2025-08-11 18:00:00,120655.0,120920.0,120500.0,120805.0,20.0
2025-08-11 18:30:00,120820.0,121080.0,120740.0,120945.0,88.0
2025-08-11 19:00:00,120975.0,120980.0,120830.0,120935.0,25.0
2025-08-11 19:30:00,120550.0,120550.0,119815.0,120200.0,194.0
2025-08-11 20:00:00,120275.0,120275.0,119690.0,119930.0,96.0
2025-08-11 20:30:00,120040.0,120200.0,120015.0,120090.0,43.0
2025-08-12 13:30:00,120345.0,120825.0,119770.0,119790.0,227.0
2025-08-12 14:00:00,119955.0,120370.0,119880.0,120245.0,76.0
2025-08-12 14:30:00,120535.0,120560.0,120195.0,120385.0,24.0
2025-08-12 15:00:00,120510.0,120965.0,120500.0,120965.0,41.0
2025-08-12 15:30:00,120995.0,121185.0,120810.0,121095.0,105.0
2025-08-12 16:00:00,121130.0,121400.0,120925.0,120970.0,77.0
2025-08-12 16:30:00,120905.0,120950.0,120695.0,120855.0,78.0
2025-08-12 17:00:00,120760.0,121085.0,120505.0,120505.0,21.0
2025-08-12 17:30:00,120615.0,120750.0,120405.0,120510.0,66.0
2025-08-12 18:00:00,120510.0,121290.0,120510.0,121025.0,61.0
2025-08-12 18:30:00,120785.0,120870.0,120515.0,120555.0,30.0
2025-08-12 19:00:00,120500.0,121060.0,120500.0,121060.0,16.0
2025-08-12 19:30:00,121140.0,121230.0,120825.0,120890.0,13.0
2025-08-12 20:00:00,120785.0,121220.0,120785.0,121050.0,24.0
2025-08-12 20:30:00,121005.0,121475.0,121005.0,121475.0,65.0
2025-08-13 13:30:00,121810.0,123375.0,121440.0,123035.0,355.0
2025-08-13 14:00:00,123095.0,123550.0,122875.0,122945.0,266.0
2025-08-13 14:30:00,123175.0,123255.0,122175.0,122355.0,80.0
2025-08-13 15:00:00,122255.0,122550.0,121600.0,121805.0,112.0
2025-08-13 15:30:00,122025.0,122645.0,122000.0,122260.0,69.0
2025-08-13 16:00:00,122325.0,123100.0,122325.0,122945.0,61.0
2025-08-13 16:30:00,122995.0,122995.0,122615.0,122795.0,75.0
2025-08-13 17:00:00,122840.0,123210.0,122840.0,123210.0,22.0
2025-08-13 17:30:00,122925.0,123210.0,122915.0,123210.0,8.0
2025-08-13 18:00:00,123300.0,123305.0,123000.0,123000.0,10.0
2025-08-13 18:30:00,123210.0,123210.0,122810.0,122815.0,15.0
2025-08-13 19:00:00,123100.0,123965.0,123080.0,123870.0,129.0
2025-08-13 19:30:00,123980.0,124285.0,123735.0,124175.0,76.0
2025-08-13 20:00:00,124140.0,124320.0,123960.0,124130.0,135.0
2025-08-13 20:30:00,124240.0,124500.0,124205.0,124365.0,93.0
2025-08-14 13:30:00,119450.0,120140.0,118895.0,119660.0,413.0
2025-08-14 14:00:00,119635.0,120105.0,119225.0,120045.0,67.0
2025-08-14 14:30:00,120235.0,120675.0,120000.0,120040.0,140.0
2025-08-14 15:00:00,120100.0,120170.0,119260.0,119410.0,190.0
2025-08-14 15:30:00,119400.0,119520.0,119145.0,119450.0,79.0
2025-08-14 16:00:00,119395.0,119400.0,118500.0,118755.0,249.0
2025-08-14 16:30:00,118545.0,119180.0,118545.0,119045.0,65.0
2025-08-14 17:00:00,118975.0,119380.0,118770.0,119380.0,49.0
2025-08-14 17:30:00,119215.0,119295.0,118775.0,118890.0,16.0
2025-08-14 18:00:00,119105.0,119105.0,118300.0,119045.0,118.0
2025-08-14 18:30:00,119170.0,119495.0,119170.0,119430.0,23.0
2025-08-14 19:00:00,119360.0,119650.0,119305.0,119540.0,61.0
2025-08-14 19:30:00,119500.0,119860.0,119125.0,119150.0,203.0
2025-08-14 20:00:00,119150.0,119200.0,118925.0,119200.0,143.0
2025-08-14 20:30:00,119230.0,119345.0,118980.0,119085.0,59.0
2025-08-15 13:30:00,119670.0,119670.0,118885.0,118885.0,132.0
2025-08-15 14:00:00,118880.0,119475.0,118750.0,119100.0,122.0
2025-08-15 14:30:00,118975.0,119175.0,118375.0,118530.0,94.0
2025-08-15 15:00:00,118545.0,118695.0,118065.0,118190.0,141.0
2025-08-15 15:30:00,118320.0,118500.0,117985.0,118500.0,95.0
2025-08-15 16:00:00,118375.0,118375.0,117915.0,118275.0,55.0
2025-08-15 16:30:00,118305.0,118565.0,118290.0,118560.0,17.0
2025-08-15 17:00:00,118395.0,118765.0,118250.0,118765.0,27.0
2025-08-15 17:30:00,118755.0,119025.0,118660.0,118660.0,22.0
2025-08-15 18:00:00,118715.0,118715.0,118460.0,118460.0,10.0
2025-08-15 18:30:00,118305.0,118380.0,118185.0,118185.0,40.0
2025-08-15 19:00:00,118215.0,118325.0,118150.0,118270.0,22.0
2025-08-15 19:30:00,118215.0,118215.0,117955.0,118045.0,46.0
2025-08-15 20:00:00,118020.0,118240.0,118005.0,118190.0,40.0
2025-08-15 20:30:00,118410.0,118435.0,118280.0,118375.0,71.0
2025-08-18 13:30:00,116685.0,116790.0,115840.0,115850.0,111.0
2025-08-18 14:00:00,115900.0,116545.0,115840.0,116320.0,67.0
2025-08-18 14:30:00,116190.0,116600.0,115910.0,116600.0,60.0
2025-08-18 15:00:00,116600.0,116675.0,116465.0,116675.0,7.0
2025-08-18 15:30:00,116590.0,117140.0,116590.0,117120.0,110.0
2025-08-18 16:00:00,117145.0,117300.0,116980.0,116980.0,20.0
2025-08-18 16:30:00,116945.0,117050.0,116895.0,117000.0,13.0
2025-08-18 17:00:00,117300.0,117525.0,117300.0,117525.0,69.0
2025-08-18 17:30:00,117740.0,117835.0,117475.0,117525.0,78.0
2025-08-18 18:00:00,117460.0,117460.0,117290.0,117290.0,38.0
2025-08-18 18:30:00,117500.0,117540.0,117495.0,117540.0,12.0
2025-08-18 19:00:00,117550.0,117550.0,117200.0,117250.0,3.0
2025-08-18 19:30:00,117245.0,117345.0,117245.0,117345.0,29.0
2025-08-18 20:00:00,117400.0,117450.0,117340.0,117450.0,30.0
2025-08-18 20:30:00,117335.0,117460.0,117155.0,117460.0,29.0
2025-08-19 13:30:00,116705.0,116715.0,115865.0,116125.0,118.0
2025-08-19 14:00:00,115990.0,115990.0,115010.0,115010.0,194.0
2025-08-19 14:30:00,115055.0,115280.0,114650.0,114775.0,208.0
2025-08-19 15:00:00,114700.0,114985.0,114345.0,114935.0,353.0
2025-08-19 15:30:00,114910.0,114910.0,114610.0,114630.0,85.0
2025-08-19 16:00:00,114605.0,114670.0,114500.0,114630.0,80.0
2025-08-19 16:30:00,114500.0,114500.0,114175.0,114175.0,97.0
2025-08-19 17:00:00,114180.0,114280.0,113860.0,114235.0,135.0
2025-08-19 17:30:00,114255.0,114405.0,114070.0,114340.0,72.0
2025-08-19 18:00:00,114300.0,114300.0,114105.0,114105.0,19.0
2025-08-19 18:30:00,114075.0,114075.0,113690.0,113900.0,43.0
2025-08-19 19:00:00,113825.0,114210.0,113565.0,114195.0,109.0
2025-08-19 19:30:00,114240.0,114335.0,113905.0,113940.0,136.0
2025-08-19 20:00:00,113965.0,114135.0,113805.0,114135.0,32.0
2025-08-19 20:30:00,114185.0,114420.0,114185.0,114320.0,125.0
2025-08-20 13:30:00,114240.0,114435.0,113365.0,113400.0,186.0
2025-08-20 14:00:00,113555.0,114075.0,113125.0,113910.0,309.0
2025-08-20 14:30:00,114005.0,114750.0,114005.0,114385.0,173.0
2025-08-20 15:00:00,114215.0,115235.0,114215.0,115235.0,176.0
2025-08-20 15:30:00,115135.0,115210.0,114055.0,114055.0,78.0
2025-08-20 16:00:00,114165.0,115210.0,114165.0,115155.0,96.0
2025-08-20 16:30:00,115175.0,115185.0,114615.0,114665.0,112.0
2025-08-20 17:00:00,114870.0,115020.0,114715.0,114715.0,8.0
2025-08-20 17:30:00,114790.0,115305.0,114790.0,115090.0,74.0
2025-08-20 18:00:00,114970.0,114970.0,114235.0,114235.0,77.0
2025-08-20 18:30:00,114200.0,114540.0,114100.0,114340.0,50.0
2025-08-20 19:00:00,114340.0,115000.0,114340.0,114960.0,73.0
2025-08-20 19:30:00,114865.0,115240.0,114790.0,115125.0,78.0
2025-08-20 20:00:00,115100.0,115165.0,114970.0,114980.0,85.0
2025-08-20 20:30:00,115090.0,115270.0,115090.0,115210.0,15.0
2025-08-21 13:30:00,114170.0,114605.0,113985.0,114500.0,156.0
2025-08-21 14:00:00,114335.0,114840.0,114335.0,114645.0,71.0
2025-08-21 14:30:00,114520.0,114520.0,113780.0,114160.0,90.0
2025-08-21 15:00:00,114225.0,114225.0,113500.0,113885.0,282.0
2025-08-21 15:30:00,113860.0,113985.0,113635.0,113640.0,99.0
2025-08-21 16:00:00,113635.0,113875.0,113470.0,113490.0,164.0
2025-08-21 16:30:00,113660.0,113690.0,113090.0,113220.0,142.0
2025-08-21 17:00:00,113265.0,113270.0,113030.0,113115.0,50.0
2025-08-21 17:30:00,113030.0,113420.0,112980.0,113255.0,128.0
2025-08-21 18:00:00,113215.0,113485.0,113060.0,113370.0,85.0
2025-08-21 18:30:00,113350.0,113530.0,113015.0,113450.0,83.0
2025-08-21 19:00:00,113445.0,113590.0,112965.0,113080.0,33.0
2025-08-21 19:30:00,113035.0,113070.0,112800.0,113010.0,281.0
2025-08-21 20:00:00,113030.0,113245.0,112925.0,113175.0,32.0
2025-08-21 20:30:00,113205.0,113645.0,112885.0,113365.0,118.0
2025-08-22 13:30:00,112970.0,113500.0,112750.0,113220.0,162.0
2025-08-22 14:00:00,113365.0,116680.0,113365.0,115930.0,1457.0
2025-08-22 14:30:00,116295.0,117100.0,116190.0,116750.0,673.0
2025-08-22 15:00:00,117000.0,117935.0,117000.0,117685.0,238.0
2025-08-22 15:30:00,117700.0,118265.0,117335.0,117335.0,388.0
2025-08-22 16:00:00,117305.0,117645.0,117020.0,117330.0,223.0
2025-08-22 16:30:00,117365.0,117440.0,117030.0,117050.0,233.0
2025-08-22 17:00:00,117240.0,117905.0,117240.0,117860.0,273.0
2025-08-22 17:30:00,117800.0,118000.0,117480.0,118000.0,190.0
2025-08-22 18:00:00,118000.0,118365.0,117750.0,117810.0,374.0
2025-08-22 18:30:00,117800.0,118060.0,117660.0,117665.0,170.0
2025-08-22 19:00:00,117690.0,117835.0,117615.0,117615.0,52.0
2025-08-22 19:30:00,117600.0,117675.0,117425.0,117595.0,925.0
2025-08-22 20:00:00,117530.0,118130.0,117530.0,118065.0,314.0
2025-08-22 20:30:00,118125.0,118135.0,117825.0,117880.0,209.0
2025-08-25 13:30:00,112510.0,112510.0,111325.0,112350.0,673.0
2025-08-25 14:00:00,112370.0,113065.0,112235.0,112810.0,653.0
2025-08-25 14:30:00,112800.0,113205.0,112760.0,113100.0,154.0
2025-08-25 15:00:00,113155.0,113475.0,112725.0,113330.0,142.0
2025-08-25 15:30:00,113345.0,113395.0,113000.0,113035.0,189.0
2025-08-25 16:00:00,112980.0,113795.0,112980.0,113590.0,184.0
2025-08-25 16:30:00,113610.0,113715.0,113425.0,113430.0,44.0
2025-08-25 17:00:00,113425.0,113600.0,113135.0,113600.0,59.0
2025-08-25 17:30:00,113435.0,113435.0,113195.0,113290.0,21.0
2025-08-25 18:00:00,113260.0,113505.0,113195.0,113435.0,81.0
2025-08-25 18:30:00,113430.0,113430.0,113155.0,113275.0,78.0
2025-08-25 19:00:00,113320.0,113320.0,112600.0,112810.0,141.0
2025-08-25 19:30:00,112800.0,112800.0,111570.0,111570.0,600.0
2025-08-25 20:00:00,111625.0,111875.0,110845.0,111430.0,1019.0
2025-08-25 20:30:00,111375.0,111385.0,110265.0,110355.0,996.0
2025-08-26 13:30:00,110620.0,111035.0,110150.0,110840.0,382.0
2025-08-26 14:00:00,110900.0,111335.0,110550.0,110990.0,266.0
2025-08-26 14:30:00,111025.0,111290.0,110950.0,111150.0,140.0
2025-08-26 15:00:00,111165.0,111375.0,110830.0,110930.0,238.0
2025-08-26 15:30:00,110810.0,110885.0,110355.0,110470.0,331.0
2025-08-26 16:00:00,110485.0,110600.0,110275.0,110525.0,93.0
2025-08-26 16:30:00,110540.0,110955.0,110400.0,110955.0,131.0
2025-08-26 17:00:00,110990.0,111000.0,110565.0,110685.0,111.0
2025-08-26 17:30:00,110580.0,110795.0,110390.0,110795.0,89.0
2025-08-26 18:00:00,110785.0,111330.0,110760.0,111330.0,157.0
2025-08-26 18:30:00,111315.0,111830.0,111200.0,111555.0,440.0
2025-08-26 19:00:00,111515.0,111965.0,111355.0,111950.0,127.0
2025-08-26 19:30:00,111950.0,111980.0,111700.0,111900.0,402.0
2025-08-26 20:00:00,111900.0,112185.0,111715.0,112130.0,168.0
2025-08-26 20:30:00,112135.0,112170.0,111940.0,112155.0,152.0
2025-08-27 13:30:00,112085.0,112715.0,111800.0,112255.0,607.0
2025-08-27 14:00:00,112295.0,113025.0,112055.0,113015.0,423.0
2025-08-27 14:30:00,113045.0,113420.0,112470.0,112625.0,617.0
2025-08-27 15:00:00,112585.0,112865.0,112450.0,112505.0,628.0
2025-08-27 15:30:00,112540.0,112795.0,112270.0,112755.0,235.0
2025-08-27 16:00:00,112790.0,112925.0,112475.0,112575.0,181.0
2025-08-27 16:30:00,112565.0,113045.0,112305.0,112910.0,224.0
2025-08-27 17:00:00,112855.0,113210.0,112670.0,113050.0,122.0
2025-08-27 17:30:00,113150.0,113230.0,113055.0,113130.0,173.0
2025-08-27 18:00:00,113085.0,113430.0,113085.0,113290.0,177.0
2025-08-27 18:30:00,113310.0,113315.0,112690.0,112715.0,361.0
2025-08-27 19:00:00,112720.0,112915.0,112300.0,112715.0,332.0
2025-08-27 19:30:00,112790.0,112995.0,112675.0,112865.0,336.0
2025-08-27 20:00:00,112895.0,113060.0,111815.0,112755.0,1008.0
2025-08-27 20:30:00,112810.0,113215.0,112805.0,113215.0,138.0
2025-08-28 13:30:00,113825.0,114000.0,113330.0,113525.0,1170.0
2025-08-28 14:00:00,113500.0,113935.0,113390.0,113415.0,636.0
2025-08-28 14:30:00,113420.0,114115.0,113335.0,113965.0,623.0
2025-08-28 15:00:00,113975.0,114080.0,113215.0,113340.0,821.0
2025-08-28 15:30:00,113375.0,113610.0,113130.0,113440.0,526.0
2025-08-28 16:00:00,113440.0,113990.0,113440.0,113860.0,437.0
2025-08-28 16:30:00,113875.0,113875.0,113135.0,113135.0,274.0
2025-08-28 17:00:00,113150.0,113340.0,113000.0,113315.0,366.0
2025-08-28 17:30:00,113305.0,113475.0,113170.0,113245.0,365.0
2025-08-28 18:00:00,113215.0,113490.0,113025.0,113490.0,574.0
2025-08-28 18:30:00,113450.0,113560.0,113110.0,113180.0,496.0
2025-08-28 19:00:00,113215.0,113380.0,112965.0,113175.0,333.0
2025-08-28 19:30:00,113175.0,113200.0,112680.0,112695.0,633.0
2025-08-28 20:00:00,112695.0,112880.0,112605.0,112740.0,515.0
2025-08-28 20:30:00,112815.0,112815.0,112615.0,112695.0,345.0
2025-08-29 13:30:00,111180.0,111225.0,109450.0,109620.0,9097.0
2025-08-29 14:00:00,109640.0,110070.0,108770.0,109145.0,9043.0
2025-08-29 14:30:00,109120.0,109410.0,108595.0,108725.0,4397.0
2025-08-29 15:00:00,108700.0,109280.0,108695.0,108920.0,3646.0
2025-08-29 15:30:00,108955.0,109160.0,108775.0,108950.0,1611.0
2025-08-29 16:00:00,108965.0,109375.0,108710.0,109080.0,1773.0
2025-08-29 16:30:00,109140.0,109470.0,109140.0,109345.0,1851.0
2025-08-29 17:00:00,109325.0,109345.0,108755.0,109005.0,1251.0
2025-08-29 17:30:00,109055.0,109225.0,108960.0,109105.0,647.0
2025-08-29 18:00:00,109040.0,109115.0,108685.0,108740.0,843.0
2025-08-29 18:30:00,108725.0,108840.0,108700.0,108735.0,567.0
2025-08-29 19:00:00,108740.0,109315.0,108510.0,109225.0,3099.0
2025-08-29 19:30:00,109215.0,109310.0,108700.0,108750.0,3206.0
2025-08-29 20:00:00,108770.0,108865.0,108215.0,108480.0,2298.0
2025-08-29 20:30:00,108455.0,108455.0,108025.0,108315.0,1498.0
2025-09-02 13:30:00,110000.0,111935.0,109650.0,111820.0,11343.0
2025-09-02 14:00:00,111800.0,112200.0,111415.0,112140.0,4479.0
2025-09-02 14:30:00,112065.0,112445.0,111740.0,112000.0,3155.0
2025-09-02 15:00:00,111990.0,112200.0,111580.0,111920.0,1722.0
2025-09-02 15:30:00,111915.0,111935.0,111255.0,111485.0,1655.0
2025-09-02 16:00:00,111465.0,111800.0,111080.0,111100.0,1280.0
2025-09-02 16:30:00,111145.0,111470.0,111100.0,111410.0,1735.0
2025-09-02 17:00:00,111435.0,111620.0,111245.0,111515.0,833.0
2025-09-02 17:30:00,111505.0,111705.0,111350.0,111535.0,725.0
2025-09-02 18:00:00,111510.0,111565.0,110980.0,111085.0,992.0
2025-09-02 18:30:00,111075.0,111465.0,110780.0,111255.0,1113.0
2025-09-02 19:00:00,111240.0,111460.0,111025.0,111090.0,1406.0
2025-09-02 19:30:00,111105.0,111470.0,111010.0,111440.0,2526.0
2025-09-02 20:00:00,111450.0,112005.0,111355.0,111925.0,1693.0
2025-09-02 20:30:00,111895.0,112120.0,111735.0,112080.0,1261.0
2025-09-03 13:30:00,112005.0,112600.0,111730.0,112125.0,5349.0
2025-09-03 14:00:00,112135.0,112515.0,111770.0,112095.0,3076.0
2025-09-03 14:30:00,112105.0,113220.0,112105.0,112935.0,4271.0
2025-09-03 15:00:00,112960.0,113045.0,112500.0,112550.0,2166.0
2025-09-03 15:30:00,112535.0,113010.0,112520.0,112850.0,1950.0
2025-09-03 16:00:00,112835.0,112980.0,112485.0,112600.0,955.0
2025-09-03 16:30:00,112595.0,112750.0,112265.0,112500.0,1810.0
2025-09-03 17:00:00,112500.0,113160.0,112490.0,113110.0,1825.0
2025-09-03 17:30:00,113100.0,113245.0,112840.0,112920.0,1448.0
2025-09-03 18:00:00,112915.0,113185.0,112710.0,112755.0,1247.0
2025-09-03 18:30:00,112745.0,112755.0,112380.0,112595.0,1413.0
2025-09-03 19:00:00,112580.0,112580.0,112315.0,112460.0,2901.0
2025-09-03 19:30:00,112470.0,112860.0,112320.0,112800.0,3732.0
2025-09-03 20:00:00,112825.0,112910.0,112665.0,112810.0,976.0
2025-09-03 20:30:00,112790.0,112885.0,112735.0,112885.0,556.0
2025-09-04 13:30:00,111295.0,111435.0,110650.0,110940.0,3189.0
2025-09-04 14:00:00,110905.0,110985.0,110090.0,110370.0,6272.0
2025-09-04 14:30:00,110335.0,110670.0,110260.0,110275.0,1548.0
2025-09-04 15:00:00,110275.0,110310.0,109720.0,109905.0,3296.0
2025-09-04 15:30:00,109915.0,110075.0,109755.0,109885.0,1125.0
2025-09-04 16:00:00,109875.0,110100.0,109760.0,109795.0,1725.0
2025-09-04 16:30:00,109800.0,109985.0,109725.0,109805.0,1091.0
2025-09-04 17:00:00,109810.0,110310.0,109775.0,110205.0,1187.0
2025-09-04 17:30:00,110235.0,110330.0,109985.0,110185.0,870.0
2025-09-04 18:00:00,110215.0,110625.0,110195.0,110310.0,1596.0
2025-09-04 18:30:00,110305.0,110605.0,110105.0,110395.0,1069.0
2025-09-04 19:00:00,110375.0,110550.0,110325.0,110440.0,1000.0
2025-09-04 19:30:00,110435.0,110475.0,110110.0,110215.0,1986.0
2025-09-04 20:00:00,110225.0,110855.0,110145.0,110770.0,1471.0
2025-09-04 20:30:00,110745.0,110845.0,110650.0,110845.0,646.0
2025-09-05 13:30:00,113355.0,113730.0,113085.0,113515.0,6678.0
2025-09-05 14:00:00,113505.0,113505.0,111230.0,111320.0,9897.0
2025-09-05 14:30:00,111305.0,111445.0,110740.0,110855.0,3551.0
2025-09-05 15:00:00,110790.0,111275.0,110535.0,111175.0,3139.0
2025-09-05 15:30:00,111180.0,111360.0,110935.0,111035.0,2151.0
2025-09-05 16:00:00,111025.0,111140.0,110820.0,111010.0,1666.0
2025-09-05 16:30:00,111035.0,111260.0,110960.0,111130.0,1204.0
2025-09-05 17:00:00,111120.0,111120.0,110790.0,110965.0,1015.0
2025-09-05 17:30:00,110950.0,110975.0,110465.0,110915.0,1807.0
2025-09-05 18:00:00,110930.0,111420.0,110880.0,111410.0,1370.0
2025-09-05 18:30:00,111400.0,111670.0,111370.0,111575.0,2150.0
2025-09-05 19:00:00,111575.0,111795.0,111470.0,111730.0,1632.0
2025-09-05 19:30:00,111735.0,112060.0,111490.0,112015.0,2821.0
2025-09-05 20:00:00,112035.0,112095.0,111750.0,111810.0,1135.0
2025-09-05 20:30:00,111820.0,112075.0,111690.0,112060.0,674.0
2025-09-08 13:30:00,112675.0,112810.0,112260.0,112310.0,2648.0
2025-09-08 14:00:00,112310.0,112765.0,112270.0,112710.0,1514.0
2025-09-08 14:30:00,112715.0,113265.0,112715.0,113100.0,2510.0
2025-09-08 15:00:00,113115.0,113415.0,113040.0,113310.0,1580.0
2025-09-08 15:30:00,113305.0,113325.0,112975.0,113110.0,579.0
2025-09-08 16:00:00,113085.0,113145.0,112725.0,113085.0,808.0
2025-09-08 16:30:00,113060.0,113105.0,112715.0,112820.0,1816.0
2025-09-08 17:00:00,112820.0,113015.0,112675.0,112985.0,365.0
2025-09-08 17:30:00,112995.0,113000.0,112515.0,112655.0,661.0
2025-09-08 18:00:00,112640.0,112915.0,112605.0,112840.0,534.0
2025-09-08 18:30:00,112815.0,113000.0,112690.0,112935.0,364.0
2025-09-08 19:00:00,112925.0,112935.0,112545.0,112615.0,1396.0
2025-09-08 19:30:00,112620.0,112665.0,112370.0,112520.0,3180.0
2025-09-08 20:00:00,112535.0,112585.0,112390.0,112480.0,835.0
2025-09-08 20:30:00,112475.0,112505.0,112320.0,112470.0,849.0
2025-09-09 13:30:00,113265.0,113420.0,113080.0,113180.0,1880.0
2025-09-09 14:00:00,113240.0,113420.0,112370.0,112735.0,4743.0
2025-09-09 14:30:00,112675.0,112695.0,111835.0,112090.0,3553.0
2025-09-09 15:00:00,112070.0,112195.0,111600.0,111610.0,2660.0
2025-09-09 15:30:00,111610.0,111610.0,111040.0,111140.0,3572.0
2025-09-09 16:00:00,111140.0,111450.0,111025.0,111220.0,2281.0
2025-09-09 16:30:00,111205.0,111345.0,111175.0,111230.0,933.0
2025-09-09 17:00:00,111245.0,111490.0,111100.0,111190.0,1332.0
2025-09-09 17:30:00,111160.0,111435.0,111160.0,111290.0,798.0
2025-09-09 18:00:00,111295.0,111605.0,111180.0,111450.0,926.0
2025-09-09 18:30:00,111440.0,111530.0,111330.0,111470.0,841.0
2025-09-09 19:00:00,111445.0,111630.0,111435.0,111600.0,1906.0
2025-09-09 19:30:00,111595.0,111800.0,111585.0,111685.0,2751.0
2025-09-09 20:00:00,111690.0,111720.0,111460.0,111505.0,741.0
2025-09-09 20:30:00,111530.0,111915.0,111455.0,111915.0,937.0
2025-09-10 13:30:00,114185.0,114920.0,113835.0,114495.0,7598.0
2025-09-10 14:00:00,114520.0,114885.0,114415.0,114665.0,2179.0
2025-09-10 14:30:00,114665.0,114810.0,114320.0,114425.0,2342.0
2025-09-10 15:00:00,114425.0,114665.0,114270.0,114395.0,1254.0
2025-09-10 15:30:00,114380.0,114455.0,114230.0,114350.0,943.0
2025-09-10 16:00:00,114350.0,114445.0,114055.0,114120.0,1048.0
2025-09-10 16:30:00,114145.0,114250.0,114005.0,114230.0,709.0
2025-09-10 17:00:00,114220.0,114575.0,113880.0,113895.0,1246.0
2025-09-10 17:30:00,113920.0,114215.0,113855.0,114180.0,950.0
2025-09-10 18:00:00,114135.0,114370.0,113775.0,113820.0,1440.0
2025-09-10 18:30:00,113810.0,114115.0,113765.0,114020.0,901.0
2025-09-10 19:00:00,114020.0,114060.0,113535.0,113630.0,1354.0
2025-09-10 19:30:00,113615.0,114055.0,113560.0,114025.0,1685.0
2025-09-10 20:00:00,114025.0,114330.0,113970.0,114190.0,1672.0
2025-09-10 20:30:00,114215.0,114260.0,114020.0,114070.0,651.0
2025-09-11 13:30:00,114170.0,115170.0,114090.0,115100.0,4165.0
2025-09-11 14:00:00,115115.0,115160.0,114340.0,114585.0,2246.0
2025-09-11 14:30:00,114610.0,115060.0,114555.0,114940.0,1289.0
2025-09-11 15:00:00,114925.0,115200.0,114825.0,114855.0,1017.0
2025-09-11 15:30:00,114880.0,114980.0,114430.0,114635.0,1354.0
2025-09-11 16:00:00,114635.0,114940.0,114610.0,114825.0,703.0
2025-09-11 16:30:00,114830.0,115060.0,114830.0,114970.0,856.0
2025-09-11 17:00:00,114980.0,115070.0,114815.0,114915.0,535.0
2025-09-11 17:30:00,114920.0,115100.0,114905.0,115055.0,382.0
2025-09-11 18:00:00,115050.0,115090.0,114485.0,114625.0,1258.0
2025-09-11 18:30:00,114645.0,114730.0,114495.0,114700.0,385.0
2025-09-11 19:00:00,114705.0,114820.0,114540.0,114725.0,1576.0
2025-09-11 19:30:00,114720.0,114980.0,114715.0,114855.0,2802.0
2025-09-11 20:00:00,114870.0,114955.0,114690.0,114720.0,568.0
2025-09-11 20:30:00,114730.0,114875.0,114680.0,114810.0,500.0
2025-09-12 13:30:00,115330.0,115655.0,115165.0,115550.0,2365.0
2025-09-12 14:00:00,115545.0,115925.0,115450.0,115655.0,2078.0
2025-09-12 14:30:00,115690.0,115765.0,115260.0,115715.0,1990.0
2025-09-12 15:00:00,115705.0,115750.0,115315.0,115420.0,907.0
2025-09-12 15:30:00,115410.0,115680.0,115355.0,115540.0,615.0
2025-09-12 16:00:00,115560.0,115855.0,115450.0,115840.0,941.0
2025-09-12 16:30:00,115845.0,115995.0,115685.0,115965.0,1282.0
2025-09-12 17:00:00,115980.0,116470.0,115870.0,116365.0,2319.0
2025-09-12 17:30:00,116395.0,116480.0,116210.0,116345.0,1637.0
2025-09-12 18:00:00,116355.0,116785.0,116285.0,116775.0,1106.0
2025-09-12 18:30:00,116780.0,117130.0,116770.0,117110.0,2613.0
2025-09-12 19:00:00,117110.0,117170.0,116830.0,117130.0,1695.0
2025-09-12 19:30:00,117135.0,117325.0,117010.0,117255.0,3530.0
2025-09-12 20:00:00,117250.0,117250.0,116620.0,116720.0,1757.0
2025-09-12 20:30:00,116685.0,116955.0,116675.0,116835.0,1097.0
2025-09-15 13:30:00,115355.0,115425.0,114630.0,114930.0,6859.0
2025-09-15 14:00:00,114945.0,115380.0,114685.0,115350.0,3189.0
2025-09-15 14:30:00,115325.0,115375.0,114960.0,114970.0,2117.0
2025-09-15 15:00:00,114970.0,115070.0,114640.0,114960.0,2290.0
2025-09-15 15:30:00,114950.0,115250.0,114740.0,115190.0,1327.0
2025-09-15 16:00:00,115170.0,115260.0,114965.0,115020.0,1107.0
2025-09-15 16:30:00,114990.0,115285.0,114930.0,115005.0,864.0
2025-09-15 17:00:00,114975.0,115250.0,114920.0,115045.0,648.0
2025-09-15 17:30:00,115025.0,115510.0,115015.0,115480.0,791.0
2025-09-15 18:00:00,115490.0,115625.0,115235.0,115250.0,1084.0
2025-09-15 18:30:00,115250.0,115730.0,115205.0,115660.0,954.0
2025-09-15 19:00:00,115660.0,115890.0,115340.0,115385.0,1874.0
2025-09-15 19:30:00,115380.0,115905.0,115255.0,115580.0,2942.0
2025-09-15 20:00:00,115580.0,115790.0,115535.0,115560.0,1169.0
2025-09-15 20:30:00,115575.0,115650.0,115470.0,115640.0,606.0
2025-09-16 13:30:00,115735.0,115780.0,114970.0,115425.0,5677.0
2025-09-16 14:00:00,115410.0,115520.0,115025.0,115240.0,2374.0
2025-09-16 14:30:00,115260.0,115610.0,115155.0,115580.0,1047.0
2025-09-16 15:00:00,115575.0,115585.0,115265.0,115405.0,1092.0
2025-09-16 15:30:00,115410.0,116240.0,115400.0,116225.0,2034.0
2025-09-16 16:00:00,116230.0,116335.0,115930.0,116195.0,2504.0
2025-09-16 16:30:00,116180.0,116450.0,116120.0,116410.0,1009.0
2025-09-16 17:00:00,116405.0,117225.0,116405.0,117175.0,3433.0
2025-09-16 17:30:00,117185.0,117345.0,116725.0,116880.0,3333.0
2025-09-16 18:00:00,116890.0,117210.0,116795.0,116850.0,1665.0
2025-09-16 18:30:00,116840.0,116890.0,116575.0,116780.0,1344.0
2025-09-16 19:00:00,116815.0,116940.0,116720.0,116800.0,1568.0
2025-09-16 19:30:00,116800.0,117180.0,116720.0,117135.0,2840.0
2025-09-16 20:00:00,117135.0,117275.0,117050.0,117080.0,1188.0
2025-09-16 20:30:00,117085.0,117270.0,117075.0,117175.0,655.0
2025-09-17 13:30:00,116485.0,116545.0,116085.0,116350.0,4707.0
2025-09-17 14:00:00,116350.0,116490.0,115770.0,115830.0,3440.0
2025-09-17 14:30:00,115835.0,115945.0,115635.0,115790.0,3318.0
2025-09-17 15:00:00,115785.0,116010.0,115685.0,115835.0,2002.0
2025-09-17 15:30:00,115850.0,116100.0,115830.0,116070.0,1937.0
2025-09-17 16:00:00,116050.0,116050.0,115710.0,115885.0,917.0
2025-09-17 16:30:00,115880.0,115895.0,115540.0,115840.0,1714.0
2025-09-17 17:00:00,115840.0,116035.0,115740.0,115870.0,1524.0
2025-09-17 17:30:00,115870.0,116535.0,115725.0,115840.0,2601.0
2025-09-17 18:00:00,115890.0,116660.0,115175.0,116195.0,17145.0
2025-09-17 18:30:00,116215.0,116220.0,114835.0,115415.0,12748.0
2025-09-17 19:00:00,115410.0,116245.0,115240.0,115980.0,6513.0
2025-09-17 19:30:00,115955.0,116065.0,115770.0,115850.0,5150.0
2025-09-17 20:00:00,115840.0,116360.0,115790.0,116005.0,2254.0
2025-09-17 20:30:00,116020.0,116125.0,115720.0,115850.0,626.0
2025-09-18 13:30:00,117725.0,118005.0,117270.0,117730.0,7473.0
2025-09-18 14:00:00,117720.0,118240.0,117705.0,118075.0,3528.0
2025-09-18 14:30:00,118080.0,118190.0,117960.0,117975.0,1578.0
2025-09-18 15:00:00,117985.0,118030.0,117605.0,117635.0,2160.0
2025-09-18 15:30:00,117630.0,118025.0,117610.0,117895.0,2861.0
2025-09-18 16:00:00,117890.0,118140.0,117780.0,118035.0,1907.0
2025-09-18 16:30:00,118050.0,118135.0,117820.0,117865.0,2764.0
2025-09-18 17:00:00,117835.0,118085.0,117800.0,117860.0,1212.0
2025-09-18 17:30:00,117830.0,117960.0,117680.0,117880.0,1406.0
2025-09-18 18:00:00,117885.0,118260.0,117775.0,118145.0,1810.0
2025-09-18 18:30:00,118120.0,118250.0,118015.0,118160.0,1036.0
2025-09-18 19:00:00,118160.0,118165.0,117720.0,117735.0,2249.0
2025-09-18 19:30:00,117715.0,117815.0,117415.0,117750.0,4613.0
2025-09-18 20:00:00,117745.0,117830.0,117620.0,117805.0,1010.0
2025-09-18 20:30:00,117835.0,118010.0,117805.0,117870.0,754.0
2025-09-19 13:30:00,116405.0,116720.0,116260.0,116535.0,3998.0
2025-09-19 14:00:00,116520.0,116735.0,116410.0,116495.0,1702.0
2025-09-19 14:30:00,116460.0,116585.0,115930.0,116100.0,3584.0
2025-09-19 15:00:00,116075.0,116100.0,115580.0,116010.0,4753.0
2025-09-19 15:30:00,116000.0,116185.0,115825.0,116110.0,1968.0
2025-09-19 16:00:00,116110.0,116265.0,116010.0,116170.0,1087.0
2025-09-19 16:30:00,116185.0,116395.0,116040.0,116330.0,985.0
2025-09-19 17:00:00,116325.0,116325.0,115895.0,115980.0,879.0
2025-09-19 17:30:00,115975.0,115990.0,115685.0,115705.0,971.0
2025-09-19 18:00:00,115715.0,115785.0,115520.0,115565.0,958.0
2025-09-19 18:30:00,115540.0,115825.0,115525.0,115575.0,1711.0
2025-09-19 19:00:00,115580.0,115675.0,115405.0,115530.0,2007.0
2025-09-19 19:30:00,115520.0,115580.0,115225.0,115280.0,4584.0
2025-09-19 20:00:00,115280.0,115575.0,115225.0,115535.0,1251.0
2025-09-19 20:30:00,115535.0,115590.0,115375.0,115445.0,1037.0
2025-09-22 13:30:00,113095.0,113345.0,112485.0,113300.0,4897.0
2025-09-22 14:00:00,113295.0,113605.0,113210.0,113535.0,3481.0
2025-09-22 14:30:00,113525.0,113615.0,112865.0,113060.0,2389.0
2025-09-22 15:00:00,113055.0,113175.0,112665.0,112780.0,1580.0
2025-09-22 15:30:00,112775.0,113030.0,112655.0,112950.0,1456.0
2025-09-22 16:00:00,112950.0,113015.0,112775.0,112870.0,911.0
2025-09-22 16:30:00,112885.0,112990.0,112705.0,112765.0,901.0
2025-09-22 17:00:00,112770.0,112800.0,112345.0,112485.0,1785.0
2025-09-22 17:30:00,112500.0,112680.0,112410.0,112485.0,805.0
2025-09-22 18:00:00,112460.0,112865.0,112435.0,112800.0,717.0
2025-09-22 18:30:00,112800.0,112965.0,112540.0,112565.0,1033.0
2025-09-22 19:00:00,112590.0,112750.0,112555.0,112595.0,990.0
2025-09-22 19:30:00,112605.0,112605.0,112080.0,112230.0,5322.0
2025-09-22 20:00:00,112225.0,112400.0,112095.0,112400.0,1656.0
2025-09-22 20:30:00,112410.0,113065.0,112410.0,112885.0,1462.0
2025-09-23 13:30:00,113070.0,113165.0,112815.0,113060.0,2541.0
2025-09-23 14:00:00,113065.0,113450.0,112865.0,112885.0,3424.0
2025-09-23 14:30:00,112885.0,112990.0,112650.0,112765.0,2098.0
2025-09-23 15:00:00,112755.0,113175.0,112570.0,113055.0,2421.0
2025-09-23 15:30:00,113050.0,113120.0,112890.0,112975.0,854.0
2025-09-23 16:00:00,112975.0,113040.0,112555.0,112895.0,1338.0
2025-09-23 16:30:00,112910.0,113095.0,112565.0,112915.0,1511.0
2025-09-23 17:00:00,112920.0,112920.0,112435.0,112445.0,1376.0
2025-09-23 17:30:00,112430.0,112495.0,111875.0,111965.0,3230.0
2025-09-23 18:00:00,111985.0,112240.0,111785.0,112065.0,2359.0
2025-09-23 18:30:00,112035.0,112035.0,111725.0,111840.0,1309.0
2025-09-23 19:00:00,111840.0,112070.0,111810.0,111835.0,2121.0
2025-09-23 19:30:00,111840.0,111885.0,111620.0,111740.0,2914.0
2025-09-23 20:00:00,111730.0,112035.0,111695.0,111720.0,1337.0
2025-09-23 20:30:00,111720.0,112090.0,111515.0,112050.0,1082.0
2025-09-24 13:30:00,114005.0,114180.0,113725.0,113755.0,722.0
2025-09-24 14:00:00,113800.0,114130.0,113795.0,114085.0,398.0
2025-09-24 14:30:00,114120.0,114875.0,114030.0,114650.0,857.0
2025-09-24 15:00:00,114695.0,114855.0,114405.0,114600.0,414.0
2025-09-24 15:30:00,114585.0,114660.0,114160.0,114250.0,441.0
2025-09-24 16:00:00,114280.0,114525.0,114050.0,114480.0,329.0
2025-09-24 16:30:00,114485.0,114685.0,114420.0,114625.0,268.0
2025-09-24 17:00:00,114605.0,114855.0,114515.0,114720.0,303.0
2025-09-24 17:30:00,114760.0,114895.0,114575.0,114675.0,218.0
2025-09-24 18:00:00,114685.0,114765.0,114410.0,114575.0,286.0
2025-09-24 18:30:00,114560.0,114620.0,114450.0,114545.0,154.0
2025-09-24 19:00:00,114560.0,114585.0,114340.0,114380.0,277.0
2025-09-24 19:30:00,114380.0,114385.0,114120.0,114285.0,582.0
2025-09-24 20:00:00,114320.0,114475.0,114260.0,114445.0,316.0
2025-09-24 20:30:00,114390.0,114530.0,114340.0,114455.0,69.0
2025-09-25 13:30:00,112385.0,112485.0,111305.0,111710.0,1550.0
2025-09-25 14:00:00,111710.0,112530.0,111680.0,112275.0,1234.0
2025-09-25 14:30:00,112320.0,112550.0,112100.0,112340.0,800.0
2025-09-25 15:00:00,112345.0,112370.0,111570.0,111700.0,638.0
2025-09-25 15:30:00,111685.0,112365.0,111625.0,112365.0,626.0
2025-09-25 16:00:00,112350.0,112480.0,111855.0,111895.0,490.0
2025-09-25 16:30:00,111875.0,112070.0,111620.0,111735.0,740.0
2025-09-25 17:00:00,111750.0,111750.0,110555.0,110605.0,2045.0
2025-09-25 17:30:00,110630.0,110680.0,109260.0,109400.0,2203.0
2025-09-25 18:00:00,109410.0,110305.0,109200.0,110060.0,1283.0
2025-09-25 18:30:00,110165.0,110545.0,109870.0,110480.0,940.0
2025-09-25 19:00:00,110515.0,110705.0,110375.0,110590.0,1008.0
2025-09-25 19:30:00,110590.0,110680.0,109950.0,110025.0,1308.0
2025-09-25 20:00:00,110050.0,110135.0,109775.0,109950.0,889.0
2025-09-25 20:30:00,109930.0,109985.0,109680.0,109835.0,317.0
2025-09-26 13:30:00,109845.0,110480.0,109625.0,110355.0,4332.0
2025-09-26 14:00:00,110365.0,110520.0,109460.0,109645.0,8454.0
2025-09-26 14:30:00,109625.0,109670.0,109245.0,109370.0,6701.0
2025-09-26 15:00:00,109350.0,109950.0,109315.0,109930.0,2154.0
2025-09-26 15:30:00,109935.0,109970.0,109555.0,109585.0,980.0
2025-09-26 16:00:00,109595.0,110290.0,109595.0,110180.0,1300.0
2025-09-26 16:30:00,110175.0,110225.0,109875.0,110075.0,624.0
2025-09-26 17:00:00,110060.0,110665.0,109995.0,110605.0,1103.0
2025-09-26 17:30:00,110585.0,110660.0,110340.0,110575.0,1827.0
2025-09-26 18:00:00,110590.0,111000.0,110480.0,110875.0,1384.0
2025-09-26 18:30:00,110855.0,110855.0,110300.0,110310.0,1279.0
2025-09-26 19:00:00,110295.0,110330.0,109850.0,109855.0,1975.0
2025-09-26 19:30:00,109845.0,109910.0,109580.0,109760.0,2828.0
2025-09-26 20:00:00,109765.0,109945.0,109660.0,109790.0,1671.0
2025-09-26 20:30:00,109770.0,109990.0,109760.0,109900.0,817.0
2025-09-29 13:30:00,112935.0,114325.0,112810.0,114050.0,9188.0
2025-09-29 14:00:00,114080.0,114850.0,114040.0,114635.0,4415.0
2025-09-29 14:30:00,114615.0,115195.0,114595.0,114965.0,3922.0
2025-09-29 15:00:00,114970.0,115080.0,114670.0,114725.0,3269.0
2025-09-29 15:30:00,114735.0,114920.0,114520.0,114695.0,1994.0
2025-09-29 16:00:00,114710.0,114925.0,114655.0,114730.0,769.0
2025-09-29 16:30:00,114765.0,114965.0,114440.0,114485.0,1094.0
2025-09-29 17:00:00,114480.0,114775.0,114280.0,114750.0,1182.0
2025-09-29 17:30:00,114760.0,115065.0,114625.0,114935.0,1242.0
2025-09-29 18:00:00,114940.0,115040.0,114725.0,114845.0,654.0
2025-09-29 18:30:00,114825.0,114940.0,114735.0,114900.0,562.0
2025-09-29 19:00:00,114890.0,114940.0,114670.0,114800.0,1866.0
2025-09-29 19:30:00,114795.0,115295.0,114705.0,115185.0,4954.0
2025-09-29 20:00:00,115185.0,115315.0,115035.0,115195.0,1631.0
2025-09-29 20:30:00,115205.0,115340.0,115130.0,115155.0,990.0
2025-09-30 13:30:00,114110.0,114490.0,113885.0,114170.0,5171.0
2025-09-30 14:00:00,114230.0,114325.0,113660.0,113860.0,2505.0
2025-09-30 14:30:00,113905.0,114440.0,113785.0,114400.0,1342.0
2025-09-30 15:00:00,114420.0,114420.0,113655.0,113820.0,2000.0
2025-09-30 15:30:00,113785.0,114040.0,113725.0,113900.0,1075.0
2025-09-30 16:00:00,113875.0,114090.0,113740.0,113805.0,1364.0
2025-09-30 16:30:00,113825.0,113855.0,113505.0,113570.0,1592.0
2025-09-30 17:00:00,113565.0,114095.0,113530.0,114005.0,1431.0
2025-09-30 17:30:00,113970.0,114300.0,113895.0,114060.0,1092.0
2025-09-30 18:00:00,114040.0,114380.0,113960.0,114275.0,1172.0
2025-09-30 18:30:00,114275.0,114550.0,114125.0,114550.0,1677.0
2025-09-30 19:00:00,114560.0,114830.0,114510.0,114755.0,1184.0
2025-09-30 19:30:00,114755.0,115365.0,114755.0,115140.0,2756.0
2025-09-30 20:00:00,115160.0,115315.0,114935.0,115220.0,1662.0
2025-09-30 20:30:00,115195.0,115540.0,115130.0,115475.0,1908.0
2025-10-01 13:30:00,117515.0,117725.0,117250.0,117670.0,5932.0
2025-10-01 14:00:00,117660.0,118340.0,117560.0,118005.0,6728.0
2025-10-01 14:30:00,118030.0,118325.0,117925.0,118240.0,2278.0
2025-10-01 15:00:00,118220.0,118535.0,117995.0,118390.0,3003.0
2025-10-01 15:30:00,118395.0,118490.0,118175.0,118315.0,2019.0
2025-10-01 16:00:00,118375.0,118815.0,118215.0,118810.0,2175.0
2025-10-01 16:30:00,118800.0,119130.0,118430.0,118470.0,4992.0
2025-10-01 17:00:00,118460.0,118625.0,118140.0,118250.0,1711.0
2025-10-01 17:30:00,118270.0,118375.0,117525.0,117590.0,2178.0
2025-10-01 18:00:00,117595.0,117950.0,117590.0,117900.0,1283.0
2025-10-01 18:30:00,117895.0,118250.0,117895.0,118140.0,1594.0
2025-10-01 19:00:00,118130.0,118395.0,118080.0,118345.0,739.0
2025-10-01 19:30:00,118355.0,118515.0,118135.0,118300.0,2280.0
2025-10-01 20:00:00,118310.0,118315.0,118020.0,118260.0,1625.0
2025-10-01 20:30:00,118270.0,118455.0,118125.0,118425.0,1108.0
2025-10-02 13:30:00,120125.0,120780.0,120060.0,120590.0,5644.0
2025-10-02 14:00:00,120585.0,120745.0,120270.0,120680.0,2502.0
2025-10-02 14:30:00,120735.0,120815.0,119575.0,119775.0,3596.0
2025-10-02 15:00:00,119790.0,120585.0,119435.0,120410.0,3396.0
2025-10-02 15:30:00,120430.0,120930.0,120160.0,120920.0,2415.0
2025-10-02 16:00:00,120925.0,121290.0,120690.0,120995.0,3606.0
2025-10-02 16:30:00,121100.0,121115.0,120590.0,120755.0,1276.0
2025-10-02 17:00:00,120750.0,120815.0,120330.0,120405.0,1755.0
2025-10-02 17:30:00,120400.0,120985.0,120365.0,120915.0,1135.0
2025-10-02 18:00:00,120925.0,121280.0,120905.0,121185.0,1649.0
2025-10-02 18:30:00,121180.0,121710.0,121015.0,121525.0,2234.0
2025-10-02 19:00:00,121530.0,122030.0,121465.0,121705.0,2213.0
2025-10-02 19:30:00,121725.0,121960.0,121515.0,121875.0,2624.0
2025-10-02 20:00:00,121900.0,122020.0,121535.0,121640.0,2188.0
2025-10-02 20:30:00,121650.0,121755.0,121385.0,121710.0,1094.0
2025-10-03 13:30:00,121680.0,121825.0,121185.0,121470.0,4476.0
2025-10-03 14:00:00,121425.0,121550.0,120920.0,121525.0,3355.0
2025-10-03 14:30:00,121500.0,122130.0,121350.0,122025.0,3887.0
2025-10-03 15:00:00,122015.0,122595.0,121700.0,122390.0,4241.0
2025-10-03 15:30:00,122380.0,123455.0,122380.0,123355.0,4155.0
2025-10-03 16:00:00,123355.0,124935.0,123350.0,124750.0,9062.0
2025-10-03 16:30:00,124750.0,125025.0,123555.0,123595.0,5549.0
2025-10-03 17:00:00,123570.0,124170.0,122725.0,123530.0,9916.0
2025-10-03 17:30:00,123500.0,124050.0,122630.0,123080.0,4542.0
2025-10-03 18:00:00,123135.0,123660.0,122450.0,123525.0,2813.0
2025-10-03 18:30:00,123560.0,123820.0,123250.0,123610.0,1666.0
2025-10-03 19:00:00,123595.0,123865.0,123345.0,123825.0,1697.0
2025-10-03 19:30:00,123865.0,123995.0,123575.0,123645.0,1883.0
2025-10-03 20:00:00,123655.0,123710.0,123005.0,123190.0,1886.0
2025-10-03 20:30:00,123235.0,123775.0,123235.0,123435.0,953.0
2025-10-06 13:30:00,125825.0,126080.0,125305.0,126010.0,5081.0
2025-10-06 14:00:00,126040.0,126355.0,125460.0,125875.0,3831.0
2025-10-06 14:30:00,125880.0,126085.0,125280.0,125480.0,2353.0
2025-10-06 15:00:00,125470.0,126400.0,125445.0,126125.0,1950.0
2025-10-06 15:30:00,126130.0,126255.0,125930.0,125960.0,1490.0
2025-10-06 16:00:00,125925.0,126065.0,125745.0,125865.0,1421.0
2025-10-06 16:30:00,125860.0,126495.0,125860.0,126420.0,1333.0
2025-10-06 17:00:00,126440.0,126865.0,126315.0,126690.0,2044.0
2025-10-06 17:30:00,126685.0,126750.0,126080.0,126250.0,1846.0
2025-10-06 18:00:00,126235.0,126395.0,126010.0,126185.0,1087.0
2025-10-06 18:30:00,126190.0,127240.0,126160.0,127030.0,2844.0
2025-10-06 19:00:00,127050.0,127130.0,126355.0,126625.0,3217.0
2025-10-06 19:30:00,126635.0,126725.0,126135.0,126335.0,5073.0
2025-10-06 20:00:00,126340.0,126455.0,125935.0,126085.0,1107.0
2025-10-06 20:30:00,126025.0,126265.0,126020.0,126130.0,545.0
2025-10-07 13:30:00,125805.0,125820.0,124365.0,124870.0,6357.0
2025-10-07 14:00:00,124855.0,125015.0,123660.0,123845.0,7333.0
2025-10-07 14:30:00,123880.0,124020.0,123520.0,123705.0,2907.0
2025-10-07 15:00:00,123700.0,123845.0,122565.0,122960.0,7628.0
2025-10-07 15:30:00,122945.0,123000.0,122005.0,122700.0,8841.0
2025-10-07 16:00:00,122705.0,122745.0,121680.0,121980.0,4510.0
2025-10-07 16:30:00,121960.0,122910.0,121950.0,122515.0,3133.0
2025-10-07 17:00:00,122525.0,122695.0,122065.0,122160.0,2002.0
2025-10-07 17:30:00,122190.0,122450.0,121910.0,121980.0,1381.0
2025-10-07 18:00:00,121985.0,122160.0,121410.0,121545.0,3468.0
2025-10-07 18:30:00,121525.0,121825.0,121420.0,121725.0,1907.0
2025-10-07 19:00:00,121690.0,122410.0,121685.0,122050.0,2747.0
2025-10-07 19:30:00,122055.0,122800.0,122050.0,122370.0,3370.0
2025-10-07 20:00:00,122385.0,122930.0,122370.0,122930.0,1817.0
2025-10-07 20:30:00,122940.0,122940.0,122630.0,122680.0,922.0
2025-10-08 13:30:00,123205.0,123415.0,122375.0,123315.0,5111.0
2025-10-08 14:00:00,123335.0,124070.0,123160.0,123355.0,5182.0
2025-10-08 14:30:00,123335.0,123605.0,122820.0,123060.0,2389.0
2025-10-08 15:00:00,123040.0,123380.0,122940.0,123205.0,1419.0
2025-10-08 15:30:00,123180.0,123210.0,122670.0,122935.0,1366.0
2025-10-08 16:00:00,122925.0,123680.0,122855.0,123445.0,1680.0
2025-10-08 16:30:00,123415.0,123900.0,123320.0,123810.0,1286.0
2025-10-08 17:00:00,123820.0,124760.0,123715.0,124550.0,4730.0
2025-10-08 17:30:00,124575.0,124920.0,124380.0,124800.0,2514.0
2025-10-08 18:00:00,124815.0,124950.0,124285.0,124335.0,2979.0
2025-10-08 18:30:00,124350.0,124545.0,124075.0,124100.0,3452.0
2025-10-08 19:00:00,124095.0,124345.0,123785.0,124315.0,1918.0
2025-10-08 19:30:00,124315.0,124445.0,124000.0,124040.0,2579.0
2025-10-08 20:00:00,124050.0,124365.0,123880.0,124185.0,958.0
2025-10-08 20:30:00,124185.0,124205.0,123355.0,123355.0,1163.0
2025-10-09 13:30:00,124145.0,124185.0,122960.0,123075.0,4571.0
2025-10-09 14:00:00,123070.0,123280.0,122235.0,122355.0,4899.0
2025-10-09 14:30:00,122330.0,122465.0,121450.0,122030.0,6980.0
2025-10-09 15:00:00,122040.0,122445.0,121670.0,121705.0,2480.0
2025-10-09 15:30:00,121700.0,121990.0,121305.0,121845.0,2057.0
2025-10-09 16:00:00,121865.0,122190.0,121755.0,121935.0,1716.0
2025-10-09 16:30:00,121915.0,122030.0,120415.0,120565.0,5411.0
2025-10-09 17:00:00,120525.0,121215.0,120360.0,120925.0,3932.0
2025-10-09 17:30:00,120935.0,121710.0,120915.0,121650.0,2477.0
2025-10-09 18:00:00,121630.0,121780.0,121225.0,121360.0,2069.0
2025-10-09 18:30:00,121390.0,121415.0,121065.0,121330.0,976.0
2025-10-09 19:00:00,121355.0,121835.0,121330.0,121825.0,950.0
2025-10-09 19:30:00,121805.0,121840.0,121500.0,121675.0,1653.0
2025-10-09 20:00:00,121690.0,121835.0,121535.0,121580.0,602.0
2025-10-09 20:30:00,121595.0,121880.0,121590.0,121790.0,727.0
2025-10-10 13:30:00,122705.0,123280.0,122050.0,122400.0,6300.0
2025-10-10 14:00:00,122395.0,122790.0,121795.0,121890.0,3409.0
2025-10-10 14:30:00,121875.0,122160.0,121110.0,121150.0,3621.0
2025-10-10 15:00:00,121130.0,121250.0,119775.0,119815.0,12972.0
2025-10-10 15:30:00,119795.0,120190.0,118995.0,119560.0,10308.0
2025-10-10 16:00:00,119520.0,119780.0,119060.0,119580.0,3229.0
2025-10-10 16:30:00,119605.0,119965.0,118650.0,118650.0,4366.0
2025-10-10 17:00:00,118640.0,118900.0,118080.0,118595.0,5780.0
2025-10-10 17:30:00,118615.0,118630.0,117970.0,118050.0,3816.0
2025-10-10 18:00:00,118050.0,118280.0,117910.0,117990.0,2113.0
2025-10-10 18:30:00,118005.0,118105.0,117605.0,117610.0,2527.0
2025-10-10 19:00:00,117630.0,117765.0,116400.0,116485.0,5790.0
2025-10-10 19:30:00,116465.0,117565.0,116430.0,117010.0,5330.0
2025-10-10 20:00:00,117040.0,117505.0,116890.0,117420.0,2583.0
2025-10-10 20:30:00,117445.0,117515.0,113210.0,114665.0,6328.0
2025-10-13 13:30:00,114845.0,116075.0,114790.0,115880.0,12114.0
2025-10-13 14:00:00,115845.0,116010.0,114625.0,114810.0,4178.0
2025-10-13 14:30:00,114750.0,115300.0,114260.0,114480.0,2964.0
2025-10-13 15:00:00,114480.0,115075.0,114415.0,114720.0,1700.0
2025-10-13 15:30:00,114705.0,115225.0,114605.0,114790.0,1579.0
2025-10-13 16:00:00,114765.0,115655.0,114740.0,114900.0,1985.0
2025-10-13 16:30:00,114890.0,115255.0,114765.0,115115.0,1335.0
2025-10-13 17:00:00,115075.0,115450.0,114860.0,114980.0,2037.0
2025-10-13 17:30:00,115005.0,115475.0,114630.0,115475.0,1335.0
2025-10-13 18:00:00,115440.0,115805.0,115150.0,115750.0,1730.0
2025-10-13 18:30:00,115740.0,115860.0,115430.0,115610.0,1772.0
2025-10-13 19:00:00,115635.0,116235.0,115525.0,116135.0,2163.0
2025-10-13 19:30:00,116100.0,116480.0,116010.0,116365.0,3491.0
2025-10-13 20:00:00,116385.0,116485.0,116045.0,116080.0,841.0
2025-10-13 20:30:00,116060.0,116345.0,115945.0,116345.0,685.0
2025-10-14 13:30:00,111220.0,111735.0,110285.0,111475.0,6558.0
2025-10-14 14:00:00,111440.0,112670.0,111345.0,112320.0,4242.0
2025-10-14 14:30:00,112300.0,112585.0,111785.0,111850.0,2468.0
2025-10-14 15:00:00,111880.0,112220.0,111450.0,111905.0,1812.0
2025-10-14 15:30:00,111905.0,113365.0,111785.0,113340.0,4684.0
2025-10-14 16:00:00,113330.0,113610.0,112715.0,113140.0,3596.0
2025-10-14 16:30:00,113170.0,113345.0,112635.0,112755.0,2571.0
2025-10-14 17:00:00,112760.0,113405.0,112170.0,113260.0,2671.0
2025-10-14 17:30:00,113285.0,113435.0,112845.0,113250.0,1226.0
2025-10-14 18:00:00,113270.0,113940.0,113230.0,113625.0,1967.0
2025-10-14 18:30:00,113625.0,113760.0,113095.0,113310.0,1202.0
2025-10-14 19:00:00,113325.0,114040.0,113325.0,113835.0,1079.0
2025-10-14 19:30:00,113855.0,113920.0,112445.0,113070.0,6541.0
2025-10-14 20:00:00,113050.0,113410.0,112725.0,113290.0,1382.0
2025-10-14 20:30:00,113285.0,113525.0,113185.0,113470.0,979.0
2025-10-15 13:30:00,111820.0,112440.0,111060.0,111745.0,7394.0
2025-10-15 14:00:00,111750.0,112665.0,111735.0,112325.0,3482.0
2025-10-15 14:30:00,112355.0,112380.0,111195.0,111440.0,3555.0
2025-10-15 15:00:00,111430.0,111930.0,110910.0,111520.0,3795.0
2025-10-15 15:30:00,111520.0,111725.0,110695.0,111125.0,2598.0
2025-10-15 16:00:00,111120.0,111460.0,110925.0,111325.0,2295.0
2025-10-15 16:30:00,111265.0,111380.0,110870.0,111050.0,1147.0
2025-10-15 17:00:00,111025.0,111025.0,110395.0,110695.0,2936.0
2025-10-15 17:30:00,110675.0,111525.0,110525.0,111525.0,1525.0
2025-10-15 18:00:00,111490.0,111725.0,111120.0,111545.0,1275.0
2025-10-15 18:30:00,111540.0,111845.0,111300.0,111750.0,837.0
2025-10-15 19:00:00,111740.0,111865.0,111385.0,111795.0,759.0
2025-10-15 19:30:00,111800.0,111865.0,111375.0,111560.0,1782.0
2025-10-15 20:00:00,111570.0,111885.0,111350.0,111380.0,864.0
2025-10-15 20:30:00,111345.0,111785.0,110850.0,111400.0,2051.0
2025-10-16 13:30:00,111410.0,111790.0,110930.0,111125.0,3468.0
2025-10-16 14:00:00,111130.0,111240.0,110000.0,110630.0,4486.0
2025-10-16 14:30:00,110640.0,111755.0,110625.0,110810.0,4873.0
2025-10-16 15:00:00,110830.0,111040.0,110130.0,110300.0,2701.0
2025-10-16 15:30:00,110300.0,110450.0,108560.0,108795.0,12196.0
2025-10-16 16:00:00,108805.0,109090.0,108060.0,108350.0,5846.0
2025-10-16 16:30:00,108300.0,109475.0,107790.0,109460.0,5357.0
2025-10-16 17:00:00,109455.0,109480.0,108580.0,109060.0,4042.0
2025-10-16 17:30:00,109050.0,109225.0,108415.0,108495.0,2294.0
2025-10-16 18:00:00,108455.0,108500.0,107830.0,108090.0,3977.0
2025-10-16 18:30:00,108080.0,108935.0,108065.0,108930.0,2553.0
2025-10-16 19:00:00,108905.0,109020.0,107925.0,108195.0,3184.0
2025-10-16 19:30:00,108195.0,108870.0,107915.0,108475.0,2659.0
2025-10-16 20:00:00,108490.0,108755.0,108015.0,108240.0,1492.0
2025-10-16 20:30:00,108220.0,108300.0,107710.0,108080.0,2229.0
2025-10-17 13:30:00,105710.0,106415.0,105120.0,106050.0,6776.0
2025-10-17 14:00:00,106040.0,106230.0,105130.0,105260.0,4526.0
2025-10-17 14:30:00,105280.0,105935.0,104685.0,105310.0,5279.0
2025-10-17 15:00:00,105310.0,106415.0,105225.0,106225.0,3809.0
2025-10-17 15:30:00,106260.0,106995.0,105775.0,106935.0,3352.0
2025-10-17 16:00:00,106955.0,107700.0,106790.0,106915.0,4801.0
2025-10-17 16:30:00,106905.0,107050.0,106350.0,106520.0,1892.0
2025-10-17 17:00:00,106515.0,106905.0,106340.0,106380.0,1549.0
2025-10-17 17:30:00,106360.0,106815.0,106245.0,106685.0,1603.0
2025-10-17 18:00:00,106715.0,107220.0,106685.0,107100.0,2501.0
2025-10-17 18:30:00,107100.0,107330.0,106715.0,106840.0,1275.0
2025-10-17 19:00:00,106880.0,107115.0,106700.0,106795.0,1789.0
2025-10-17 19:30:00,106770.0,106880.0,106430.0,106695.0,2336.0
2025-10-17 20:00:00,106710.0,107270.0,106570.0,107225.0,1164.0
2025-10-17 20:30:00,107210.0,107405.0,107090.0,107195.0,1208.0
2025-10-20 13:30:00,110915.0,111435.0,110750.0,111375.0,3808.0
2025-10-20 14:00:00,111410.0,111495.0,110885.0,111465.0,1757.0
2025-10-20 14:30:00,111455.0,111610.0,111175.0,111420.0,1460.0
2025-10-20 15:00:00,111430.0,111885.0,111230.0,111515.0,2141.0
2025-10-20 15:30:00,111525.0,111960.0,111335.0,111370.0,2539.0
2025-10-20 16:00:00,111385.0,111595.0,110830.0,111260.0,2637.0
2025-10-20 16:30:00,111240.0,111240.0,110370.0,110935.0,2919.0
2025-10-20 17:00:00,110945.0,111365.0,110530.0,110605.0,1794.0
2025-10-20 17:30:00,110640.0,110740.0,110065.0,110525.0,2503.0
2025-10-20 18:00:00,110540.0,110910.0,110420.0,110855.0,1098.0
2025-10-20 18:30:00,110875.0,111215.0,110800.0,111175.0,881.0
2025-10-20 19:00:00,111160.0,111310.0,110750.0,111060.0,992.0
2025-10-20 19:30:00,111045.0,111240.0,110940.0,111060.0,2315.0
2025-10-20 20:00:00,111060.0,111525.0,110895.0,111295.0,1282.0
2025-10-20 20:30:00,111270.0,111410.0,111185.0,111405.0,540.0
2025-10-21 13:30:00,108955.0,109165.0,108395.0,108695.0,4232.0
2025-10-21 14:00:00,108690.0,110880.0,108665.0,109980.0,8002.0
2025-10-21 14:30:00,109965.0,112630.0,109955.0,112515.0,7629.0
2025-10-21 15:00:00,112525.0,113490.0,112065.0,113275.0,8993.0
2025-10-21 15:30:00,113290.0,113900.0,112995.0,113745.0,3996.0
2025-10-21 16:00:00,113720.0,114225.0,113435.0,114060.0,3375.0
2025-10-21 16:30:00,114065.0,114360.0,112795.0,112895.0,4595.0
2025-10-21 17:00:00,112895.0,113365.0,112145.0,112700.0,5368.0
2025-10-21 17:30:00,112710.0,112930.0,112300.0,112345.0,2458.0
2025-10-21 18:00:00,112325.0,112630.0,112050.0,112185.0,1862.0
2025-10-21 18:30:00,112170.0,112385.0,111655.0,112310.0,3109.0
2025-10-21 19:00:00,112290.0,112545.0,111915.0,112030.0,1075.0
2025-10-21 19:30:00,111950.0,112335.0,111865.0,112075.0,1763.0
2025-10-21 20:00:00,112075.0,112105.0,110960.0,111155.0,2720.0
2025-10-21 20:30:00,111170.0,111405.0,111005.0,111115.0,1277.0
2025-10-22 13:30:00,108360.0,109220.0,107820.0,108960.0,8756.0
2025-10-22 14:00:00,108955.0,109030.0,107650.0,108060.0,8949.0
2025-10-22 14:30:00,108065.0,109210.0,107795.0,109120.0,7622.0
2025-10-22 15:00:00,109155.0,109355.0,107845.0,107995.0,5093.0
2025-10-22 15:30:00,108005.0,108795.0,107830.0,108545.0,2331.0
2025-10-22 16:00:00,108565.0,108855.0,108220.0,108720.0,1917.0
2025-10-22 16:30:00,108815.0,109030.0,107940.0,108400.0,8363.0
2025-10-22 17:00:00,108310.0,108505.0,108005.0,108105.0,1472.0
2025-10-22 17:30:00,108085.0,108425.0,107670.0,107925.0,1741.0
2025-10-22 18:00:00,107905.0,108255.0,107560.0,108180.0,1932.0
2025-10-22 18:30:00,108175.0,108415.0,108005.0,108210.0,1235.0
2025-10-22 19:00:00,108220.0,108625.0,108100.0,108285.0,2996.0
2025-10-22 19:30:00,108300.0,108430.0,107860.0,108005.0,4176.0
2025-10-22 20:00:00,108000.0,108200.0,107730.0,107740.0,2521.0
2025-10-22 20:30:00,107735.0,108025.0,107595.0,107790.0,1746.0
2025-10-23 13:30:00,109300.0,109825.0,109140.0,109650.0,3675.0
2025-10-23 14:00:00,109720.0,109720.0,108830.0,109460.0,2801.0
2025-10-23 14:30:00,109430.0,110055.0,109410.0,109825.0,2400.0
2025-10-23 15:00:00,109845.0,110345.0,109715.0,110000.0,2514.0
2025-10-23 15:30:00,110010.0,110365.0,109810.0,110100.0,1559.0
2025-10-23 16:00:00,110105.0,110370.0,109955.0,110025.0,1070.0
2025-10-23 16:30:00,110040.0,110830.0,109830.0,110505.0,3227.0
2025-10-23 17:00:00,110500.0,110520.0,109805.0,110425.0,2750.0
2025-10-23 17:30:00,110440.0,111550.0,110320.0,111500.0,4764.0
2025-10-23 18:00:00,111500.0,111570.0,110750.0,110780.0,2499.0
2025-10-23 18:30:00,110765.0,110870.0,110455.0,110830.0,2385.0
2025-10-23 19:00:00,110825.0,110885.0,110320.0,110770.0,1017.0
2025-10-23 19:30:00,110785.0,110800.0,110390.0,110390.0,1155.0
2025-10-23 20:00:00,110405.0,110425.0,109975.0,110120.0,2121.0
2025-10-23 20:30:00,110120.0,110240.0,109570.0,109775.0,1122.0
2025-10-24 13:30:00,111400.0,111510.0,110510.0,111130.0,5192.0
2025-10-24 14:00:00,111070.0,111080.0,109865.0,110150.0,4522.0
2025-10-24 14:30:00,110070.0,110405.0,109870.0,110405.0,2316.0
2025-10-24 15:00:00,110405.0,110825.0,110175.0,110760.0,1549.0
2025-10-24 15:30:00,110805.0,110820.0,110040.0,110220.0,1211.0
2025-10-24 16:00:00,110200.0,110625.0,109955.0,110555.0,1750.0
2025-10-24 16:30:00,110555.0,110555.0,110065.0,110455.0,744.0
2025-10-24 17:00:00,110480.0,110805.0,110375.0,110680.0,1144.0
2025-10-24 17:30:00,110675.0,110690.0,110385.0,110385.0,810.0
2025-10-24 18:00:00,110385.0,110860.0,110325.0,110715.0,1023.0
2025-10-24 18:30:00,110725.0,110850.0,110590.0,110800.0,764.0
2025-10-24 19:00:00,110820.0,111105.0,110795.0,111105.0,906.0
2025-10-24 19:30:00,111070.0,111095.0,110640.0,110760.0,1630.0
2025-10-24 20:00:00,110770.0,110945.0,110580.0,110840.0,688.0
2025-10-24 20:30:00,110885.0,111155.0,110785.0,111005.0,675.0
2025-10-27 13:30:00,115235.0,115540.0,114630.0,115365.0,4727.0
2025-10-27 14:00:00,115390.0,115455.0,114570.0,115100.0,2697.0
2025-10-27 14:30:00,115100.0,115170.0,114780.0,114875.0,1099.0
2025-10-27 15:00:00,114860.0,115225.0,114855.0,115195.0,2080.0
2025-10-27 15:30:00,115190.0,115380.0,114985.0,115040.0,1227.0
2025-10-27 16:00:00,115135.0,115570.0,115015.0,115485.0,1598.0
2025-10-27 16:30:00,115445.0,115825.0,115405.0,115655.0,988.0
2025-10-27 17:00:00,115680.0,115805.0,115445.0,115475.0,810.0
2025-10-27 17:30:00,115470.0,115900.0,115445.0,115895.0,1065.0
2025-10-27 18:00:00,115875.0,115970.0,115515.0,115565.0,791.0
2025-10-27 18:30:00,115570.0,115705.0,115460.0,115510.0,629.0
2025-10-27 19:00:00,115510.0,115510.0,115070.0,115155.0,968.0
2025-10-27 19:30:00,115140.0,115185.0,114890.0,115105.0,1609.0
2025-10-27 20:00:00,115070.0,115090.0,114865.0,114880.0,896.0
2025-10-27 20:30:00,114860.0,114945.0,114595.0,114660.0,747.0
2025-10-28 13:30:00,115175.0,115690.0,114995.0,115655.0,2733.0
2025-10-28 14:00:00,115700.0,116290.0,115430.0,116070.0,2090.0
2025-10-28 14:30:00,116050.0,116120.0,114330.0,115200.0,4692.0
2025-10-28 15:00:00,115255.0,115545.0,115175.0,115195.0,1278.0
2025-10-28 15:30:00,115190.0,115230.0,114620.0,114765.0,1751.0
2025-10-28 16:00:00,114750.0,115270.0,114640.0,115200.0,1457.0
2025-10-28 16:30:00,115180.0,115675.0,115030.0,115485.0,2933.0
2025-10-28 17:00:00,115500.0,115755.0,115440.0,115595.0,778.0
2025-10-28 17:30:00,115605.0,115745.0,115320.0,115435.0,753.0
2025-10-28 18:00:00,115420.0,115500.0,114965.0,115030.0,917.0
2025-10-28 18:30:00,115020.0,115140.0,114755.0,115120.0,1026.0
2025-10-28 19:00:00,115150.0,115175.0,113760.0,113780.0,4256.0
2025-10-28 19:30:00,113755.0,114210.0,113585.0,113780.0,3418.0
2025-10-28 20:00:00,113725.0,113775.0,112470.0,112595.0,6255.0
2025-10-28 20:30:00,112590.0,113120.0,112390.0,112915.0,1724.0
2025-10-29 13:30:00,114220.0,114295.0,113285.0,113450.0,1027.0
2025-10-29 14:00:00,113450.0,113530.0,112805.0,112880.0,888.0
2025-10-29 14:30:00,112875.0,113345.0,112820.0,113020.0,498.0
2025-10-29 15:00:00,113055.0,113140.0,112540.0,112585.0,1070.0
2025-10-29 15:30:00,112575.0,112720.0,111925.0,112025.0,1516.0
2025-10-29 16:00:00,112020.0,112020.0,111540.0,111695.0,1141.0
2025-10-29 16:30:00,111695.0,111905.0,111600.0,111605.0,449.0
2025-10-29 17:00:00,111620.0,111870.0,111520.0,111735.0,472.0
2025-10-29 17:30:00,111710.0,112455.0,111710.0,112295.0,505.0
2025-10-29 18:00:00,112185.0,112505.0,111625.0,111990.0,609.0
2025-10-29 18:30:00,112000.0,112360.0,109750.0,111320.0,5624.0
2025-10-29 19:00:00,111320.0,112000.0,111220.0,111545.0,727.0
2025-10-29 19:30:00,111380.0,111465.0,110715.0,111160.0,746.0
2025-10-29 20:00:00,111205.0,111900.0,110925.0,111890.0,980.0
2025-10-29 20:30:00,111870.0,112105.0,111690.0,111950.0,568.0
2025-10-30 13:30:00,108910.0,108975.0,107785.0,108040.0,2973.0
2025-10-30 14:00:00,108075.0,108700.0,108060.0,108375.0,1022.0
2025-10-30 14:30:00,108460.0,108815.0,108290.0,108725.0,616.0
2025-10-30 15:00:00,108705.0,108740.0,108190.0,108325.0,792.0
2025-10-30 15:30:00,108350.0,108350.0,107715.0,108105.0,1119.0
2025-10-30 16:00:00,108135.0,108675.0,107975.0,108630.0,640.0
2025-10-30 16:30:00,108575.0,108625.0,108370.0,108605.0,673.0
2025-10-30 17:00:00,108630.0,108645.0,107200.0,107530.0,1566.0
2025-10-30 17:30:00,107510.0,108115.0,107280.0,107910.0,1369.0
2025-10-30 18:00:00,107895.0,107925.0,107670.0,107800.0,730.0
2025-10-30 18:30:00,107815.0,108005.0,107265.0,107275.0,569.0
2025-10-30 19:00:00,107315.0,107630.0,107115.0,107500.0,1399.0
2025-10-30 19:30:00,107520.0,107650.0,106735.0,107045.0,2797.0
2025-10-30 20:00:00,107020.0,107685.0,106770.0,107650.0,2258.0
2025-10-30 20:30:00,107640.0,108160.0,107270.0,107960.0,1956.0
2025-10-31 13:30:00,110405.0,110730.0,109815.0,110630.0,5348.0
2025-10-31 14:00:00,110685.0,111065.0,110115.0,110265.0,3802.0
2025-10-31 14:30:00,110240.0,111500.0,110010.0,111245.0,6436.0
2025-10-31 15:00:00,111255.0,111650.0,110810.0,110955.0,4115.0
2025-10-31 15:30:00,110945.0,111155.0,110595.0,110720.0,3400.0
2025-10-31 16:00:00,110690.0,110815.0,110285.0,110655.0,2778.0
2025-10-31 16:30:00,110635.0,110730.0,109190.0,109365.0,2938.0
2025-10-31 17:00:00,109360.0,109755.0,109105.0,109575.0,2272.0
2025-10-31 17:30:00,109505.0,109970.0,109495.0,109825.0,1611.0
2025-10-31 18:00:00,109830.0,110115.0,109745.0,109765.0,1280.0
2025-10-31 18:30:00,109780.0,110310.0,109445.0,109935.0,2818.0
2025-10-31 19:00:00,109925.0,110445.0,109590.0,110315.0,1717.0
2025-10-31 19:30:00,110300.0,110785.0,110260.0,110310.0,3442.0
2025-10-31 20:00:00,110305.0,110320.0,110025.0,110160.0,1430.0
2025-10-31 20:30:00,110170.0,110245.0,109850.0,109900.0,818.0
2025-11-03 14:30:00,108045.0,108615.0,107890.0,108580.0,2764.0
2025-11-03 15:00:00,108580.0,108725.0,106245.0,106525.0,11913.0
2025-11-03 15:30:00,106520.0,106995.0,105990.0,106210.0,11363.0
2025-11-03 16:00:00,106200.0,106960.0,105760.0,106785.0,5995.0
2025-11-03 16:30:00,106790.0,107270.0,106625.0,107140.0,4099.0
2025-11-03 17:00:00,107175.0,108215.0,106995.0,107540.0,4239.0
2025-11-03 17:30:00,107510.0,108195.0,107510.0,107975.0,2138.0
2025-11-03 18:00:00,107980.0,108105.0,107595.0,107740.0,1340.0
2025-11-03 18:30:00,107760.0,107880.0,107235.0,107425.0,1234.0
2025-11-03 19:00:00,107425.0,107640.0,106880.0,107410.0,1822.0
2025-11-03 19:30:00,107370.0,107920.0,107370.0,107505.0,896.0
2025-11-03 20:00:00,107555.0,107640.0,106925.0,107195.0,1907.0
2025-11-03 20:30:00,107200.0,107475.0,106770.0,107115.0,1762.0
2025-11-03 21:00:00,107100.0,107565.0,106520.0,107090.0,2618.0
2025-11-03 21:30:00,107095.0,107490.0,107025.0,107360.0,512.0
2025-11-04 14:30:00,104135.0,105090.0,103265.0,104890.0,10275.0
2025-11-04 15:00:00,104920.0,105270.0,104455.0,104865.0,3763.0
2025-11-04 15:30:00,104860.0,104870.0,103535.0,103545.0,3587.0
2025-11-04 16:00:00,103565.0,103875.0,102760.0,103055.0,5168.0
2025-11-04 16:30:00,103055.0,103360.0,102465.0,102575.0,5053.0
2025-11-04 17:00:00,102570.0,102570.0,101115.0,101680.0,8640.0
2025-11-04 17:30:00,101660.0,102280.0,101315.0,101360.0,4684.0
2025-11-04 18:00:00,101345.0,101430.0,100550.0,101005.0,5559.0
2025-11-04 18:30:00,100970.0,101855.0,100245.0,101715.0,6624.0
2025-11-04 19:00:00,101705.0,102080.0,101220.0,101630.0,2920.0
2025-11-04 19:30:00,101605.0,101785.0,100660.0,100805.0,3122.0
2025-11-04 20:00:00,100810.0,101040.0,99850.0,100860.0,8975.0
2025-11-04 20:30:00,100855.0,101460.0,100310.0,101060.0,5803.0
2025-11-04 21:00:00,101065.0,101140.0,100025.0,100205.0,3452.0
2025-11-04 21:30:00,100215.0,100600.0,99205.0,100570.0,6200.0
2025-11-05 14:30:00,102990.0,103835.0,102480.0,103535.0,7209.0
2025-11-05 15:00:00,103535.0,103885.0,103140.0,103755.0,4295.0
2025-11-05 15:30:00,103740.0,104185.0,103630.0,104075.0,2606.0
2025-11-05 16:00:00,104100.0,104225.0,103435.0,103870.0,1933.0
2025-11-05 16:30:00,103880.0,104455.0,103860.0,104290.0,2358.0
2025-11-05 17:00:00,104320.0,104385.0,103715.0,104260.0,2370.0
2025-11-05 17:30:00,104245.0,104410.0,103845.0,104270.0,1465.0
2025-11-05 18:00:00,104160.0,104535.0,104125.0,104510.0,1273.0
2025-11-05 18:30:00,104500.0,104850.0,104410.0,104745.0,1023.0
2025-11-05 19:00:00,104705.0,105020.0,104440.0,104570.0,3436.0
2025-11-05 19:30:00,104555.0,104855.0,104325.0,104355.0,1308.0
2025-11-05 20:00:00,104330.0,104925.0,104255.0,104380.0,1575.0
2025-11-05 20:30:00,104365.0,104395.0,103965.0,104200.0,2765.0
2025-11-05 21:00:00,104225.0,104230.0,103875.0,103950.0,2027.0
2025-11-05 21:30:00,103960.0,104175.0,103900.0,104080.0,923.0
2025-11-06 14:30:00,103295.0,103300.0,102345.0,102435.0,5734.0
2025-11-06 15:00:00,102430.0,103285.0,102200.0,102790.0,5108.0
2025-11-06 15:30:00,102800.0,102800.0,101910.0,102310.0,5564.0
2025-11-06 16:00:00,102345.0,102755.0,101800.0,102130.0,3925.0
2025-11-06 16:30:00,102075.0,102075.0,100605.0,101135.0,7194.0
2025-11-06 17:00:00,101155.0,101830.0,101010.0,101770.0,2613.0
2025-11-06 17:30:00,101730.0,102290.0,101495.0,102090.0,3274.0
2025-11-06 18:00:00,102055.0,102090.0,101220.0,101680.0,2030.0
2025-11-06 18:30:00,101650.0,102705.0,101650.0,102055.0,4508.0
2025-11-06 19:00:00,102025.0,102370.0,101920.0,102180.0,1455.0
2025-11-06 19:30:00,102120.0,102255.0,101510.0,101725.0,1544.0
2025-11-06 20:00:00,101775.0,102000.0,101355.0,101395.0,1484.0
2025-11-06 20:30:00,101405.0,101475.0,100945.0,101235.0,3436.0
2025-11-06 21:00:00,101210.0,101335.0,100870.0,101180.0,1797.0
2025-11-06 21:30:00,101165.0,101510.0,101070.0,101375.0,1315.0
2025-11-07 14:30:00,100520.0,101165.0,99705.0,101070.0,8558.0
2025-11-07 15:00:00,101070.0,101550.0,100585.0,101250.0,4277.0
2025-11-07 15:30:00,101255.0,101360.0,100615.0,100985.0,2923.0
2025-11-07 16:00:00,101000.0,101865.0,100690.0,101765.0,3042.0
2025-11-07 16:30:00,101820.0,101890.0,101150.0,101375.0,1947.0
2025-11-07 17:00:00,101355.0,102735.0,101115.0,102580.0,3136.0
2025-11-07 17:30:00,102590.0,102990.0,102085.0,102685.0,2453.0
2025-11-07 18:00:00,102680.0,103140.0,102615.0,102980.0,2133.0
2025-11-07 18:30:00,102980.0,103150.0,102530.0,102895.0,1624.0
2025-11-07 19:00:00,102880.0,103300.0,102755.0,103170.0,1354.0
2025-11-07 19:30:00,103200.0,103755.0,103160.0,103700.0,3183.0
2025-11-07 20:00:00,103690.0,103760.0,103220.0,103495.0,1448.0
2025-11-07 20:30:00,103495.0,104220.0,103495.0,104080.0,2135.0
2025-11-07 21:00:00,104075.0,104105.0,103575.0,103690.0,1537.0
2025-11-07 21:30:00,103715.0,104125.0,103635.0,104105.0,771.0
2025-11-10 14:30:00,106545.0,106615.0,104960.0,105160.0,5555.0
2025-11-10 15:00:00,105155.0,105780.0,105065.0,105760.0,5131.0
2025-11-10 15:30:00,105795.0,105940.0,104930.0,105290.0,3553.0
2025-11-10 16:00:00,105330.0,105625.0,105060.0,105460.0,1526.0
2025-11-10 16:30:00,105490.0,105650.0,105030.0,105515.0,1640.0
2025-11-10 17:00:00,105495.0,105805.0,105435.0,105635.0,1033.0
2025-11-10 17:30:00,105670.0,106290.0,105670.0,106260.0,1447.0
2025-11-10 18:00:00,106265.0,106400.0,105980.0,106180.0,906.0
2025-11-10 18:30:00,106190.0,106285.0,105720.0,105720.0,1024.0
2025-11-10 19:00:00,105730.0,106105.0,105655.0,106010.0,1407.0
2025-11-10 19:30:00,106010.0,106385.0,105740.0,106140.0,1420.0
2025-11-10 20:00:00,106115.0,106615.0,106110.0,106370.0,975.0
2025-11-10 20:30:00,106355.0,106635.0,106115.0,106325.0,1334.0
2025-11-10 21:00:00,106320.0,106360.0,105785.0,105830.0,1275.0
2025-11-10 21:30:00,105830.0,105995.0,105550.0,105920.0,2143.0
2025-11-11 14:30:00,104830.0,104990.0,104115.0,104880.0,4628.0
2025-11-11 15:00:00,104870.0,104870.0,103960.0,103985.0,3564.0
2025-11-11 15:30:00,104000.0,104005.0,103455.0,103720.0,4866.0
2025-11-11 16:00:00,103735.0,104025.0,103445.0,103685.0,2074.0
2025-11-11 16:30:00,103680.0,103930.0,103530.0,103635.0,1712.0
2025-11-11 17:00:00,103680.0,103905.0,103505.0,103650.0,1220.0
2025-11-11 17:30:00,103680.0,103705.0,103060.0,103610.0,2354.0
2025-11-11 18:00:00,103610.0,103840.0,103325.0,103555.0,1556.0
2025-11-11 18:30:00,103565.0,103810.0,103385.0,103690.0,1179.0
2025-11-11 19:00:00,103660.0,103760.0,103185.0,103730.0,1668.0
2025-11-11 19:30:00,103765.0,103780.0,103355.0,103395.0,913.0
2025-11-11 20:00:00,103380.0,103485.0,103005.0,103210.0,1484.0
2025-11-11 20:30:00,103150.0,103180.0,102855.0,103025.0,1987.0
2025-11-11 21:00:00,103045.0,103290.0,102860.0,102960.0,1510.0
2025-11-11 21:30:00,102970.0,103045.0,102640.0,102895.0,1126.0
2025-11-12 14:30:00,105095.0,105225.0,103925.0,104285.0,7068.0
2025-11-12 15:00:00,104275.0,104615.0,103470.0,103690.0,3335.0
2025-11-12 15:30:00,103730.0,103950.0,102185.0,102345.0,7705.0
2025-11-12 16:00:00,102340.0,102500.0,101570.0,102010.0,5685.0
2025-11-12 16:30:00,101995.0,102310.0,101580.0,101645.0,3383.0
2025-11-12 17:00:00,101650.0,102065.0,101540.0,101760.0,2198.0
2025-11-12 17:30:00,101765.0,102360.0,101735.0,101960.0,2121.0
2025-11-12 18:00:00,101985.0,102145.0,101735.0,101790.0,1253.0
2025-11-12 18:30:00,101780.0,102080.0,101590.0,101730.0,1041.0
2025-11-12 19:00:00,101725.0,101755.0,101020.0,101255.0,2052.0
2025-11-12 19:30:00,101250.0,101720.0,101020.0,101480.0,1824.0
2025-11-12 20:00:00,101470.0,102005.0,101305.0,101945.0,1249.0
2025-11-12 20:30:00,101925.0,102065.0,101670.0,101735.0,1697.0
2025-11-12 21:00:00,101760.0,102090.0,101715.0,101935.0,1536.0
2025-11-12 21:30:00,101940.0,102125.0,101920.0,102060.0,626.0
2025-11-13 14:30:00,102650.0,103695.0,101910.0,103055.0,10541.0
2025-11-13 15:00:00,103050.0,103235.0,102220.0,102375.0,4551.0
2025-11-13 15:30:00,102380.0,102380.0,101325.0,101545.0,3375.0
2025-11-13 16:00:00,101535.0,101725.0,100840.0,101195.0,4259.0
2025-11-13 16:30:00,101150.0,101610.0,100685.0,100775.0,4964.0
2025-11-13 17:00:00,100755.0,100965.0,100255.0,100400.0,3620.0
2025-11-13 17:30:00,100365.0,100650.0,99690.0,99750.0,5194.0
2025-11-13 18:00:00,99720.0,100020.0,98785.0,99145.0,6539.0
2025-11-13 18:30:00,99135.0,99190.0,98155.0,98635.0,8632.0
2025-11-13 19:00:00,98645.0,99365.0,98345.0,99215.0,5152.0
2025-11-13 19:30:00,99225.0,99275.0,98375.0,98705.0,4712.0
2025-11-13 20:00:00,98690.0,98690.0,97965.0,98510.0,4030.0
2025-11-13 20:30:00,98570.0,99035.0,98055.0,98155.0,4380.0
2025-11-13 21:00:00,98170.0,98595.0,97935.0,98475.0,3241.0
2025-11-13 21:30:00,98480.0,98885.0,98445.0,98750.0,667.0
2025-11-14 14:30:00,95470.0,96915.0,95010.0,96655.0,11250.0
2025-11-14 15:00:00,96650.0,96965.0,95945.0,96650.0,3491.0
2025-11-14 15:30:00,96655.0,97440.0,96600.0,96900.0,3329.0
2025-11-14 16:00:00,96935.0,97310.0,96355.0,97105.0,2915.0
2025-11-14 16:30:00,97130.0,97570.0,97020.0,97145.0,2402.0
2025-11-14 17:00:00,97150.0,97285.0,96630.0,96890.0,1640.0
2025-11-14 17:30:00,96835.0,96835.0,95715.0,95950.0,3029.0
2025-11-14 18:00:00,95970.0,96470.0,95730.0,96145.0,2128.0
2025-11-14 18:30:00,96165.0,96320.0,95070.0,95170.0,2614.0
2025-11-14 19:00:00,95150.0,96015.0,94880.0,95795.0,2824.0
2025-11-14 19:30:00,95795.0,95920.0,95330.0,95875.0,1327.0
2025-11-14 20:00:00,95900.0,96015.0,94900.0,94960.0,1921.0
2025-11-14 20:30:00,94935.0,95150.0,94225.0,94415.0,4304.0
2025-11-14 21:00:00,94425.0,95130.0,94230.0,94750.0,2164.0
2025-11-14 21:30:00,94750.0,95165.0,94720.0,95040.0,1010.0
2025-11-17 14:30:00,94220.0,96120.0,94040.0,94825.0,8494.0
2025-11-17 15:00:00,94835.0,95095.0,93845.0,94595.0,3631.0
2025-11-17 15:30:00,94715.0,94775.0,93945.0,94000.0,2501.0
2025-11-17 16:00:00,94045.0,94090.0,93050.0,93560.0,7166.0
2025-11-17 16:30:00,93545.0,94515.0,93415.0,94395.0,3363.0
2025-11-17 17:00:00,94415.0,94510.0,93580.0,93615.0,2579.0
2025-11-17 17:30:00,93625.0,93710.0,92705.0,92795.0,3718.0
2025-11-17 18:00:00,92780.0,93285.0,92460.0,92465.0,4754.0
2025-11-17 18:30:00,92445.0,93125.0,92425.0,92575.0,2843.0
2025-11-17 19:00:00,92550.0,92730.0,92095.0,92300.0,2840.0
2025-11-17 19:30:00,92285.0,92460.0,91585.0,91680.0,4734.0
2025-11-17 20:00:00,91655.0,92120.0,91300.0,91785.0,6867.0
2025-11-17 20:30:00,91820.0,92255.0,91495.0,91965.0,4582.0
2025-11-17 21:00:00,91965.0,92225.0,91575.0,91755.0,2240.0
2025-11-17 21:30:00,91710.0,92085.0,91515.0,91935.0,1555.0
2025-11-18 14:30:00,91860.0,92550.0,91390.0,91390.0,8873.0
2025-11-18 15:00:00,91390.0,93105.0,91065.0,92870.0,8578.0
2025-11-18 15:30:00,92870.0,93120.0,92485.0,92970.0,5374.0
2025-11-18 16:00:00,92945.0,93910.0,92640.0,93835.0,5416.0
2025-11-18 16:30:00,93840.0,93970.0,93300.0,93645.0,3145.0
2025-11-18 17:00:00,93620.0,93795.0,92955.0,93045.0,2476.0
2025-11-18 17:30:00,93030.0,93645.0,92905.0,93350.0,2274.0
2025-11-18 18:00:00,93375.0,93890.0,93315.0,93340.0,1608.0
2025-11-18 18:30:00,93350.0,93755.0,93255.0,93440.0,2104.0
2025-11-18 19:00:00,93445.0,93635.0,93300.0,93530.0,1349.0
2025-11-18 19:30:00,93520.0,93720.0,93030.0,93270.0,1690.0
2025-11-18 20:00:00,93255.0,93420.0,93005.0,93205.0,1535.0
2025-11-18 20:30:00,93235.0,93245.0,92725.0,92885.0,2702.0
2025-11-18 21:00:00,92905.0,93150.0,92740.0,93070.0,1369.0
2025-11-18 21:30:00,93000.0,93030.0,92525.0,92585.0,2026.0
2025-11-19 14:30:00,91185.0,91940.0,91130.0,91760.0,4144.0
2025-11-19 15:00:00,91785.0,92480.0,91155.0,91270.0,5073.0
2025-11-19 15:30:00,91285.0,91290.0,89840.0,89965.0,7014.0
2025-11-19 16:00:00,89930.0,90280.0,89590.0,89715.0,5717.0
2025-11-19 16:30:00,89680.0,89960.0,89440.0,89915.0,3034.0
2025-11-19 17:00:00,89915.0,90150.0,89265.0,89550.0,3586.0
2025-11-19 17:30:00,89525.0,89630.0,88870.0,89530.0,5874.0
2025-11-19 18:00:00,89525.0,89755.0,88835.0,89080.0,3038.0
2025-11-19 18:30:00,89015.0,89340.0,88765.0,89230.0,2699.0
2025-11-19 19:00:00,89275.0,89445.0,88870.0,88965.0,1782.0
2025-11-19 19:30:00,88940.0,89130.0,88605.0,88890.0,2593.0
2025-11-19 20:00:00,88890.0,89440.0,88585.0,89415.0,2485.0
2025-11-19 20:30:00,89430.0,89700.0,89100.0,89550.0,4149.0
2025-11-19 21:00:00,89550.0,90870.0,89450.0,90140.0,4796.0
2025-11-19 21:30:00,90165.0,90810.0,90055.0,90575.0,3503.0
2025-11-20 14:30:00,91495.0,91720.0,90640.0,91080.0,5491.0
2025-11-20 15:00:00,91110.0,91195.0,90220.0,90625.0,3933.0
2025-11-20 15:30:00,90610.0,90695.0,89785.0,89830.0,4339.0
2025-11-20 16:00:00,89815.0,89865.0,88215.0,88715.0,11331.0
2025-11-20 16:30:00,88670.0,88875.0,87460.0,87855.0,5751.0
2025-11-20 17:00:00,87830.0,88175.0,86685.0,87095.0,7490.0
2025-11-20 17:30:00,87050.0,87375.0,86335.0,87210.0,4956.0
2025-11-20 18:00:00,87200.0,87765.0,86815.0,86910.0,5154.0
2025-11-20 18:30:00,86895.0,87045.0,86290.0,86465.0,2135.0
2025-11-20 19:00:00,86475.0,87175.0,86040.0,86935.0,3329.0
2025-11-20 19:30:00,86905.0,87005.0,86415.0,86930.0,3186.0
2025-11-20 20:00:00,86920.0,87075.0,86315.0,87070.0,2240.0
2025-11-20 20:30:00,87060.0,87160.0,86360.0,86480.0,3197.0
2025-11-20 21:00:00,86490.0,87485.0,86425.0,87175.0,2919.0
2025-11-20 21:30:00,87115.0,87665.0,87060.0,87215.0,1056.0
2025-11-21 14:30:00,83740.0,85605.0,83665.0,84960.0,11767.0
2025-11-21 15:00:00,84965.0,85230.0,83655.0,83685.0,5003.0
2025-11-21 15:30:00,83665.0,83960.0,82790.0,82980.0,5857.0
2025-11-21 16:00:00,82950.0,83340.0,82375.0,83315.0,8975.0
2025-11-21 16:30:00,83305.0,84970.0,82980.0,84960.0,6382.0
2025-11-21 17:00:00,84995.0,85670.0,84650.0,85270.0,6384.0
2025-11-21 17:30:00,85285.0,85585.0,84865.0,84920.0,3061.0
2025-11-21 18:00:00,84980.0,85050.0,83345.0,84160.0,5860.0
2025-11-21 18:30:00,84090.0,85155.0,84040.0,84625.0,7086.0
2025-11-21 19:00:00,84625.0,85105.0,84505.0,84990.0,1718.0
2025-11-21 19:30:00,85000.0,85120.0,84115.0,84280.0,2378.0
2025-11-21 20:00:00,84250.0,84435.0,83555.0,83580.0,4900.0
2025-11-21 20:30:00,83565.0,84750.0,83500.0,84615.0,4657.0
2025-11-21 21:00:00,84630.0,85080.0,84455.0,85020.0,2508.0
2025-11-21 21:30:00,85040.0,85500.0,85020.0,85225.0,1118.0
2025-11-24 14:30:00,85935.0,86625.0,85215.0,86200.0,9059.0
2025-11-24 15:00:00,86165.0,86750.0,85905.0,86070.0,5945.0
2025-11-24 15:30:00,86050.0,86725.0,85960.0,86620.0,1842.0
2025-11-24 16:00:00,86650.0,87360.0,86650.0,87255.0,4102.0
2025-11-24 16:30:00,87250.0,87700.0,87055.0,87180.0,2431.0
2025-11-24 17:00:00,87190.0,87740.0,86930.0,87720.0,5240.0
2025-11-24 17:30:00,87705.0,88485.0,87620.0,88385.0,6817.0
2025-11-24 18:00:00,88405.0,88635.0,88255.0,88375.0,3804.0
2025-11-24 18:30:00,88375.0,88730.0,88230.0,88715.0,3207.0
2025-11-24 19:00:00,88705.0,88880.0,88520.0,88675.0,3334.0
2025-11-24 19:30:00,88690.0,88860.0,88165.0,88345.0,2468.0
2025-11-24 20:00:00,88355.0,88920.0,88330.0,88870.0,2253.0
2025-11-24 20:30:00,88895.0,89265.0,88770.0,89085.0,3378.0
2025-11-24 21:00:00,89110.0,89175.0,88905.0,88970.0,1950.0
2025-11-24 21:30:00,88965.0,89145.0,88765.0,88790.0,3752.0
2025-11-25 14:30:00,87150.0,87240.0,86115.0,86730.0,6206.0
2025-11-25 15:00:00,86710.0,86900.0,86140.0,86740.0,3605.0
2025-11-25 15:30:00,86775.0,87350.0,86775.0,87010.0,2979.0
2025-11-25 16:00:00,86980.0,87300.0,86685.0,87225.0,2609.0
2025-11-25 16:30:00,87240.0,87300.0,86950.0,87160.0,1785.0
2025-11-25 17:00:00,87125.0,87645.0,87075.0,87490.0,3194.0
2025-11-25 17:30:00,87500.0,88175.0,87475.0,87605.0,2956.0
2025-11-25 18:00:00,87625.0,87845.0,87525.0,87625.0,2050.0
2025-11-25 18:30:00,87670.0,87720.0,87220.0,87230.0,2030.0
2025-11-25 19:00:00,87215.0,87335.0,86195.0,86275.0,6178.0
2025-11-25 19:30:00,86265.0,86890.0,86150.0,86855.0,1762.0
2025-11-25 20:00:00,86860.0,87170.0,86675.0,87045.0,2928.0
2025-11-25 20:30:00,87055.0,87475.0,87055.0,87370.0,2355.0
2025-11-25 21:00:00,87375.0,87445.0,87080.0,87295.0,1842.0
2025-11-25 21:30:00,87295.0,87360.0,86985.0,87030.0,769.0
2025-11-26 14:30:00,87640.0,88080.0,87145.0,87180.0,1149.0
2025-11-26 15:00:00,87200.0,87670.0,87190.0,87640.0,645.0
2025-11-26 15:30:00,87630.0,87705.0,87045.0,87340.0,625.0
2025-11-26 16:00:00,87365.0,88285.0,87350.0,88015.0,546.0
2025-11-26 16:30:00,88010.0,88355.0,87920.0,88255.0,765.0
2025-11-26 17:00:00,88275.0,89190.0,88160.0,89110.0,894.0
2025-11-26 17:30:00,89120.0,90470.0,88980.0,90300.0,2878.0
2025-11-26 18:00:00,90320.0,90890.0,90080.0,90770.0,1595.0
2025-11-26 18:30:00,90840.0,90860.0,90145.0,90630.0,444.0
2025-11-26 19:00:00,90605.0,90675.0,90215.0,90280.0,421.0
2025-11-26 19:30:00,90290.0,90545.0,90215.0,90420.0,542.0
2025-11-26 20:00:00,90340.0,90625.0,89965.0,90500.0,585.0
2025-11-26 20:30:00,90485.0,90570.0,90110.0,90345.0,1825.0
2025-11-26 21:00:00,90365.0,90775.0,90260.0,90765.0,1068.0
2025-11-26 21:30:00,90755.0,90950.0,90680.0,90705.0,443.0
2025-11-28 14:30:00,93470.0,93645.0,92260.0,92675.0,3410.0
2025-11-28 15:00:00,92760.0,93245.0,92440.0,93125.0,1384.0
2025-11-28 15:30:00,93135.0,93310.0,92735.0,92805.0,2012.0
2025-11-28 16:00:00,92815.0,92860.0,91530.0,91635.0,2838.0
2025-11-28 16:30:00,91635.0,92090.0,91280.0,91380.0,1571.0
2025-11-28 17:00:00,91365.0,91675.0,90930.0,90975.0,1896.0
2025-11-28 17:30:00,90940.0,91335.0,90290.0,91105.0,2673.0
2025-12-01 14:30:00,86595.0,87060.0,86175.0,86385.0,9477.0
2025-12-01 15:00:00,86435.0,86490.0,85215.0,85250.0,5742.0
2025-12-01 15:30:00,85235.0,85265.0,84125.0,85020.0,10889.0
2025-12-01 16:00:00,85025.0,85185.0,84360.0,84860.0,11220.0
2025-12-01 16:30:00,84840.0,85760.0,84760.0,84860.0,5022.0
2025-12-01 17:00:00,84865.0,85375.0,84715.0,85305.0,2772.0
2025-12-01 17:30:00,85320.0,85560.0,84975.0,85215.0,2225.0
2025-12-01 18:00:00,85250.0,85875.0,85245.0,85650.0,2340.0
2025-12-01 18:30:00,85635.0,85675.0,85015.0,85515.0,2549.0
2025-12-01 19:00:00,85500.0,85620.0,85025.0,85055.0,1586.0
2025-12-01 19:30:00,85045.0,85410.0,84910.0,85310.0,1814.0
2025-12-01 20:00:00,85325.0,86165.0,85325.0,85575.0,5180.0
2025-12-01 20:30:00,85590.0,85875.0,85485.0,85870.0,4068.0
2025-12-01 21:00:00,85875.0,86725.0,85835.0,86555.0,2926.0
2025-12-01 21:30:00,86545.0,86865.0,86545.0,86830.0,2148.0
2025-12-02 14:30:00,89045.0,89665.0,88735.0,89650.0,8172.0
2025-12-02 15:00:00,89655.0,91250.0,89650.0,90565.0,16398.0
2025-12-02 15:30:00,90570.0,91565.0,90325.0,91250.0,6168.0
2025-12-02 16:00:00,91265.0,91660.0,90585.0,90640.0,5917.0
2025-12-02 16:30:00,90645.0,91515.0,90640.0,91160.0,3948.0
2025-12-02 17:00:00,91140.0,92415.0,91115.0,92155.0,6046.0
2025-12-02 17:30:00,92180.0,92370.0,91820.0,91865.0,3841.0
2025-12-02 18:00:00,91850.0,92620.0,91820.0,92315.0,6333.0
2025-12-02 18:30:00,92300.0,92630.0,92165.0,92360.0,2209.0
2025-12-02 19:00:00,92370.0,92655.0,92290.0,92445.0,2133.0
2025-12-02 19:30:00,92415.0,92720.0,92245.0,92310.0,2452.0
2025-12-02 20:00:00,92300.0,92345.0,91385.0,91415.0,4657.0
2025-12-02 20:30:00,91390.0,91595.0,91050.0,91425.0,6221.0
2025-12-02 21:00:00,91415.0,91865.0,91350.0,91800.0,1736.0
2025-12-02 21:30:00,91800.0,92045.0,91685.0,91950.0,702.0
2025-12-03 14:30:00,92920.0,94045.0,92460.0,92735.0,10718.0
2025-12-03 15:00:00,92755.0,93365.0,92255.0,92670.0,6822.0
2025-12-03 15:30:00,92645.0,93145.0,92570.0,92750.0,2840.0
2025-12-03 16:00:00,92765.0,92815.0,92095.0,92620.0,3251.0
2025-12-03 16:30:00,92615.0,93120.0,92545.0,92570.0,2058.0
2025-12-03 17:00:00,92560.0,93040.0,92515.0,92880.0,5938.0
2025-12-03 17:30:00,92890.0,93420.0,92840.0,93310.0,2936.0
2025-12-03 18:00:00,93320.0,93920.0,93265.0,93470.0,11087.0
2025-12-03 18:30:00,93475.0,93595.0,92700.0,92955.0,2473.0
2025-12-03 19:00:00,92920.0,93190.0,92870.0,93080.0,2202.0
2025-12-03 19:30:00,93025.0,93460.0,92950.0,93375.0,933.0
2025-12-03 20:00:00,93375.0,93500.0,93155.0,93365.0,1412.0
2025-12-03 20:30:00,93345.0,93725.0,93180.0,93275.0,2946.0
2025-12-03 21:00:00,93290.0,93660.0,93155.0,93545.0,1665.0
2025-12-03 21:30:00,93600.0,94160.0,93600.0,94100.0,2558.0
2025-12-04 14:30:00,93120.0,93130.0,92035.0,92165.0,6324.0
2025-12-04 15:00:00,92160.0,93260.0,92140.0,92930.0,4483.0
2025-12-04 15:30:00,92865.0,93595.0,92740.0,93305.0,3453.0
2025-12-04 16:00:00,93285.0,93520.0,92750.0,93250.0,2287.0
2025-12-04 16:30:00,93175.0,93240.0,92585.0,92790.0,3407.0
2025-12-04 17:00:00,92755.0,92895.0,92350.0,92435.0,1650.0
2025-12-04 17:30:00,92415.0,92805.0,92060.0,92770.0,3633.0
2025-12-04 18:00:00,92770.0,92890.0,92480.0,92780.0,1045.0
2025-12-04 18:30:00,92765.0,92920.0,92255.0,92475.0,1666.0
2025-12-04 19:00:00,92490.0,92515.0,91165.0,91630.0,5972.0
2025-12-04 19:30:00,91630.0,92455.0,91580.0,92325.0,2972.0
2025-12-04 20:00:00,92300.0,92615.0,92035.0,92345.0,2562.0
2025-12-04 20:30:00,92335.0,92910.0,92285.0,92835.0,1904.0
2025-12-04 21:00:00,92840.0,93035.0,92590.0,92595.0,1506.0
2025-12-04 21:30:00,92600.0,92650.0,92395.0,92500.0,648.0
2025-12-05 14:30:00,90760.0,91060.0,90195.0,90620.0,5719.0
2025-12-05 15:00:00,90640.0,91775.0,90640.0,91580.0,8913.0
2025-12-05 15:30:00,91590.0,91755.0,90575.0,90785.0,5083.0
2025-12-05 16:00:00,90765.0,90800.0,89225.0,89345.0,9829.0
2025-12-05 16:30:00,89315.0,89415.0,88410.0,89125.0,9181.0
2025-12-05 17:00:00,89105.0,89385.0,88920.0,89055.0,2383.0
2025-12-05 17:30:00,89085.0,89860.0,88980.0,89655.0,2856.0
2025-12-05 18:00:00,89655.0,90175.0,89525.0,89765.0,3579.0
2025-12-05 18:30:00,89740.0,89850.0,89225.0,89250.0,1937.0
2025-12-05 19:00:00,89285.0,89915.0,89160.0,89780.0,2799.0
2025-12-05 19:30:00,89825.0,90180.0,89625.0,90005.0,1625.0
2025-12-05 20:00:00,90010.0,90120.0,89690.0,89910.0,1464.0
2025-12-05 20:30:00,89870.0,89870.0,89490.0,89635.0,2293.0
2025-12-05 21:00:00,89630.0,89800.0,89565.0,89730.0,1171.0
2025-12-05 21:30:00,89740.0,89780.0,89350.0,89410.0,953.0
2025-12-08 14:30:00,91615.0,92035.0,91015.0,91080.0,7087.0
2025-12-08 15:00:00,91090.0,91255.0,89940.0,90180.0,5727.0
2025-12-08 15:30:00,90165.0,90495.0,89810.0,90175.0,4581.0
2025-12-08 16:00:00,90160.0,90650.0,89865.0,90525.0,2685.0
2025-12-08 16:30:00,90515.0,90725.0,89945.0,90180.0,2277.0
2025-12-08 17:00:00,90195.0,90460.0,89980.0,90160.0,1718.0
2025-12-08 17:30:00,90155.0,90595.0,89890.0,90500.0,2566.0
2025-12-08 18:00:00,90465.0,90775.0,90320.0,90355.0,1456.0
2025-12-08 18:30:00,90340.0,90780.0,89895.0,90110.0,1796.0
2025-12-08 19:00:00,90105.0,90435.0,90045.0,90340.0,1244.0
2025-12-08 19:30:00,90320.0,90600.0,90250.0,90325.0,1169.0
2025-12-08 20:00:00,90340.0,90895.0,90335.0,90670.0,1655.0
2025-12-08 20:30:00,90680.0,91140.0,90515.0,91000.0,2531.0
2025-12-08 21:00:00,91000.0,91300.0,90865.0,91290.0,1937.0
2025-12-08 21:30:00,91280.0,91610.0,91265.0,91525.0,1347.0
2025-12-09 14:30:00,90530.0,90850.0,90230.0,90640.0,4791.0
2025-12-09 15:00:00,90630.0,91580.0,90535.0,91440.0,5333.0
2025-12-09 15:30:00,91410.0,93205.0,91255.0,93020.0,9872.0
2025-12-09 16:00:00,93005.0,94030.0,93005.0,93700.0,7966.0
2025-12-09 16:30:00,93715.0,94850.0,93715.0,94540.0,8555.0
2025-12-09 17:00:00,94530.0,94965.0,93940.0,94100.0,7348.0
2025-12-09 17:30:00,94115.0,94340.0,93870.0,94235.0,2774.0
2025-12-09 18:00:00,94240.0,94525.0,93940.0,94415.0,2160.0
2025-12-09 18:30:00,94425.0,94455.0,93980.0,94205.0,1763.0
2025-12-09 19:00:00,94210.0,94400.0,93995.0,94295.0,1199.0
2025-12-09 19:30:00,94315.0,94505.0,93925.0,94085.0,1466.0
2025-12-09 20:00:00,94075.0,94130.0,93020.0,93335.0,4019.0
2025-12-09 20:30:00,93320.0,93545.0,93095.0,93375.0,3090.0
2025-12-09 21:00:00,93375.0,93510.0,93230.0,93390.0,1108.0
2025-12-09 21:30:00,93385.0,93420.0,92510.0,92910.0,2623.0
2025-12-10 14:30:00,92205.0,92370.0,91795.0,92070.0,4683.0
2025-12-10 15:00:00,92030.0,92415.0,91920.0,92185.0,2012.0
2025-12-10 15:30:00,92205.0,92335.0,91755.0,92335.0,1755.0
2025-12-10 16:00:00,92330.0,92855.0,92115.0,92745.0,2639.0
2025-12-10 16:30:00,92740.0,92740.0,92315.0,92385.0,1640.0
2025-12-10 17:00:00,92390.0,92775.0,92330.0,92605.0,1198.0
2025-12-10 17:30:00,92585.0,92765.0,92455.0,92655.0,815.0
2025-12-10 18:00:00,92630.0,92765.0,92225.0,92510.0,1082.0
2025-12-10 18:30:00,92465.0,93330.0,92325.0,92740.0,3767.0
2025-12-10 19:00:00,92760.0,93570.0,91985.0,92770.0,11350.0
2025-12-10 19:30:00,92785.0,93560.0,92715.0,93300.0,7816.0
2025-12-10 20:00:00,93320.0,94825.0,92965.0,93920.0,8453.0
2025-12-10 20:30:00,93870.0,94170.0,92575.0,92730.0,6928.0
2025-12-10 21:00:00,92750.0,92910.0,92110.0,92645.0,4274.0
2025-12-10 21:30:00,92625.0,93050.0,92420.0,92665.0,1156.0
2025-12-11 14:30:00,90350.0,90745.0,89430.0,89720.0,9675.0
2025-12-11 15:00:00,89705.0,90900.0,89585.0,90480.0,5939.0
2025-12-11 15:30:00,90465.0,90515.0,89805.0,90080.0,4075.0
2025-12-11 16:00:00,90050.0,90205.0,89480.0,89725.0,3819.0
2025-12-11 16:30:00,89710.0,90430.0,89615.0,89930.0,2158.0
2025-12-11 17:00:00,89925.0,90515.0,89835.0,90330.0,2464.0
2025-12-11 17:30:00,90315.0,90500.0,90110.0,90195.0,1143.0
2025-12-11 18:00:00,90180.0,90760.0,90085.0,90595.0,2297.0
2025-12-11 18:30:00,90590.0,91475.0,90530.0,90980.0,5119.0
2025-12-11 19:00:00,90965.0,91475.0,90830.0,91390.0,2424.0
2025-12-11 19:30:00,91410.0,91840.0,91020.0,91100.0,2983.0
2025-12-11 20:00:00,91100.0,91740.0,91055.0,91285.0,2506.0
2025-12-11 20:30:00,91275.0,92085.0,91250.0,92025.0,3592.0
2025-12-11 21:00:00,92045.0,93505.0,91955.0,93500.0,6319.0
2025-12-11 21:30:00,93520.0,93835.0,93130.0,93145.0,4136.0
2025-12-12 14:30:00,92385.0,92980.0,92120.0,92690.0,5144.0
2025-12-12 15:00:00,92680.0,92715.0,90985.0,91000.0,8505.0
2025-12-12 15:30:00,91020.0,91125.0,89930.0,90090.0,11762.0
2025-12-12 16:00:00,90055.0,90615.0,89795.0,90580.0,6529.0
2025-12-12 16:30:00,90555.0,90555.0,89620.0,90200.0,3383.0
2025-12-12 17:00:00,90220.0,90835.0,89990.0,90000.0,3327.0
2025-12-12 17:30:00,90010.0,90540.0,90010.0,90270.0,2179.0
2025-12-12 18:00:00,90295.0,90765.0,90230.0,90750.0,2179.0
2025-12-12 18:30:00,90760.0,90890.0,90465.0,90575.0,1815.0
2025-12-12 19:00:00,90595.0,90625.0,90185.0,90395.0,1852.0
2025-12-12 19:30:00,90440.0,90510.0,90280.0,90390.0,860.0
2025-12-12 20:00:00,90355.0,90495.0,90190.0,90200.0,1312.0
2025-12-12 20:30:00,90210.0,90590.0,90050.0,90415.0,3450.0
2025-12-12 21:00:00,90420.0,90570.0,90280.0,90350.0,1759.0
2025-12-12 21:30:00,90375.0,90490.0,90315.0,90315.0,1009.0
2025-12-15 14:30:00,89605.0,90095.0,87980.0,88175.0,9739.0
2025-12-15 15:00:00,88190.0,88360.0,86780.0,86990.0,12188.0
2025-12-15 15:30:00,86980.0,87520.0,86720.0,87215.0,5211.0
2025-12-15 16:00:00,87175.0,87380.0,86910.0,87010.0,2565.0
2025-12-15 16:30:00,87085.0,87085.0,86180.0,86560.0,5273.0
2025-12-15 17:00:00,86530.0,86640.0,86215.0,86320.0,2772.0
2025-12-15 17:30:00,86320.0,86400.0,85690.0,85920.0,5221.0
2025-12-15 18:00:00,85900.0,86140.0,85650.0,85730.0,1912.0
2025-12-15 18:30:00,85700.0,86390.0,85270.0,86300.0,3869.0
2025-12-15 19:00:00,86330.0,86680.0,85975.0,86250.0,3327.0
2025-12-15 19:30:00,86235.0,86470.0,86080.0,86270.0,1186.0
2025-12-15 20:00:00,86205.0,86315.0,85715.0,85875.0,2411.0
2025-12-15 20:30:00,85895.0,86235.0,85845.0,85905.0,3264.0
2025-12-15 21:00:00,85905.0,86235.0,85595.0,86165.0,3342.0
2025-12-15 21:30:00,86165.0,86380.0,86070.0,86290.0,1681.0
2025-12-16 14:30:00,87065.0,87925.0,86935.0,87385.0,6855.0
2025-12-16 15:00:00,87465.0,87630.0,86970.0,87335.0,2540.0
2025-12-16 15:30:00,87300.0,88360.0,87180.0,88160.0,5397.0
2025-12-16 16:00:00,88140.0,88235.0,87685.0,87985.0,3034.0
2025-12-16 16:30:00,87995.0,88075.0,87540.0,87715.0,1667.0
2025-12-16 17:00:00,87735.0,88015.0,87410.0,87515.0,1272.0
2025-12-16 17:30:00,87525.0,87685.0,87205.0,87255.0,2350.0
2025-12-16 18:00:00,87285.0,87735.0,87170.0,87540.0,2923.0
2025-12-16 18:30:00,87555.0,88200.0,87550.0,87970.0,2424.0
2025-12-16 19:00:00,87945.0,87960.0,87405.0,87570.0,1733.0
2025-12-16 19:30:00,87605.0,87965.0,87505.0,87740.0,1180.0
2025-12-16 20:00:00,87705.0,87845.0,87475.0,87695.0,771.0
2025-12-16 20:30:00,87690.0,88025.0,87670.0,87720.0,1983.0
2025-12-16 21:00:00,87735.0,87920.0,87630.0,87825.0,1259.0
2025-12-16 21:30:00,87870.0,88080.0,87860.0,87940.0,548.0
2025-12-17 14:30:00,87870.0,89855.0,87325.0,89815.0,11787.0
2025-12-17 15:00:00,89795.0,90545.0,89550.0,90100.0,11651.0
2025-12-17 15:30:00,90125.0,90290.0,87220.0,87300.0,13013.0
2025-12-17 16:00:00,87285.0,87865.0,86375.0,86470.0,8410.0
2025-12-17 16:30:00,86445.0,87135.0,86225.0,87110.0,4106.0
2025-12-17 17:00:00,87095.0,87235.0,86580.0,87000.0,1927.0
2025-12-17 17:30:00,86975.0,87065.0,86360.0,86520.0,1601.0
2025-12-17 18:00:00,86610.0,86975.0,86555.0,86580.0,1158.0
2025-12-17 18:30:00,86570.0,86715.0,85735.0,85935.0,3129.0
2025-12-17 19:00:00,85895.0,86030.0,85395.0,85800.0,2718.0
2025-12-17 19:30:00,85805.0,86320.0,85525.0,86125.0,1964.0
2025-12-17 20:00:00,86110.0,86380.0,85725.0,86245.0,2141.0
2025-12-17 20:30:00,86240.0,86305.0,85885.0,86020.0,1683.0
2025-12-17 21:00:00,86000.0,86170.0,85855.0,85965.0,861.0
2025-12-17 21:30:00,85965.0,86130.0,85770.0,86120.0,588.0
2025-12-18 14:30:00,88655.0,89280.0,87835.0,88515.0,4965.0
2025-12-18 15:00:00,88510.0,88850.0,88080.0,88725.0,2845.0
2025-12-18 15:30:00,88725.0,89510.0,88425.0,88635.0,4288.0
2025-12-18 16:00:00,88640.0,88665.0,87960.0,88205.0,2267.0
2025-12-18 16:30:00,88190.0,88525.0,88015.0,88100.0,1637.0
2025-12-18 17:00:00,88100.0,88120.0,85545.0,85975.0,9378.0
2025-12-18 17:30:00,85930.0,86680.0,85680.0,86560.0,2904.0
2025-12-18 18:00:00,86570.0,86975.0,86335.0,86490.0,2101.0
2025-12-18 18:30:00,86545.0,86725.0,85810.0,86090.0,1811.0
2025-12-18 19:00:00,86060.0,86125.0,85095.0,85760.0,3546.0
2025-12-18 19:30:00,85720.0,85935.0,84545.0,84565.0,5275.0
2025-12-18 20:00:00,84545.0,85365.0,84485.0,85070.0,2373.0
2025-12-18 20:30:00,85035.0,85215.0,84665.0,84665.0,2415.0
2025-12-18 21:00:00,84665.0,85550.0,84655.0,85550.0,2978.0
2025-12-18 21:30:00,85505.0,85905.0,85250.0,85675.0,1300.0
2025-12-19 14:30:00,88125.0,88665.0,87590.0,88265.0,7693.0
2025-12-19 15:00:00,88250.0,89530.0,88040.0,88295.0,7521.0
2025-12-19 15:30:00,88260.0,88545.0,87775.0,88055.0,2722.0
2025-12-19 16:00:00,88075.0,88640.0,87960.0,88525.0,2305.0
2025-12-19 16:30:00,88525.0,89015.0,87935.0,88095.0,2968.0
2025-12-19 17:00:00,88075.0,88480.0,87670.0,87720.0,2024.0
2025-12-19 17:30:00,87795.0,87805.0,86950.0,87030.0,6196.0
2025-12-19 18:00:00,87050.0,87560.0,86895.0,87415.0,1816.0
2025-12-19 18:30:00,87415.0,87415.0,86940.0,87230.0,1633.0
2025-12-19 19:00:00,87200.0,87900.0,87195.0,87690.0,1304.0
2025-12-19 19:30:00,87690.0,88180.0,87625.0,87890.0,1633.0
2025-12-19 20:00:00,87900.0,88290.0,87635.0,88085.0,4228.0
2025-12-19 20:30:00,88065.0,88470.0,87935.0,88115.0,3380.0
2025-12-19 21:00:00,88120.0,88150.0,87905.0,88065.0,1510.0
2025-12-19 21:30:00,88075.0,88150.0,87865.0,87910.0,1005.0
2025-12-22 14:30:00,90015.0,90400.0,89475.0,90210.0,4987.0
2025-12-22 15:00:00,90185.0,90525.0,89215.0,89670.0,3758.0
2025-12-22 15:30:00,89650.0,89975.0,89225.0,89785.0,2182.0
2025-12-22 16:00:00,89780.0,90215.0,89700.0,90165.0,1425.0
2025-12-22 16:30:00,90125.0,90125.0,89560.0,89570.0,1729.0
2025-12-22 17:00:00,89620.0,89630.0,89125.0,89360.0,2506.0
2025-12-22 17:30:00,89350.0,89565.0,89185.0,89345.0,1432.0
2025-12-22 18:00:00,89330.0,89570.0,89250.0,89505.0,1391.0
2025-12-22 18:30:00,89560.0,89560.0,89115.0,89135.0,1332.0
2025-12-22 19:00:00,89130.0,89155.0,88510.0,88545.0,2579.0
2025-12-22 19:30:00,88520.0,88635.0,87935.0,88050.0,2175.0
2025-12-22 20:00:00,88015.0,88290.0,87870.0,88090.0,2140.0
2025-12-22 20:30:00,88065.0,88515.0,88015.0,88340.0,1954.0
2025-12-22 21:00:00,88355.0,88525.0,88290.0,88435.0,1069.0
2025-12-22 21:30:00,88445.0,88640.0,88220.0,88245.0,714.0
2025-12-23 14:30:00,87620.0,87745.0,86545.0,86820.0,4423.0
2025-12-23 15:00:00,86800.0,87515.0,86640.0,87280.0,2895.0
2025-12-23 15:30:00,87275.0,87565.0,87230.0,87425.0,2159.0
2025-12-23 16:00:00,87430.0,88195.0,87305.0,87860.0,2832.0
2025-12-23 16:30:00,87900.0,88150.0,87640.0,87995.0,1757.0
2025-12-23 17:00:00,87980.0,88295.0,87690.0,87710.0,1638.0
2025-12-23 17:30:00,87710.0,87850.0,87140.0,87170.0,1484.0
2025-12-23 18:00:00,87175.0,87890.0,87150.0,87795.0,1498.0
2025-12-23 18:30:00,87820.0,88150.0,87745.0,87930.0,1727.0
2025-12-23 19:00:00,88000.0,88015.0,87585.0,87640.0,871.0
2025-12-23 19:30:00,87630.0,87890.0,87600.0,87715.0,626.0
2025-12-23 20:00:00,87715.0,87885.0,87490.0,87720.0,564.0
2025-12-23 20:30:00,87720.0,88355.0,87630.0,87650.0,1644.0
2025-12-23 21:00:00,87670.0,87825.0,87475.0,87775.0,804.0
2025-12-23 21:30:00,87765.0,87775.0,87600.0,87655.0,432.0
2025-12-24 14:30:00,87575.0,87670.0,86720.0,87350.0,755.0
2025-12-24 15:00:00,87330.0,87580.0,86935.0,87190.0,491.0
2025-12-24 15:30:00,87220.0,87635.0,87220.0,87385.0,275.0
2025-12-24 16:00:00,87440.0,87590.0,87255.0,87335.0,340.0
2025-12-24 16:30:00,87440.0,88110.0,87430.0,87705.0,671.0
2025-12-24 17:00:00,87705.0,87905.0,87655.0,87905.0,269.0
2025-12-24 17:30:00,87905.0,87970.0,87630.0,87750.0,613.0
2025-12-24 18:00:00,87770.0,87975.0,87670.0,87855.0,505.0
2025-12-24 18:30:00,87885.0,87935.0,87805.0,87845.0,99.0
2025-12-26 14:30:00,89445.0,89525.0,87695.0,87715.0,6413.0
2025-12-26 15:00:00,87705.0,87705.0,86930.0,87315.0,5600.0
2025-12-26 15:30:00,87300.0,87555.0,87165.0,87450.0,2859.0
2025-12-26 16:00:00,87470.0,87715.0,87315.0,87615.0,2090.0
2025-12-26 16:30:00,87610.0,87790.0,87180.0,87185.0,2135.0
2025-12-26 17:00:00,87250.0,87670.0,87160.0,87655.0,1522.0
2025-12-26 17:30:00,87670.0,87830.0,87550.0,87665.0,1321.0
2025-12-26 18:00:00,87685.0,87765.0,87555.0,87560.0,509.0
2025-12-26 18:30:00,87575.0,87750.0,87505.0,87640.0,555.0
2025-12-26 19:00:00,87645.0,87790.0,87600.0,87770.0,363.0
2025-12-26 19:30:00,87755.0,87980.0,87755.0,87870.0,644.0
2025-12-26 20:00:00,87850.0,88050.0,87765.0,88015.0,644.0
2025-12-26 20:30:00,88020.0,88210.0,87925.0,87955.0,1582.0
2025-12-26 21:00:00,87950.0,88080.0,87890.0,87980.0,616.0
2025-12-26 21:30:00,87890.0,87955.0,87815.0,87815.0,383.0
2025-12-29 14:30:00,87880.0,88565.0,87630.0,87745.0,4825.0
2025-12-29 15:00:00,87745.0,88240.0,87500.0,88085.0,2308.0
2025-12-29 15:30:00,88090.0,88260.0,87890.0,88015.0,839.0
2025-12-29 16:00:00,88010.0,88210.0,87755.0,87855.0,761.0
2025-12-29 16:30:00,87865.0,88140.0,87865.0,88010.0,1187.0
2025-12-29 17:00:00,88020.0,88145.0,87685.0,87765.0,2717.0
2025-12-29 17:30:00,87765.0,88235.0,87765.0,88230.0,829.0
2025-12-29 18:00:00,88205.0,88395.0,88045.0,88075.0,877.0
2025-12-29 18:30:00,88105.0,88170.0,87680.0,87790.0,854.0
2025-12-29 19:00:00,87815.0,88045.0,87650.0,87885.0,1004.0
2025-12-29 19:30:00,87900.0,87975.0,87655.0,87725.0,742.0
2025-12-29 20:00:00,87695.0,87955.0,87605.0,87655.0,1078.0
2025-12-29 20:30:00,87685.0,87755.0,87380.0,87535.0,1675.0
2025-12-29 21:00:00,87530.0,87720.0,87485.0,87625.0,857.0
2025-12-29 21:30:00,87620.0,87700.0,87585.0,87645.0,456.0
2025-12-30 14:30:00,88570.0,89475.0,88250.0,89310.0,5667.0
2025-12-30 15:00:00,89305.0,89565.0,88625.0,88950.0,3537.0
2025-12-30 15:30:00,88945.0,89655.0,88895.0,89550.0,3752.0
2025-12-30 16:00:00,89555.0,89960.0,89270.0,89740.0,4593.0
2025-12-30 16:30:00,89760.0,89805.0,89055.0,89225.0,2511.0
2025-12-30 17:00:00,89205.0,89385.0,88950.0,89110.0,1443.0
2025-12-30 17:30:00,89065.0,89170.0,88585.0,88820.0,2441.0
2025-12-30 18:00:00,88795.0,88895.0,88690.0,88805.0,1064.0
2025-12-30 18:30:00,88815.0,88970.0,88510.0,88715.0,3516.0
2025-12-30 19:00:00,88710.0,88790.0,88350.0,88750.0,1483.0
2025-12-30 19:30:00,88750.0,88855.0,88530.0,88655.0,572.0
2025-12-30 20:00:00,88615.0,88645.0,88410.0,88440.0,766.0
2025-12-30 20:30:00,88450.0,88570.0,88215.0,88290.0,1882.0
2025-12-30 21:00:00,88300.0,88615.0,88225.0,88545.0,3344.0
2025-12-30 21:30:00,88545.0,88780.0,88545.0,88730.0,984.0
2025-12-31 14:30:00,89410.0,89410.0,88645.0,88865.0,3275.0
2025-12-31 15:00:00,88870.0,88920.0,88200.0,88280.0,3833.0
2025-12-31 15:30:00,88255.0,88430.0,88055.0,88225.0,1594.0
2025-12-31 16:00:00,88230.0,88330.0,87905.0,88175.0,2674.0
2025-12-31 16:30:00,88170.0,88205.0,87450.0,87890.0,4672.0
2025-12-31 17:00:00,87895.0,88010.0,87705.0,87840.0,757.0
2025-12-31 17:30:00,87855.0,87920.0,87745.0,87845.0,542.0
2025-12-31 18:00:00,87850.0,88275.0,87790.0,88215.0,2746.0
2025-12-31 18:30:00,88185.0,88225.0,87900.0,87920.0,797.0
2025-12-31 19:00:00,87945.0,88145.0,87885.0,87975.0,678.0
2025-12-31 19:30:00,87975.0,88000.0,87745.0,87765.0,1209.0
2025-12-31 20:00:00,87765.0,87780.0,87625.0,87690.0,2499.0
2025-12-31 20:30:00,87680.0,87960.0,87475.0,87885.0,2187.0
2025-12-31 21:00:00,87905.0,88075.0,87875.0,88015.0,1895.0
2025-12-31 21:30:00,88015.0,88160.0,88005.0,88085.0,647.0
2026-01-02 14:30:00,89280.0,90635.0,88830.0,90055.0,10809.0
2026-01-02 15:00:00,90060.0,90405.0,89170.0,89540.0,6007.0
2026-01-02 15:30:00,89530.0,90415.0,89470.0,89865.0,6107.0
2026-01-02 16:00:00,89860.0,90750.0,89550.0,90560.0,9819.0
2026-01-02 16:30:00,90575.0,91360.0,90365.0,90915.0,6694.0
2026-01-02 17:00:00,90900.0,91580.0,90900.0,91160.0,3401.0
2026-01-02 17:30:00,91190.0,91250.0,90680.0,90880.0,1806.0
2026-01-02 18:00:00,90885.0,91100.0,90705.0,90825.0,1537.0
2026-01-02 18:30:00,90800.0,90830.0,89970.0,90190.0,3801.0
2026-01-02 19:00:00,90200.0,90630.0,90080.0,90410.0,2415.0
2026-01-02 19:30:00,90415.0,90605.0,90285.0,90340.0,1356.0
2026-01-02 20:00:00,90350.0,90575.0,90190.0,90315.0,1022.0
2026-01-02 20:30:00,90325.0,90425.0,90020.0,90220.0,2615.0
2026-01-02 21:00:00,90200.0,90475.0,90160.0,90445.0,659.0
2026-01-02 21:30:00,90435.0,90625.0,90345.0,90575.0,863.0
2026-01-05 14:30:00,93205.0,94165.0,92790.0,93920.0,8607.0
2026-01-05 15:00:00,93895.0,94280.0,93595.0,93860.0,3343.0
2026-01-05 15:30:00,93835.0,94550.0,93740.0,94470.0,3300.0
2026-01-05 16:00:00,94465.0,94615.0,94180.0,94350.0,2657.0
2026-01-05 16:30:00,94375.0,94450.0,94080.0,94195.0,1806.0
2026-01-05 17:00:00,94215.0,94280.0,93680.0,93920.0,1841.0
2026-01-05 17:30:00,93915.0,94965.0,93915.0,94855.0,3047.0
2026-01-05 18:00:00,94870.0,94940.0,94420.0,94500.0,3122.0
2026-01-05 18:30:00,94470.0,95020.0,94350.0,94935.0,4090.0
2026-01-05 19:00:00,94940.0,94955.0,94700.0,94885.0,2009.0
2026-01-05 19:30:00,94905.0,94995.0,94560.0,94755.0,3037.0
2026-01-05 20:00:00,94750.0,95270.0,94640.0,95205.0,2171.0
2026-01-05 20:30:00,95170.0,95170.0,94455.0,94635.0,3900.0
2026-01-05 21:00:00,94635.0,94680.0,94285.0,94290.0,2800.0
2026-01-05 21:30:00,94285.0,94680.0,94250.0,94585.0,598.0
2026-01-06 14:30:00,94735.0,94775.0,93865.0,94190.0,5349.0
2026-01-06 15:00:00,94180.0,94740.0,94045.0,94520.0,2715.0
2026-01-06 15:30:00,94520.0,94595.0,93645.0,94025.0,3924.0
2026-01-06 16:00:00,94010.0,94160.0,93105.0,93145.0,4532.0
2026-01-06 16:30:00,93130.0,93320.0,92565.0,92950.0,8523.0
2026-01-06 17:00:00,92935.0,93075.0,92650.0,92780.0,1824.0
2026-01-06 17:30:00,92790.0,92955.0,91765.0,91800.0,6362.0
2026-01-06 18:00:00,91770.0,92400.0,91480.0,92270.0,6563.0
2026-01-06 18:30:00,92260.0,92490.0,92060.0,92255.0,1944.0
2026-01-06 19:00:00,92275.0,92565.0,92110.0,92485.0,1296.0
2026-01-06 19:30:00,92525.0,92575.0,92270.0,92345.0,971.0
2026-01-06 20:00:00,92345.0,92865.0,92345.0,92790.0,1503.0
2026-01-06 20:30:00,92795.0,93000.0,92725.0,92800.0,2017.0
2026-01-06 21:00:00,92785.0,94175.0,92635.0,93795.0,5860.0
2026-01-06 21:30:00,93865.0,94060.0,93450.0,93620.0,3229.0
2026-01-07 14:30:00,91705.0,92370.0,91510.0,92150.0,3302.0
2026-01-07 15:00:00,92180.0,92195.0,91145.0,91395.0,6007.0
2026-01-07 15:30:00,91390.0,91795.0,91240.0,91510.0,2317.0
2026-01-07 16:00:00,91495.0,92025.0,91450.0,91800.0,1541.0
2026-01-07 16:30:00,91825.0,91835.0,91310.0,91425.0,1272.0
2026-01-07 17:00:00,91455.0,91905.0,91190.0,91825.0,1305.0
2026-01-07 17:30:00,91805.0,91920.0,91375.0,91430.0,856.0
2026-01-07 18:00:00,91430.0,91570.0,91260.0,91475.0,1604.0
2026-01-07 18:30:00,91520.0,91675.0,90945.0,91135.0,2087.0
2026-01-07 19:00:00,91110.0,91335.0,90865.0,91100.0,1322.0
2026-01-07 19:30:00,91105.0,91530.0,91105.0,91390.0,1035.0
2026-01-07 20:00:00,91400.0,91540.0,90995.0,91110.0,1181.0
2026-01-07 20:30:00,91105.0,91380.0,91095.0,91230.0,1506.0
2026-01-07 21:00:00,91220.0,91455.0,91205.0,91405.0,953.0
2026-01-07 21:30:00,91405.0,91460.0,91275.0,91320.0,535.0
2026-01-08 14:30:00,89780.0,90320.0,89415.0,90140.0,4816.0
2026-01-08 15:00:00,90140.0,90865.0,89925.0,90790.0,4026.0
2026-01-08 15:30:00,90800.0,91095.0,90435.0,91015.0,2142.0
2026-01-08 16:00:00,91020.0,91155.0,90635.0,90865.0,2314.0
2026-01-08 16:30:00,90850.0,91220.0,90480.0,91200.0,1690.0
2026-01-08 17:00:00,91210.0,91520.0,91055.0,91115.0,1840.0
2026-01-08 17:30:00,91125.0,91720.0,91125.0,91615.0,1264.0
2026-01-08 18:00:00,91615.0,91750.0,91350.0,91515.0,1292.0
2026-01-08 18:30:00,91505.0,91565.0,91180.0,91375.0,1068.0
2026-01-08 19:00:00,91400.0,91600.0,91165.0,91330.0,1033.0
2026-01-08 19:30:00,91330.0,91600.0,91005.0,91165.0,796.0
2026-01-08 20:00:00,91125.0,91125.0,90770.0,90800.0,2564.0
2026-01-08 20:30:00,90805.0,91225.0,90795.0,91130.0,1129.0
2026-01-08 21:00:00,91125.0,91410.0,91115.0,91345.0,724.0
2026-01-08 21:30:00,91315.0,91590.0,91300.0,91485.0,592.0
2026-01-09 14:30:00,90760.0,90890.0,90050.0,90300.0,6123.0
2026-01-09 15:00:00,90315.0,91945.0,89940.0,91900.0,6427.0
2026-01-09 15:30:00,91915.0,92285.0,91030.0,91380.0,6879.0
2026-01-09 16:00:00,91360.0,92035.0,91350.0,91575.0,2263.0
2026-01-09 16:30:00,91615.0,91935.0,91445.0,91835.0,1003.0
2026-01-09 17:00:00,91870.0,91905.0,91150.0,91310.0,2167.0
2026-01-09 17:30:00,91285.0,91760.0,91220.0,91600.0,842.0
2026-01-09 18:00:00,91560.0,91720.0,90700.0,90745.0,2182.0
2026-01-09 18:30:00,90740.0,91120.0,90470.0,90950.0,2005.0
2026-01-09 19:00:00,90955.0,90955.0,90390.0,90430.0,1569.0
2026-01-09 19:30:00,90425.0,90775.0,90275.0,90430.0,1843.0
2026-01-09 20:00:00,90435.0,90720.0,90330.0,90620.0,1426.0
2026-01-09 20:30:00,90590.0,90705.0,90305.0,90430.0,1985.0
2026-01-09 21:00:00,90420.0,90740.0,90205.0,90655.0,1258.0
2026-01-09 21:30:00,90655.0,90745.0,90520.0,90645.0,552.0
2026-01-12 14:30:00,90335.0,91300.0,90235.0,91050.0,7858.0
2026-01-12 15:00:00,91030.0,91590.0,90810.0,91485.0,2725.0
2026-01-12 15:30:00,91510.0,91880.0,91410.0,91880.0,3248.0
2026-01-12 16:00:00,91860.0,92510.0,91810.0,92490.0,3335.0
2026-01-12 16:30:00,92500.0,92600.0,92235.0,92410.0,4184.0
2026-01-12 17:00:00,92400.0,92590.0,91900.0,91955.0,2659.0
2026-01-12 17:30:00,91950.0,92000.0,91245.0,91700.0,4183.0
2026-01-12 18:00:00,91705.0,92170.0,91575.0,92145.0,1876.0
2026-01-12 18:30:00,92145.0,92165.0,91670.0,91885.0,977.0
2026-01-12 19:00:00,91890.0,92050.0,91610.0,92030.0,837.0
2026-01-12 19:30:00,92025.0,92095.0,91925.0,92090.0,979.0
2026-01-12 20:00:00,92105.0,92275.0,91865.0,91925.0,1101.0
2026-01-12 20:30:00,91920.0,91925.0,91565.0,91665.0,1884.0
2026-01-12 21:00:00,91665.0,91695.0,91350.0,91520.0,1634.0
2026-01-12 21:30:00,91500.0,91555.0,91075.0,91200.0,715.0
2026-01-13 14:30:00,92630.0,93205.0,92525.0,92685.0,5256.0
2026-01-13 15:00:00,92630.0,92845.0,92295.0,92635.0,3342.0
2026-01-13 15:30:00,92630.0,93805.0,92595.0,93800.0,5398.0
2026-01-13 16:00:00,93785.0,94075.0,93340.0,93500.0,4074.0
2026-01-13 16:30:00,93460.0,94115.0,93425.0,93725.0,2015.0
2026-01-13 17:00:00,93720.0,93840.0,93350.0,93715.0,1399.0
2026-01-13 17:30:00,93735.0,93775.0,93450.0,93505.0,2031.0
2026-01-13 18:00:00,93500.0,94040.0,93430.0,93870.0,1939.0
2026-01-13 18:30:00,93880.0,94170.0,93740.0,93880.0,1476.0
2026-01-13 19:00:00,93885.0,94140.0,93690.0,94115.0,974.0
2026-01-13 19:30:00,94135.0,94565.0,94040.0,94555.0,2480.0
2026-01-13 20:00:00,94555.0,94865.0,94465.0,94685.0,2848.0
2026-01-13 20:30:00,94680.0,94835.0,94420.0,94705.0,6992.0
2026-01-13 21:00:00,94700.0,94805.0,94605.0,94605.0,1928.0
2026-01-13 21:30:00,94625.0,94660.0,94370.0,94430.0,773.0
2026-01-14 14:30:00,95940.0,97215.0,95625.0,96800.0,9426.0
2026-01-14 15:00:00,96795.0,97470.0,96515.0,97130.0,6491.0
2026-01-14 15:30:00,97140.0,97360.0,96585.0,97110.0,6294.0
2026-01-14 16:00:00,97140.0,97875.0,97095.0,97630.0,5171.0
2026-01-14 16:30:00,97600.0,98090.0,97330.0,97655.0,4230.0
2026-01-14 17:00:00,97635.0,98195.0,97570.0,97945.0,3599.0
2026-01-14 17:30:00,97925.0,97925.0,97180.0,97295.0,5353.0
2026-01-14 18:00:00,97275.0,97460.0,96875.0,97385.0,3363.0
2026-01-14 18:30:00,97440.0,97475.0,96515.0,97130.0,4696.0
2026-01-14 19:00:00,97095.0,97885.0,96965.0,97875.0,3682.0
2026-01-14 19:30:00,97870.0,97975.0,97400.0,97560.0,2536.0
2026-01-14 20:00:00,97545.0,98235.0,97455.0,97650.0,2840.0
2026-01-14 20:30:00,97610.0,98090.0,97600.0,97955.0,2922.0
2026-01-14 21:00:00,97955.0,97975.0,97750.0,97890.0,2010.0
2026-01-14 21:30:00,97870.0,98035.0,97675.0,97890.0,1001.0
2026-01-15 14:30:00,97015.0,97140.0,95760.0,96270.0,7490.0
2026-01-15 15:00:00,96255.0,96660.0,95985.0,96065.0,2363.0
2026-01-15 15:30:00,96060.0,96975.0,95595.0,96900.0,6965.0
2026-01-15 16:00:00,96905.0,97150.0,96485.0,96655.0,3519.0
2026-01-15 16:30:00,96640.0,97150.0,96565.0,97000.0,1196.0
2026-01-15 17:00:00,96960.0,97090.0,96660.0,96950.0,799.0
2026-01-15 17:30:00,96960.0,97300.0,96800.0,96860.0,1937.0
2026-01-15 18:00:00,96815.0,96855.0,96230.0,96365.0,3038.0
2026-01-15 18:30:00,96345.0,96435.0,95910.0,96025.0,1736.0
2026-01-15 19:00:00,96025.0,96130.0,95615.0,95670.0,2319.0
2026-01-15 19:30:00,95675.0,95885.0,95365.0,95660.0,2889.0
2026-01-15 20:00:00,95655.0,95830.0,95305.0,95350.0,1587.0
2026-01-15 20:30:00,95345.0,95560.0,95260.0,95400.0,2557.0
2026-01-15 21:00:00,95430.0,95635.0,95335.0,95590.0,1085.0
2026-01-15 21:30:00,95575.0,95780.0,95535.0,95690.0,889.0
2026-01-16 14:30:00,95875.0,96005.0,95290.0,95305.0,4146.0
2026-01-16 15:00:00,95300.0,95865.0,94740.0,94800.0,6420.0
2026-01-16 15:30:00,94815.0,94925.0,94360.0,94685.0,5990.0
2026-01-16 16:00:00,94685.0,95065.0,94560.0,94990.0,3640.0
2026-01-16 16:30:00,94960.0,95145.0,94745.0,95000.0,2553.0
2026-01-16 17:00:00,94995.0,95010.0,94670.0,94880.0,734.0
2026-01-16 17:30:00,94870.0,95350.0,94860.0,95250.0,2033.0
2026-01-16 18:00:00,95245.0,95425.0,95150.0,95390.0,2913.0
2026-01-16 18:30:00,95385.0,95395.0,95105.0,95140.0,597.0
2026-01-16 19:00:00,95105.0,95170.0,94940.0,94985.0,646.0
2026-01-16 19:30:00,94980.0,95195.0,94970.0,95120.0,407.0
2026-01-16 20:00:00,95125.0,95275.0,94750.0,95240.0,693.0
2026-01-16 20:30:00,95250.0,95735.0,95185.0,95695.0,2559.0
2026-01-16 21:00:00,95705.0,95775.0,95525.0,95575.0,1417.0
2026-01-16 21:30:00,95590.0,95740.0,95515.0,95730.0,521.0
2026-01-19 14:30:00,92940.0,93035.0,92745.0,92865.0,605.0
2026-01-19 15:00:00,92870.0,93175.0,92870.0,92995.0,591.0
2026-01-19 15:30:00,93015.0,93195.0,93005.0,93160.0,1062.0
2026-01-19 16:00:00,93150.0,93290.0,93060.0,93255.0,321.0
2026-01-19 16:30:00,93265.0,93530.0,93235.0,93435.0,501.0
2026-01-19 17:00:00,93405.0,93525.0,93245.0,93380.0,515.0
2026-01-19 17:30:00,93345.0,93365.0,93250.0,93350.0,429.0
2026-01-19 18:00:00,93360.0,93365.0,93080.0,93080.0,352.0
2026-01-19 18:30:00,93065.0,93220.0,93010.0,93115.0,232.0
2026-01-19 19:00:00,93145.0,93210.0,93045.0,93140.0,269.0
2026-01-19 19:30:00,93115.0,93250.0,93100.0,93205.0,209.0
2026-01-19 20:00:00,93225.0,93385.0,93220.0,93350.0,191.0
2026-01-19 20:30:00,93370.0,93375.0,93155.0,93235.0,240.0
2026-01-19 21:00:00,93245.0,93435.0,93075.0,93130.0,450.0
2026-01-19 21:30:00,93155.0,93185.0,93070.0,93130.0,263.0
2026-01-20 14:30:00,90975.0,91420.0,90235.0,90510.0,7391.0
2026-01-20 15:00:00,90475.0,90735.0,89830.0,90605.0,6590.0
2026-01-20 15:30:00,90600.0,90845.0,90330.0,90700.0,2170.0
2026-01-20 16:00:00,90705.0,91015.0,90490.0,90605.0,1470.0
2026-01-20 16:30:00,90600.0,90660.0,89995.0,90150.0,1575.0
2026-01-20 17:00:00,90150.0,90500.0,90050.0,90190.0,1405.0
2026-01-20 17:30:00,90165.0,90170.0,89395.0,89720.0,4097.0
2026-01-20 18:00:00,89755.0,89950.0,89615.0,89695.0,1211.0
2026-01-20 18:30:00,89700.0,89735.0,89345.0,89460.0,1655.0
2026-01-20 19:00:00,89480.0,89800.0,89390.0,89475.0,1214.0
2026-01-20 19:30:00,89465.0,89770.0,89255.0,89685.0,1635.0
2026-01-20 20:00:00,89680.0,89850.0,89345.0,89760.0,1272.0
2026-01-20 20:30:00,89755.0,89830.0,89505.0,89685.0,3985.0
2026-01-20 21:00:00,89700.0,89830.0,89580.0,89625.0,1731.0
2026-01-20 21:30:00,89605.0,89620.0,89400.0,89520.0,754.0
2026-01-21 14:30:00,89610.0,90110.0,89360.0,89845.0,8013.0
2026-01-21 15:00:00,89800.0,90625.0,89775.0,90060.0,4404.0
2026-01-21 15:30:00,90080.0,90445.0,89860.0,90340.0,2159.0
2026-01-21 16:00:00,90345.0,90430.0,89275.0,89640.0,2286.0
2026-01-21 16:30:00,89575.0,89575.0,87535.0,87575.0,6321.0
2026-01-21 17:00:00,87565.0,88085.0,87250.0,87780.0,4192.0
2026-01-21 17:30:00,87735.0,88155.0,87500.0,87930.0,1796.0
2026-01-21 18:00:00,87980.0,88050.0,87555.0,88000.0,1117.0
2026-01-21 18:30:00,88020.0,88660.0,87950.0,88495.0,2147.0
2026-01-21 19:00:00,88535.0,89770.0,88285.0,89685.0,4413.0
2026-01-21 19:30:00,89720.0,90515.0,89545.0,90420.0,7400.0
2026-01-21 20:00:00,90405.0,90425.0,89480.0,89805.0,2882.0
2026-01-21 20:30:00,89790.0,90280.0,89655.0,90270.0,2341.0
2026-01-21 21:00:00,90280.0,90400.0,90015.0,90095.0,1282.0
2026-01-21 21:30:00,90125.0,90385.0,90100.0,90305.0,468.0
2026-01-22 14:30:00,89585.0,89770.0,89005.0,89105.0,4128.0
2026-01-22 15:00:00,89080.0,89395.0,88590.0,88635.0,2397.0
2026-01-22 15:30:00,88635.0,89495.0,88475.0,89025.0,2709.0
2026-01-22 16:00:00,89045.0,89240.0,88680.0,89035.0,2562.0
2026-01-22 16:30:00,89055.0,89305.0,88770.0,89070.0,1311.0
2026-01-22 17:00:00,89070.0,89505.0,89050.0,89170.0,1787.0
2026-01-22 17:30:00,89200.0,89695.0,89120.0,89635.0,937.0
2026-01-22 18:00:00,89600.0,89860.0,89385.0,89660.0,1782.0
2026-01-22 18:30:00,89660.0,89820.0,89315.0,89375.0,1457.0
2026-01-22 19:00:00,89395.0,89630.0,89115.0,89550.0,818.0
2026-01-22 19:30:00,89535.0,89980.0,89535.0,89830.0,1133.0
2026-01-22 20:00:00,89830.0,90030.0,89600.0,89600.0,1358.0
2026-01-22 20:30:00,89605.0,89765.0,89390.0,89400.0,1625.0
2026-01-22 21:00:00,89420.0,89690.0,89395.0,89605.0,992.0
2026-01-22 21:30:00,89600.0,89640.0,89255.0,89335.0,575.0
2026-01-23 14:30:00,89670.0,89750.0,88610.0,89005.0,3277.0
2026-01-23 15:00:00,89010.0,89310.0,88520.0,88980.0,2570.0
2026-01-23 15:30:00,88960.0,89920.0,88910.0,89770.0,2981.0
2026-01-23 16:00:00,89770.0,90025.0,89500.0,89595.0,2578.0
2026-01-23 16:30:00,89600.0,90585.0,89475.0,90180.0,4144.0
2026-01-23 17:00:00,90175.0,91065.0,89995.0,91065.0,3011.0
2026-01-23 17:30:00,91040.0,91315.0,90575.0,90640.0,2981.0
2026-01-23 18:00:00,90630.0,91080.0,90480.0,90930.0,1725.0
2026-01-23 18:30:00,90945.0,91130.0,90515.0,90555.0,1358.0
2026-01-23 19:00:00,90550.0,90570.0,89765.0,89880.0,4924.0
2026-01-23 19:30:00,89885.0,90050.0,89595.0,89995.0,1521.0
2026-01-23 20:00:00,89990.0,90175.0,89800.0,89815.0,994.0
2026-01-23 20:30:00,89755.0,89755.0,89185.0,89500.0,2238.0
2026-01-23 21:00:00,89505.0,89715.0,89430.0,89640.0,1116.0
2026-01-23 21:30:00,89590.0,89630.0,89290.0,89325.0,596.0
2026-01-26 14:30:00,87655.0,88530.0,87405.0,88190.0,4662.0
2026-01-26 15:00:00,88180.0,88880.0,88025.0,88515.0,3568.0
2026-01-26 15:30:00,88525.0,88525.0,87295.0,87650.0,4648.0
2026-01-26 16:00:00,87660.0,87970.0,87185.0,87675.0,2810.0
2026-01-26 16:30:00,87700.0,87925.0,87390.0,87600.0,1095.0
2026-01-26 17:00:00,87540.0,87800.0,87195.0,87400.0,1355.0
2026-01-26 17:30:00,87370.0,87770.0,87045.0,87705.0,2238.0
2026-01-26 18:00:00,87695.0,88155.0,87635.0,88110.0,1507.0
2026-01-26 18:30:00,88100.0,88460.0,87930.0,88440.0,1887.0
2026-01-26 19:00:00,88455.0,88590.0,88105.0,88190.0,1864.0
2026-01-26 19:30:00,88155.0,88365.0,87935.0,88015.0,715.0
2026-01-26 20:00:00,87990.0,88135.0,87770.0,87870.0,920.0
2026-01-26 20:30:00,87850.0,87895.0,87500.0,87595.0,1639.0
2026-01-26 21:00:00,87610.0,87915.0,87535.0,87915.0,750.0
2026-01-26 21:30:00,87975.0,88215.0,87845.0,88045.0,829.0
2026-01-27 14:30:00,88220.0,88275.0,87545.0,87645.0,2438.0
2026-01-27 15:00:00,87640.0,88110.0,87465.0,87540.0,2341.0
2026-01-27 15:30:00,87530.0,88000.0,87510.0,87975.0,1414.0
2026-01-27 16:00:00,87960.0,88665.0,87940.0,88320.0,3329.0
2026-01-27 16:30:00,88350.0,88810.0,88350.0,88600.0,1661.0
2026-01-27 17:00:00,88600.0,88675.0,87510.0,87815.0,3648.0
2026-01-27 17:30:00,87805.0,87920.0,87200.0,87490.0,3225.0
2026-01-27 18:00:00,87480.0,87900.0,87380.0,87795.0,1563.0
2026-01-27 18:30:00,87830.0,88540.0,87680.0,88245.0,2216.0
2026-01-27 19:00:00,88250.0,88340.0,88005.0,88215.0,1321.0
2026-01-27 19:30:00,88215.0,88535.0,88145.0,88375.0,713.0
2026-01-27 20:00:00,88350.0,89215.0,88320.0,89135.0,2460.0
2026-01-27 20:30:00,89130.0,89485.0,88780.0,89380.0,2834.0
2026-01-27 21:00:00,89390.0,89565.0,89210.0,89245.0,2030.0
2026-01-27 21:30:00,89260.0,89305.0,88990.0,89100.0,511.0
2026-01-28 14:30:00,90320.0,90505.0,89705.0,89915.0,1591.0
2026-01-28 15:00:00,89905.0,90200.0,89180.0,89605.0,1339.0
2026-01-28 15:30:00,89560.0,89960.0,89515.0,89785.0,441.0
2026-01-28 16:00:00,89830.0,90090.0,89515.0,90080.0,299.0
2026-01-28 16:30:00,90035.0,90085.0,89770.0,89920.0,587.0
2026-01-28 17:00:00,89900.0,90090.0,89855.0,89895.0,611.0
2026-01-28 17:30:00,89845.0,90935.0,89545.0,90510.0,1074.0
2026-01-28 18:00:00,90420.0,90420.0,89830.0,90090.0,537.0
2026-01-28 18:30:00,90050.0,90110.0,89595.0,89780.0,573.0
2026-01-28 19:00:00,89980.0,89990.0,89390.0,89725.0,456.0
2026-01-28 19:30:00,89695.0,89920.0,89290.0,89665.0,298.0
2026-01-28 20:00:00,89640.0,90170.0,89620.0,90080.0,571.0
2026-01-28 20:30:00,90090.0,90090.0,89240.0,89425.0,790.0
2026-01-28 21:00:00,89425.0,89545.0,89110.0,89465.0,607.0
2026-01-28 21:30:00,89455.0,89760.0,89375.0,89735.0,54.0
2026-01-29 14:30:00,87965.0,88125.0,87105.0,87110.0,3068.0
2026-01-29 15:00:00,87135.0,87170.0,85330.0,85585.0,4332.0
2026-01-29 15:30:00,85565.0,85765.0,84480.0,85070.0,2654.0
2026-01-29 16:00:00,85020.0,85120.0,84550.0,84580.0,1290.0
2026-01-29 16:30:00,84715.0,85505.0,84390.0,85400.0,2010.0
2026-01-29 17:00:00,85385.0,85735.0,85145.0,85200.0,1997.0
2026-01-29 17:30:00,85155.0,85265.0,84150.0,84330.0,1568.0
2026-01-29 18:00:00,84385.0,84740.0,83865.0,84015.0,1733.0
2026-01-29 18:30:00,83945.0,84270.0,83525.0,83590.0,1667.0
2026-01-29 19:00:00,83565.0,84070.0,83465.0,83900.0,1234.0
2026-01-29 19:30:00,83970.0,84425.0,83930.0,84085.0,976.0
2026-01-29 20:00:00,84095.0,84345.0,83970.0,84135.0,656.0
2026-01-29 20:30:00,84170.0,84560.0,83960.0,84410.0,2167.0
2026-01-29 21:00:00,84375.0,84685.0,84360.0,84575.0,1411.0
2026-01-29 21:30:00,84590.0,84840.0,84460.0,84710.0,501.0
2026-01-30 14:30:00,83170.0,84010.0,82945.0,83295.0,4857.0
2026-01-30 15:00:00,83285.0,83835.0,82765.0,82790.0,3190.0
2026-01-30 15:30:00,82820.0,83595.0,82535.0,83040.0,3624.0
2026-01-30 16:00:00,83040.0,83425.0,82715.0,83330.0,2442.0
2026-01-30 16:30:00,83330.0,83710.0,83210.0,83345.0,1896.0
2026-01-30 17:00:00,83340.0,83705.0,82775.0,83610.0,3382.0
2026-01-30 17:30:00,83565.0,83565.0,83025.0,83115.0,1852.0
2026-01-30 18:00:00,83120.0,83425.0,82080.0,82675.0,3648.0
2026-01-30 18:30:00,82690.0,84440.0,82365.0,84150.0,5102.0
2026-01-30 19:00:00,84135.0,84785.0,84120.0,84525.0,3060.0
2026-01-30 19:30:00,84490.0,84895.0,84350.0,84450.0,1980.0
2026-01-30 20:00:00,84435.0,84475.0,83720.0,84180.0,2773.0
2026-01-30 20:30:00,84140.0,84510.0,83750.0,84115.0,3687.0
2026-01-30 21:00:00,84130.0,84725.0,84005.0,84480.0,1792.0
2026-01-30 21:30:00,84500.0,84660.0,84265.0,84640.0,869.0
2026-02-02 14:30:00,78360.0,79265.0,78005.0,78145.0,8915.0
2026-02-02 15:00:00,78140.0,79330.0,77840.0,78965.0,6979.0
2026-02-02 15:30:00,78980.0,79690.0,78760.0,79200.0,5997.0
2026-02-02 16:00:00,79165.0,79650.0,78910.0,79490.0,2909.0
2026-02-02 16:30:00,79480.0,79560.0,78865.0,78930.0,2320.0
2026-02-02 17:00:00,78925.0,79565.0,78875.0,79280.0,2269.0
2026-02-02 17:30:00,79280.0,79560.0,79085.0,79290.0,1556.0
2026-02-02 18:00:00,79285.0,79285.0,78625.0,78695.0,2161.0
2026-02-02 18:30:00,78685.0,79200.0,78670.0,78850.0,1630.0
2026-02-02 19:00:00,78830.0,78995.0,78550.0,78750.0,1535.0
2026-02-02 19:30:00,78735.0,78820.0,78510.0,78585.0,1376.0
2026-02-02 20:00:00,78570.0,78965.0,78365.0,78650.0,1464.0
2026-02-02 20:30:00,78660.0,78700.0,78115.0,78265.0,3362.0
2026-02-02 21:00:00,78275.0,78665.0,78175.0,78525.0,1014.0
2026-02-02 21:30:00,78555.0,78845.0,78535.0,78755.0,974.0
2026-02-03 14:30:00,78635.0,78635.0,77310.0,77365.0,8777.0
2026-02-03 15:00:00,77355.0,78340.0,77190.0,77925.0,7294.0
2026-02-03 15:30:00,77940.0,78420.0,77495.0,78335.0,5102.0
2026-02-03 16:00:00,78355.0,78355.0,76860.0,76865.0,6013.0
2026-02-03 16:30:00,76860.0,77070.0,76635.0,76640.0,3906.0
2026-02-03 17:00:00,76645.0,76700.0,75840.0,76035.0,5308.0
2026-02-03 17:30:00,76070.0,76110.0,74980.0,75030.0,4803.0
2026-02-03 18:00:00,75025.0,75450.0,74125.0,74265.0,7265.0
2026-02-03 18:30:00,74255.0,74475.0,73260.0,73275.0,5341.0
2026-02-03 19:00:00,73265.0,75415.0,73090.0,75085.0,7744.0
2026-02-03 19:30:00,75125.0,75435.0,74485.0,75085.0,4159.0
2026-02-03 20:00:00,75080.0,76035.0,74720.0,75870.0,2853.0
2026-02-03 20:30:00,75865.0,76885.0,75820.0,76655.0,7868.0
2026-02-03 21:00:00,76635.0,77130.0,76490.0,76635.0,2180.0
2026-02-03 21:30:00,76595.0,76775.0,76270.0,76420.0,893.0
2026-02-04 14:30:00,75430.0,75920.0,74370.0,74435.0,7522.0
2026-02-04 15:00:00,74455.0,75485.0,73960.0,75030.0,8033.0
2026-02-04 15:30:00,75040.0,75130.0,73910.0,74230.0,4696.0
2026-02-04 16:00:00,74255.0,74355.0,73475.0,74265.0,5334.0
2026-02-04 16:30:00,74245.0,74350.0,73165.0,73700.0,4617.0
2026-02-04 17:00:00,73715.0,73935.0,72495.0,72535.0,6960.0
2026-02-04 17:30:00,72520.0,73025.0,72100.0,72610.0,5732.0
2026-02-04 18:00:00,72590.0,73665.0,72315.0,73500.0,6095.0
2026-02-04 18:30:00,73510.0,74205.0,73340.0,73495.0,6751.0
2026-02-04 19:00:00,73510.0,74015.0,73155.0,73250.0,3110.0
2026-02-04 19:30:00,73275.0,74160.0,73145.0,74020.0,5918.0
2026-02-04 20:00:00,74010.0,74235.0,73535.0,73675.0,2820.0
2026-02-04 20:30:00,73650.0,73775.0,73495.0,73660.0,1028.0
2026-02-04 21:00:00,73505.0,73775.0,73100.0,73110.0,869.0
2026-02-04 21:30:00,73135.0,73435.0,72220.0,72795.0,1362.0
2026-02-05 14:30:00,70210.0,71030.0,69380.0,69485.0,11656.0
2026-02-05 15:00:00,69470.0,69750.0,66845.0,66915.0,18426.0
2026-02-05 15:30:00,66905.0,68405.0,66815.0,67580.0,13496.0
2026-02-05 16:00:00,67585.0,68365.0,67015.0,68250.0,9919.0
2026-02-05 16:30:00,68275.0,68790.0,67660.0,68395.0,10533.0
2026-02-05 17:00:00,68425.0,68495.0,66300.0,67445.0,13825.0
2026-02-05 17:30:00,67485.0,67620.0,66195.0,66230.0,6960.0
2026-02-05 18:00:00,66225.0,66640.0,65500.0,65895.0,6527.0
2026-02-05 18:30:00,65940.0,66570.0,65405.0,66450.0,6600.0
2026-02-05 19:00:00,66460.0,66740.0,65695.0,65965.0,4740.0
2026-02-05 19:30:00,65950.0,66285.0,65270.0,65365.0,4354.0
2026-02-05 20:00:00,65335.0,65815.0,63520.0,64015.0,15748.0
2026-02-05 20:30:00,63950.0,64255.0,62445.0,63910.0,25044.0
2026-02-05 21:00:00,63920.0,64820.0,63005.0,64085.0,12643.0
2026-02-05 21:30:00,64075.0,64340.0,63100.0,63270.0,3837.0
2026-02-06 14:30:00,67285.0,68860.0,67210.0,68415.0,12799.0
2026-02-06 15:00:00,68415.0,68880.0,67955.0,68405.0,8300.0
2026-02-06 15:30:00,68415.0,69400.0,68260.0,68835.0,5792.0
2026-02-06 16:00:00,68840.0,70040.0,68645.0,69725.0,5319.0
2026-02-06 16:30:00,69690.0,70420.0,69615.0,70135.0,6787.0
2026-02-06 17:00:00,70125.0,71235.0,69755.0,71180.0,5619.0
2026-02-06 17:30:00,71170.0,71720.0,70745.0,70985.0,6324.0
2026-02-06 18:00:00,70955.0,71050.0,69550.0,69770.0,6610.0
2026-02-06 18:30:00,69755.0,70520.0,69570.0,69955.0,3658.0
2026-02-06 19:00:00,69975.0,70690.0,69820.0,70455.0,2876.0
2026-02-06 19:30:00,70470.0,71120.0,70330.0,70905.0,2508.0
2026-02-06 20:00:00,70875.0,71035.0,70415.0,70740.0,2203.0
2026-02-06 20:30:00,70755.0,71160.0,70140.0,70190.0,4883.0
2026-02-06 21:00:00,70190.0,70700.0,70035.0,70630.0,2459.0
2026-02-06 21:30:00,70610.0,70660.0,70310.0,70505.0,1275.0
2026-02-09 14:30:00,69115.0,69845.0,68580.0,69435.0,7677.0
2026-02-09 15:00:00,69415.0,70025.0,68935.0,69030.0,4635.0
2026-02-09 15:30:00,69045.0,69795.0,68960.0,69735.0,2401.0
2026-02-09 16:00:00,69680.0,69870.0,69205.0,69770.0,1989.0
2026-02-09 16:30:00,69760.0,70575.0,69480.0,70260.0,3861.0
2026-02-09 17:00:00,70245.0,70490.0,70005.0,70180.0,1832.0
2026-02-09 17:30:00,70190.0,71145.0,70135.0,70785.0,4115.0
2026-02-09 18:00:00,70770.0,71205.0,70225.0,70445.0,2606.0
2026-02-09 18:30:00,70455.0,70680.0,70270.0,70590.0,1114.0
2026-02-09 19:00:00,70580.0,70880.0,70420.0,70845.0,909.0
2026-02-09 19:30:00,70820.0,71255.0,70820.0,71155.0,1619.0
2026-02-09 20:00:00,71090.0,71330.0,70665.0,70710.0,1889.0
2026-02-09 20:30:00,70710.0,71050.0,70685.0,70910.0,2708.0
2026-02-09 21:00:00,70915.0,70970.0,70455.0,70455.0,1605.0
2026-02-09 21:30:00,70520.0,70660.0,70005.0,70565.0,1942.0
2026-02-10 14:30:00,69300.0,69535.0,68010.0,68535.0,8764.0
2026-02-10 15:00:00,68525.0,69455.0,68385.0,69350.0,4651.0
2026-02-10 15:30:00,69355.0,69655.0,69225.0,69405.0,2871.0
2026-02-10 16:00:00,69400.0,69980.0,69030.0,69555.0,2595.0
2026-02-10 16:30:00,69510.0,69820.0,69395.0,69630.0,852.0
2026-02-10 17:00:00,69615.0,69975.0,69425.0,69815.0,1036.0
2026-02-10 17:30:00,69790.0,70165.0,69770.0,70105.0,1430.0
2026-02-10 18:00:00,70065.0,70105.0,69005.0,69045.0,1936.0
2026-02-10 18:30:00,69030.0,69245.0,68755.0,69040.0,1879.0
2026-02-10 19:00:00,69030.0,69150.0,68840.0,69100.0,929.0
2026-02-10 19:30:00,69110.0,69475.0,69035.0,69235.0,1078.0
2026-02-10 20:00:00,69220.0,69290.0,68850.0,68965.0,1390.0
2026-02-10 20:30:00,68965.0,69130.0,68780.0,68935.0,3808.0
2026-02-10 21:00:00,68935.0,69145.0,68795.0,68795.0,1137.0
2026-02-10 21:30:00,68775.0,68860.0,68480.0,68820.0,1236.0
2026-02-11 14:30:00,68145.0,68380.0,66535.0,66660.0,8720.0
2026-02-11 15:00:00,66680.0,66880.0,65825.0,66265.0,6871.0
2026-02-11 15:30:00,66235.0,66920.0,66120.0,66630.0,3990.0
2026-02-11 16:00:00,66600.0,67370.0,66510.0,66720.0,3064.0
2026-02-11 16:30:00,66660.0,66825.0,66040.0,66130.0,2855.0
2026-02-11 17:00:00,66100.0,66845.0,65945.0,66765.0,2186.0
2026-02-11 17:30:00,66760.0,67035.0,66550.0,66615.0,2019.0
2026-02-11 18:00:00,66615.0,67225.0,66220.0,67020.0,2436.0
2026-02-11 18:30:00,67060.0,67450.0,66905.0,67405.0,2184.0
2026-02-11 19:00:00,67390.0,67880.0,67220.0,67555.0,2745.0
2026-02-11 19:30:00,67525.0,67995.0,67395.0,67710.0,1183.0
2026-02-11 20:00:00,67695.0,67885.0,67305.0,67305.0,1696.0
2026-02-11 20:30:00,67310.0,67790.0,67280.0,67685.0,2433.0
2026-02-11 21:00:00,67680.0,68340.0,67515.0,68285.0,1877.0
2026-02-11 21:30:00,68300.0,68450.0,67885.0,67885.0,1288.0
2026-02-12 14:30:00,68060.0,68375.0,67545.0,67650.0,4695.0
2026-02-12 15:00:00,67680.0,68060.0,67065.0,67960.0,4065.0
2026-02-12 15:30:00,67970.0,68120.0,67125.0,67200.0,3503.0
2026-02-12 16:00:00,67200.0,67320.0,66005.0,66090.0,7215.0
2026-02-12 16:30:00,66065.0,66625.0,65600.0,65900.0,5105.0
2026-02-12 17:00:00,65890.0,66325.0,65575.0,66200.0,3107.0
2026-02-12 17:30:00,66195.0,66245.0,65385.0,65435.0,3013.0
2026-02-12 18:00:00,65435.0,65855.0,65275.0,65345.0,2472.0
2026-02-12 18:30:00,65345.0,65790.0,65180.0,65655.0,1973.0
2026-02-12 19:00:00,65655.0,66025.0,65305.0,65830.0,1872.0
2026-02-12 19:30:00,65845.0,66210.0,65830.0,65865.0,1630.0
2026-02-12 20:00:00,65875.0,66135.0,65545.0,65580.0,1144.0
2026-02-12 20:30:00,65580.0,65755.0,65255.0,65490.0,3650.0
2026-02-12 21:00:00,65490.0,65865.0,65475.0,65675.0,1274.0
2026-02-12 21:30:00,65700.0,65955.0,65650.0,65830.0,634.0
2026-02-13 14:30:00,67415.0,68155.0,66925.0,67840.0,10074.0
2026-02-13 15:00:00,67880.0,69050.0,67790.0,69050.0,7007.0
2026-02-13 15:30:00,69055.0,69435.0,68490.0,68790.0,7077.0
2026-02-13 16:00:00,68785.0,69295.0,68635.0,69210.0,4523.0
2026-02-13 16:30:00,69190.0,69600.0,69000.0,69060.0,2934.0
2026-02-13 17:00:00,69075.0,69280.0,68745.0,69070.0,2791.0
2026-02-13 17:30:00,69090.0,69390.0,69055.0,69145.0,1262.0
2026-02-13 18:00:00,69165.0,69345.0,69020.0,69185.0,1752.0
2026-02-13 18:30:00,69180.0,69530.0,69120.0,69240.0,1353.0
2026-02-13 19:00:00,69225.0,69360.0,69080.0,69125.0,943.0
2026-02-13 19:30:00,69115.0,69240.0,69010.0,69040.0,1380.0
2026-02-13 20:00:00,69030.0,69095.0,68805.0,68925.0,1524.0
2026-02-13 20:30:00,68920.0,69070.0,68770.0,68845.0,3435.0
2026-02-13 21:00:00,68855.0,69205.0,68810.0,69005.0,1972.0
2026-02-13 21:30:00,69025.0,69055.0,68880.0,69000.0,692.0
2026-02-17 14:30:00,68085.0,68320.0,66700.0,66875.0,7012.0
2026-02-17 15:00:00,66850.0,67250.0,66745.0,66865.0,2558.0
2026-02-17 15:30:00,66900.0,67470.0,66625.0,67415.0,3143.0
2026-02-17 16:00:00,67460.0,68045.0,67370.0,67590.0,3621.0
2026-02-17 16:30:00,67585.0,68230.0,67480.0,67575.0,2438.0
2026-02-17 17:00:00,67575.0,67780.0,67130.0,67540.0,1562.0
2026-02-17 17:30:00,67550.0,67575.0,66910.0,67310.0,2283.0
2026-02-17 18:00:00,67310.0,67905.0,67175.0,67815.0,1699.0
2026-02-17 18:30:00,67815.0,68285.0,67760.0,68175.0,2565.0
2026-02-17 19:00:00,68175.0,68340.0,67930.0,67935.0,1361.0
2026-02-17 19:30:00,67970.0,68140.0,67815.0,67850.0,790.0
2026-02-17 20:00:00,67875.0,67920.0,67540.0,67820.0,1025.0
2026-02-17 20:30:00,67815.0,68010.0,67605.0,67835.0,1009.0
2026-02-17 21:00:00,67820.0,68000.0,67610.0,67620.0,1086.0
2026-02-17 21:30:00,67625.0,67750.0,67595.0,67750.0,521.0
2026-02-18 14:30:00,67120.0,67410.0,66745.0,67280.0,5174.0
2026-02-18 15:00:00,67290.0,67635.0,67260.0,67395.0,3005.0
2026-02-18 15:30:00,67390.0,68455.0,67380.0,67775.0,5064.0
2026-02-18 16:00:00,67785.0,67790.0,67030.0,67340.0,5036.0
2026-02-18 16:30:00,67335.0,67395.0,67080.0,67195.0,1256.0
2026-02-18 17:00:00,67200.0,67570.0,67105.0,67190.0,1139.0
2026-02-18 17:30:00,67200.0,67325.0,67150.0,67270.0,1316.0
2026-02-18 18:00:00,67275.0,67320.0,66700.0,66925.0,2566.0
2026-02-18 18:30:00,66920.0,67005.0,66210.0,66425.0,4692.0
2026-02-18 19:00:00,66390.0,66700.0,66150.0,66260.0,1619.0
2026-02-18 19:30:00,66305.0,66435.0,65880.0,66225.0,2632.0
2026-02-18 20:00:00,66230.0,66450.0,66180.0,66415.0,1047.0
2026-02-18 20:30:00,66365.0,66615.0,66250.0,66325.0,2714.0
2026-02-18 21:00:00,66330.0,66450.0,66155.0,66445.0,1840.0
2026-02-18 21:30:00,66455.0,66520.0,66295.0,66415.0,546.0
2026-02-19 14:30:00,66040.0,66775.0,65670.0,66480.0,5717.0
2026-02-19 15:00:00,66500.0,66840.0,66015.0,66085.0,2970.0
2026-02-19 15:30:00,66095.0,66680.0,66025.0,66480.0,1725.0
2026-02-19 16:00:00,66445.0,66465.0,65920.0,66230.0,1191.0
2026-02-19 16:30:00,66280.0,66595.0,66260.0,66385.0,1226.0
2026-02-19 17:00:00,66360.0,67155.0,66330.0,66680.0,3384.0
2026-02-19 17:30:00,66690.0,66815.0,66210.0,66410.0,2594.0
2026-02-19 18:00:00,66430.0,67015.0,66290.0,66970.0,1702.0
2026-02-19 18:30:00,66990.0,67175.0,66780.0,67110.0,2012.0
2026-02-19 19:00:00,67115.0,67315.0,66935.0,66995.0,1458.0
2026-02-19 19:30:00,67015.0,67220.0,66780.0,67145.0,1297.0
2026-02-19 20:00:00,67140.0,67230.0,66900.0,67025.0,995.0
2026-02-19 20:30:00,67005.0,67280.0,66975.0,67230.0,1792.0
2026-02-19 21:00:00,67215.0,67265.0,67080.0,67100.0,1198.0
2026-02-19 21:30:00,67135.0,67205.0,66990.0,67035.0,788.0
2026-02-20 14:30:00,67085.0,67420.0,66945.0,67155.0,3087.0
2026-02-20 15:00:00,67185.0,68200.0,66605.0,67560.0,7376.0
2026-02-20 15:30:00,67555.0,67760.0,67015.0,67660.0,2681.0
2026-02-20 16:00:00,67695.0,68030.0,67400.0,67420.0,2791.0
2026-02-20 16:30:00,67400.0,68005.0,67385.0,67895.0,1543.0
2026-02-20 17:00:00,67885.0,67890.0,67075.0,67105.0,2927.0
2026-02-20 17:30:00,67080.0,67765.0,67015.0,67715.0,5017.0
2026-02-20 18:00:00,67715.0,67890.0,67535.0,67780.0,1556.0
2026-02-20 18:30:00,67745.0,68140.0,67625.0,68050.0,2789.0
2026-02-20 19:00:00,68050.0,68130.0,67650.0,67730.0,1364.0
2026-02-20 19:30:00,67755.0,67950.0,67640.0,67730.0,668.0
2026-02-20 20:00:00,67735.0,67945.0,67670.0,67680.0,547.0
2026-02-20 20:30:00,67680.0,67875.0,67610.0,67820.0,1902.0
2026-02-20 21:00:00,67820.0,67940.0,67710.0,67835.0,1996.0
2026-02-20 21:30:00,67840.0,67940.0,67795.0,67870.0,477.0
2026-02-23 14:30:00,66140.0,66305.0,65530.0,65985.0,4676.0
2026-02-23 15:00:00,66000.0,66315.0,65760.0,65850.0,2502.0
2026-02-23 15:30:00,65845.0,66000.0,65610.0,65690.0,2207.0
2026-02-23 16:00:00,65665.0,65735.0,65205.0,65685.0,3228.0
2026-02-23 16:30:00,65680.0,65780.0,65340.0,65410.0,1132.0
2026-02-23 17:00:00,65435.0,65505.0,64595.0,64595.0,2419.0
2026-02-23 17:30:00,64600.0,64820.0,64185.0,64820.0,4118.0
2026-02-23 18:00:00,64850.0,64960.0,64630.0,64860.0,1437.0
2026-02-23 18:30:00,64875.0,65225.0,64620.0,64685.0,1319.0
2026-02-23 19:00:00,64680.0,64905.0,64410.0,64495.0,1488.0
2026-02-23 19:30:00,64480.0,64600.0,64120.0,64325.0,2130.0
2026-02-23 20:00:00,64315.0,64400.0,63920.0,64055.0,1533.0
2026-02-23 20:30:00,64055.0,64550.0,64055.0,64530.0,2428.0
2026-02-23 21:00:00,64525.0,64780.0,64510.0,64625.0,2628.0
2026-02-23 21:30:00,64630.0,64845.0,64590.0,64625.0,794.0
2026-02-24 14:30:00,63050.0,63920.0,62830.0,63540.0,4949.0
2026-02-24 15:00:00,63550.0,64055.0,63360.0,64015.0,3103.0
2026-02-24 15:30:00,64025.0,64135.0,63735.0,64045.0,1810.0
2026-02-24 16:00:00,64050.0,64530.0,63945.0,64030.0,2439.0
2026-02-24 16:30:00,64005.0,64365.0,63770.0,64355.0,1931.0
2026-02-24 17:00:00,64355.0,64595.0,64195.0,64235.0,2076.0
2026-02-24 17:30:00,64250.0,64355.0,64125.0,64305.0,669.0
2026-02-24 18:00:00,64280.0,64475.0,63985.0,64360.0,1166.0
2026-02-24 18:30:00,64385.0,64590.0,64355.0,64495.0,1073.0
2026-02-24 19:00:00,64500.0,64805.0,64300.0,64380.0,1141.0
2026-02-24 19:30:00,64370.0,64590.0,64360.0,64510.0,467.0
2026-02-24 20:00:00,64515.0,64590.0,64360.0,64545.0,621.0
2026-02-24 20:30:00,64535.0,64655.0,64435.0,64535.0,1066.0
2026-02-24 21:00:00,64530.0,64530.0,63910.0,63995.0,1130.0
2026-02-24 21:30:00,64005.0,64160.0,63955.0,64105.0,581.0
2026-02-25 14:30:00,66895.0,67380.0,66465.0,67330.0,1423.0
2026-02-25 15:00:00,67320.0,67620.0,67045.0,67410.0,812.0
2026-02-25 15:30:00,67415.0,67950.0,67305.0,67750.0,717.0
2026-02-25 16:00:00,67795.0,68450.0,67775.0,68245.0,870.0
2026-02-25 16:30:00,68240.0,68700.0,68180.0,68670.0,615.0
2026-02-25 17:00:00,68650.0,69085.0,68400.0,68970.0,1154.0
2026-02-25 17:30:00,68920.0,69265.0,68785.0,69040.0,882.0
2026-02-25 18:00:00,69050.0,69825.0,68740.0,69725.0,1268.0
2026-02-25 18:30:00,69730.0,69905.0,69565.0,69705.0,813.0
2026-02-25 19:00:00,69755.0,69785.0,69160.0,69340.0,897.0
2026-02-25 19:30:00,69355.0,69465.0,69140.0,69425.0,389.0
2026-02-25 20:00:00,69410.0,69455.0,68980.0,69170.0,479.0
2026-02-25 20:30:00,69165.0,69760.0,69165.0,69480.0,1771.0
2026-02-25 21:00:00,69500.0,69585.0,69200.0,69200.0,361.0
2026-02-25 21:30:00,69160.0,70360.0,69145.0,69305.0,1026.0
2026-02-26 14:30:00,68420.0,68600.0,67570.0,68025.0,2383.0
2026-02-26 15:00:00,68020.0,68060.0,67145.0,67295.0,2274.0
2026-02-26 15:30:00,67250.0,67965.0,67035.0,67715.0,2282.0
2026-02-26 16:00:00,67735.0,67880.0,67360.0,67775.0,1043.0
2026-02-26 16:30:00,67770.0,67795.0,66785.0,66915.0,1511.0
2026-02-26 17:00:00,66920.0,67380.0,66875.0,67270.0,798.0
2026-02-26 17:30:00,67250.0,67350.0,66935.0,67170.0,545.0
2026-02-26 18:00:00,67195.0,67350.0,66865.0,67180.0,590.0
2026-02-26 18:30:00,67175.0,67720.0,67170.0,67620.0,1181.0
2026-02-26 19:00:00,67625.0,68295.0,67625.0,67845.0,1814.0
2026-02-26 19:30:00,67870.0,68055.0,67715.0,67920.0,657.0
2026-02-26 20:00:00,67915.0,68150.0,67875.0,67890.0,945.0
2026-02-26 20:30:00,67850.0,67900.0,67615.0,67750.0,871.0
2026-02-26 21:00:00,67780.0,67855.0,67455.0,67825.0,707.0
2026-02-26 21:30:00,67820.0,67945.0,67720.0,67740.0,395.0
2026-02-27 14:30:00,66410.0,66640.0,65955.0,66160.0,3554.0
2026-02-27 15:00:00,66150.0,66565.0,66115.0,66410.0,3746.0
2026-02-27 15:30:00,66410.0,66625.0,66155.0,66400.0,1803.0
2026-02-27 16:00:00,66395.0,66415.0,66030.0,66305.0,2112.0
2026-02-27 16:30:00,66305.0,66375.0,65730.0,65765.0,2352.0
2026-02-27 17:00:00,65770.0,65990.0,65465.0,65480.0,2376.0
2026-02-27 17:30:00,65465.0,66040.0,65380.0,65990.0,2231.0
2026-02-27 18:00:00,66005.0,66070.0,65670.0,65895.0,1394.0
2026-02-27 18:30:00,65880.0,65970.0,65510.0,65595.0,1485.0
2026-02-27 19:00:00,65590.0,65740.0,65450.0,65615.0,1294.0
2026-02-27 19:30:00,65620.0,65760.0,65520.0,65685.0,823.0
2026-02-27 20:00:00,65690.0,65950.0,65670.0,65875.0,948.0
2026-02-27 20:30:00,65875.0,65985.0,65750.0,65900.0,2212.0
2026-02-27 21:00:00,65895.0,66030.0,65775.0,65980.0,1664.0
2026-02-27 21:30:00,65990.0,66010.0,65670.0,65775.0,560.0
2026-03-02 14:30:00,65840.0,67560.0,65825.0,67530.0,7333.0
2026-03-02 15:00:00,67515.0,69175.0,67265.0,68950.0,11176.0
2026-03-02 15:30:00,68955.0,69975.0,68825.0,69505.0,7125.0
2026-03-02 16:00:00,69480.0,70145.0,69295.0,69750.0,4107.0
2026-03-02 16:30:00,69790.0,70445.0,69400.0,69785.0,4756.0
2026-03-02 17:00:00,69790.0,69930.0,69535.0,69720.0,1327.0
2026-03-02 17:30:00,69720.0,69780.0,69105.0,69515.0,2244.0
2026-03-02 18:00:00,69515.0,69530.0,69035.0,69380.0,1737.0
2026-03-02 18:30:00,69420.0,69600.0,69105.0,69205.0,2270.0
2026-03-02 19:00:00,69200.0,69270.0,68855.0,69125.0,3682.0
2026-03-02 19:30:00,69140.0,69330.0,69005.0,69250.0,2299.0
2026-03-02 20:00:00,69215.0,69520.0,68860.0,69275.0,2867.0
2026-03-02 20:30:00,69290.0,69825.0,69230.0,69405.0,3122.0
2026-03-02 21:00:00,69400.0,69740.0,69280.0,69725.0,1653.0
2026-03-02 21:30:00,69740.0,69855.0,69670.0,69730.0,1155.0
2026-03-03 14:30:00,67315.0,67785.0,66365.0,66780.0,6437.0
2026-03-03 15:00:00,66760.0,67240.0,66640.0,67050.0,3263.0
2026-03-03 15:30:00,67055.0,68065.0,67055.0,68000.0,3416.0
2026-03-03 16:00:00,68005.0,69290.0,67900.0,69095.0,10518.0
2026-03-03 16:30:00,69075.0,69075.0,67735.0,68455.0,6899.0
2026-03-03 17:00:00,68465.0,68570.0,67890.0,68530.0,3120.0
2026-03-03 17:30:00,68465.0,68695.0,67990.0,68595.0,1534.0
2026-03-03 18:00:00,68595.0,68880.0,68225.0,68725.0,2119.0
2026-03-03 18:30:00,68720.0,69185.0,68710.0,68875.0,1763.0
2026-03-03 19:00:00,68930.0,69175.0,68580.0,68910.0,1776.0
2026-03-03 19:30:00,68955.0,69070.0,68620.0,68670.0,1841.0
2026-03-03 20:00:00,68675.0,68755.0,68405.0,68640.0,1236.0
2026-03-03 20:30:00,68645.0,68865.0,68325.0,68500.0,1828.0
2026-03-03 21:00:00,68510.0,68510.0,68070.0,68175.0,2140.0
2026-03-03 21:30:00,68175.0,68330.0,68145.0,68250.0,439.0
2026-03-04 14:30:00,72055.0,72940.0,71585.0,71955.0,10399.0
2026-03-04 15:00:00,71955.0,73355.0,71920.0,73345.0,7990.0
2026-03-04 15:30:00,73345.0,73870.0,72910.0,73780.0,6517.0
2026-03-04 16:00:00,73780.0,73900.0,72825.0,73300.0,5012.0
2026-03-04 16:30:00,73310.0,73830.0,73250.0,73650.0,2543.0
2026-03-04 17:00:00,73660.0,74140.0,73305.0,73430.0,4452.0
2026-03-04 17:30:00,73450.0,73725.0,73380.0,73540.0,2929.0
2026-03-04 18:00:00,73525.0,73765.0,73225.0,73755.0,1930.0
2026-03-04 18:30:00,73735.0,74030.0,73480.0,74010.0,1981.0
2026-03-04 19:00:00,74010.0,74365.0,73840.0,73890.0,4508.0
2026-03-04 19:30:00,73900.0,74200.0,73850.0,73945.0,1392.0
2026-03-04 20:00:00,73935.0,74060.0,73610.0,73810.0,1824.0
2026-03-04 20:30:00,73815.0,73915.0,73325.0,73375.0,3180.0
2026-03-04 21:00:00,73370.0,73535.0,73170.0,73450.0,2703.0
2026-03-04 21:30:00,73440.0,73615.0,73350.0,73615.0,647.0
2026-03-05 14:30:00,72795.0,73090.0,72190.0,72880.0,5058.0
2026-03-05 15:00:00,72890.0,73025.0,71435.0,71500.0,5734.0
2026-03-05 15:30:00,71500.0,72010.0,71360.0,71905.0,3306.0
2026-03-05 16:00:00,71910.0,71910.0,71015.0,71215.0,3922.0
2026-03-05 16:30:00,71220.0,71905.0,71210.0,71535.0,2159.0
2026-03-05 17:00:00,71540.0,71820.0,71085.0,71135.0,2558.0
2026-03-05 17:30:00,71120.0,71230.0,70825.0,70900.0,2485.0
2026-03-05 18:00:00,70930.0,71285.0,70835.0,71040.0,1118.0
2026-03-05 18:30:00,71065.0,71295.0,71000.0,71220.0,999.0
2026-03-05 19:00:00,71220.0,71650.0,71195.0,71290.0,1676.0
2026-03-05 19:30:00,71300.0,71370.0,71055.0,71155.0,903.0
2026-03-05 20:00:00,71170.0,71570.0,71040.0,71375.0,1679.0
2026-03-05 20:30:00,71380.0,71610.0,71225.0,71475.0,2029.0
2026-03-05 21:00:00,71470.0,71780.0,71450.0,71740.0,964.0
2026-03-05 21:30:00,71760.0,71800.0,71235.0,71340.0,856.0
2026-03-06 14:30:00,69160.0,69280.0,68290.0,68555.0,5481.0
2026-03-06 15:00:00,68570.0,69210.0,68465.0,69045.0,3602.0
2026-03-06 15:30:00,69050.0,69305.0,68430.0,68665.0,2878.0
2026-03-06 16:00:00,68655.0,68970.0,68375.0,68690.0,2458.0
2026-03-06 16:30:00,68680.0,68880.0,68475.0,68605.0,1190.0
2026-03-06 17:00:00,68585.0,68820.0,68340.0,68400.0,1090.0
2026-03-06 17:30:00,68410.0,68465.0,67870.0,68095.0,2993.0
2026-03-06 18:00:00,68095.0,68615.0,68080.0,68455.0,1665.0
2026-03-06 18:30:00,68470.0,68655.0,68320.0,68330.0,912.0
2026-03-06 19:00:00,68355.0,68645.0,68270.0,68360.0,802.0
2026-03-06 19:30:00,68370.0,68475.0,68130.0,68270.0,775.0
2026-03-06 20:00:00,68275.0,68455.0,67905.0,67975.0,1800.0
2026-03-06 20:30:00,67950.0,68375.0,67930.0,68300.0,2844.0
2026-03-06 21:00:00,68290.0,68345.0,68055.0,68155.0,1489.0
2026-03-06 21:30:00,68125.0,68475.0,68115.0,68435.0,931.0
2026-03-09 13:30:00,68945.0,69510.0,68915.0,69200.0,6123.0
2026-03-09 14:00:00,69145.0,69480.0,68895.0,69325.0,4173.0
2026-03-09 14:30:00,69355.0,69690.0,69270.0,69360.0,3523.0
2026-03-09 15:00:00,69360.0,69460.0,69160.0,69300.0,1749.0
2026-03-09 15:30:00,69300.0,69395.0,68945.0,69075.0,1868.0
2026-03-09 16:00:00,69080.0,69260.0,68925.0,69160.0,1565.0
2026-03-09 16:30:00,69160.0,69430.0,68810.0,69150.0,1722.0
2026-03-09 17:00:00,69160.0,69260.0,68790.0,68800.0,846.0
2026-03-09 17:30:00,68785.0,68925.0,68430.0,68780.0,2196.0
2026-03-09 18:00:00,68760.0,68825.0,68390.0,68715.0,1195.0
2026-03-09 18:30:00,68810.0,68880.0,68480.0,68525.0,971.0
2026-03-09 19:00:00,68535.0,69590.0,68525.0,69585.0,3472.0
2026-03-09 19:30:00,69570.0,69750.0,68980.0,69185.0,5188.0
2026-03-09 20:00:00,69195.0,69360.0,69065.0,69140.0,1366.0
2026-03-09 20:30:00,69110.0,69200.0,68925.0,69155.0,1376.0
2026-03-10 13:30:00,71050.0,71120.0,69860.0,70075.0,5733.0
2026-03-10 14:00:00,70085.0,70315.0,69440.0,69960.0,5412.0
2026-03-10 14:30:00,69975.0,71760.0,69950.0,71715.0,6757.0
2026-03-10 15:00:00,71705.0,72025.0,71215.0,71615.0,4711.0
2026-03-10 15:30:00,71595.0,71865.0,71125.0,71560.0,2228.0
2026-03-10 16:00:00,71575.0,71930.0,71165.0,71635.0,2320.0
2026-03-10 16:30:00,71615.0,71700.0,71390.0,71495.0,1206.0
2026-03-10 17:00:00,71495.0,71685.0,71215.0,71285.0,810.0
2026-03-10 17:30:00,71285.0,71450.0,70730.0,71110.0,2627.0
2026-03-10 18:00:00,71080.0,71140.0,70250.0,70510.0,3829.0
2026-03-10 18:30:00,70550.0,70670.0,70050.0,70190.0,1865.0
2026-03-10 19:00:00,70190.0,70475.0,70030.0,70130.0,1072.0
2026-03-10 19:30:00,70125.0,70280.0,69875.0,70195.0,1947.0
2026-03-10 20:00:00,70195.0,70450.0,70160.0,70410.0,1115.0
2026-03-10 20:30:00,70405.0,70500.0,70355.0,70385.0,381.0
2026-03-11 13:30:00,70430.0,71315.0,69955.0,70345.0,7520.0
2026-03-11 14:00:00,70345.0,70960.0,70135.0,70855.0,4464.0
2026-03-11 14:30:00,70850.0,71225.0,70615.0,70750.0,2699.0
2026-03-11 15:00:00,70800.0,70880.0,70155.0,70380.0,2250.0
2026-03-11 15:30:00,70350.0,70520.0,69845.0,70395.0,2320.0
2026-03-11 16:00:00,70420.0,70800.0,70340.0,70670.0,1387.0
2026-03-11 16:30:00,70665.0,71065.0,70665.0,70790.0,2268.0
2026-03-11 17:00:00,70800.0,71570.0,70770.0,71495.0,2246.0
2026-03-11 17:30:00,71495.0,71560.0,70700.0,71000.0,2372.0
2026-03-11 18:00:00,71015.0,71125.0,70835.0,70935.0,1510.0
2026-03-11 18:30:00,70925.0,70995.0,70635.0,70835.0,1755.0
2026-03-11 19:00:00,70860.0,70865.0,70560.0,70735.0,1064.0
2026-03-11 19:30:00,70750.0,70970.0,70685.0,70845.0,1534.0
2026-03-11 20:00:00,70850.0,70865.0,70570.0,70610.0,1133.0
2026-03-11 20:30:00,70640.0,70880.0,70625.0,70780.0,949.0
2026-03-12 13:30:00,70230.0,70640.0,69825.0,70120.0,5789.0
2026-03-12 14:00:00,70135.0,70855.0,70045.0,70110.0,5128.0
2026-03-12 14:30:00,70100.0,70150.0,69475.0,69725.0,5067.0
2026-03-12 15:00:00,69740.0,70635.0,69615.0,70505.0,4178.0
2026-03-12 15:30:00,70485.0,70790.0,70340.0,70525.0,4213.0
2026-03-12 16:00:00,70525.0,70805.0,70070.0,70230.0,5714.0
2026-03-12 16:30:00,70200.0,70720.0,70195.0,70575.0,2106.0
2026-03-12 17:00:00,70585.0,70775.0,70370.0,70515.0,1677.0
2026-03-12 17:30:00,70525.0,70645.0,70235.0,70385.0,947.0
2026-03-12 18:00:00,70405.0,70520.0,70035.0,70185.0,1568.0
2026-03-12 18:30:00,70190.0,70300.0,69950.0,69975.0,1022.0
2026-03-12 19:00:00,69970.0,70395.0,69905.0,70390.0,983.0
2026-03-12 19:30:00,70405.0,70730.0,70405.0,70615.0,1455.0
2026-03-12 20:00:00,70615.0,70770.0,70455.0,70490.0,1106.0
2026-03-12 20:30:00,70460.0,70460.0,70280.0,70355.0,610.0
2026-03-13 13:30:00,73265.0,73895.0,72980.0,73635.0,7944.0
2026-03-13 14:00:00,73650.0,74200.0,73525.0,74005.0,4625.0
2026-03-13 14:30:00,74010.0,74205.0,72540.0,72595.0,10227.0
2026-03-13 15:00:00,72575.0,73070.0,72335.0,72660.0,4826.0
2026-03-13 15:30:00,72660.0,72795.0,71875.0,71975.0,5927.0
2026-03-13 16:00:00,71995.0,72115.0,71270.0,71510.0,6610.0
2026-03-13 16:30:00,71505.0,72305.0,71505.0,72070.0,4498.0
2026-03-13 17:00:00,72060.0,72465.0,71780.0,71840.0,2580.0
2026-03-13 17:30:00,71855.0,71880.0,71025.0,71190.0,5308.0
2026-03-13 18:00:00,71180.0,71400.0,70985.0,71370.0,2567.0
2026-03-13 18:30:00,71360.0,71520.0,71150.0,71195.0,1190.0
2026-03-13 19:00:00,71220.0,71495.0,71130.0,71205.0,1197.0
2026-03-13 19:30:00,71235.0,71415.0,71170.0,71335.0,1927.0
2026-03-13 20:00:00,71350.0,71650.0,71300.0,71480.0,1793.0
2026-03-13 20:30:00,71480.0,71665.0,71455.0,71540.0,1147.0
2026-03-16 13:30:00,74045.0,74750.0,74000.0,74315.0,5511.0
2026-03-16 14:00:00,74325.0,74665.0,73730.0,73740.0,2381.0
2026-03-16 14:30:00,73745.0,73770.0,73100.0,73705.0,4997.0
2026-03-16 15:00:00,73755.0,74100.0,73470.0,74005.0,1719.0
2026-03-16 15:30:00,74030.0,74230.0,73300.0,73385.0,2031.0
2026-03-16 16:00:00,73390.0,73650.0,73275.0,73530.0,1117.0
2026-03-16 16:30:00,73530.0,74050.0,73415.0,73915.0,1132.0
2026-03-16 17:00:00,73910.0,74110.0,73815.0,73815.0,598.0
2026-03-16 17:30:00,73865.0,74170.0,73770.0,74075.0,1037.0
2026-03-16 18:00:00,74070.0,74490.0,74045.0,74390.0,1520.0
2026-03-16 18:30:00,74415.0,74505.0,73980.0,74040.0,981.0
2026-03-16 19:00:00,74055.0,74540.0,73915.0,74225.0,1283.0
2026-03-16 19:30:00,74250.0,74380.0,73950.0,74105.0,1473.0
2026-03-16 20:00:00,74100.0,74230.0,73970.0,74125.0,739.0
2026-03-16 20:30:00,74130.0,74380.0,74130.0,74335.0,542.0
2026-03-17 13:30:00,73835.0,74320.0,73490.0,73740.0,4896.0
2026-03-17 14:00:00,73780.0,74110.0,73550.0,74060.0,1613.0
2026-03-17 14:30:00,74045.0,74620.0,74045.0,74575.0,3264.0
2026-03-17 15:00:00,74590.0,75110.0,74150.0,74205.0,4618.0
2026-03-17 15:30:00,74235.0,74355.0,73805.0,74090.0,2092.0
2026-03-17 16:00:00,74100.0,74540.0,74025.0,74390.0,1495.0
2026-03-17 16:30:00,74390.0,74435.0,74155.0,74320.0,873.0
2026-03-17 17:00:00,74360.0,74620.0,74160.0,74460.0,893.0
2026-03-17 17:30:00,74470.0,74790.0,74390.0,74705.0,1230.0
2026-03-17 18:00:00,74700.0,74860.0,74570.0,74575.0,1078.0
2026-03-17 18:30:00,74575.0,74970.0,74575.0,74860.0,766.0
2026-03-17 19:00:00,74870.0,74995.0,74720.0,74810.0,1110.0
2026-03-17 19:30:00,74810.0,74950.0,74565.0,74685.0,1174.0
2026-03-17 20:00:00,74695.0,74855.0,74525.0,74820.0,947.0
2026-03-17 20:30:00,74775.0,74795.0,74625.0,74640.0,500.0
2026-03-18 13:30:00,72560.0,72650.0,72040.0,72205.0,4082.0
2026-03-18 14:00:00,72230.0,72325.0,71680.0,71720.0,3195.0
2026-03-18 14:30:00,71720.0,71935.0,71205.0,71270.0,2959.0
2026-03-18 15:00:00,71260.0,71545.0,70935.0,71350.0,3744.0
2026-03-18 15:30:00,71345.0,71610.0,71270.0,71550.0,1585.0
2026-03-18 16:00:00,71510.0,71625.0,71155.0,71300.0,1157.0
2026-03-18 16:30:00,71265.0,71540.0,71100.0,71380.0,1328.0
2026-03-18 17:00:00,71390.0,71580.0,71250.0,71575.0,524.0
2026-03-18 17:30:00,71550.0,71840.0,71410.0,71710.0,1063.0
2026-03-18 18:00:00,71680.0,72115.0,71655.0,71780.0,1588.0
2026-03-18 18:30:00,71765.0,71955.0,71015.0,71175.0,2640.0
2026-03-18 19:00:00,71175.0,71570.0,71145.0,71325.0,1450.0
2026-03-18 19:30:00,71355.0,71415.0,71015.0,71115.0,1967.0
2026-03-18 20:00:00,71120.0,71155.0,70570.0,71040.0,2492.0
2026-03-18 20:30:00,71060.0,71405.0,71040.0,71280.0,1168.0
2026-03-19 13:30:00,69380.0,70190.0,69280.0,70005.0,4461.0
2026-03-19 14:00:00,69995.0,70255.0,69150.0,69220.0,2803.0
2026-03-19 14:30:00,69210.0,69670.0,69130.0,69580.0,2722.0
2026-03-19 15:00:00,69540.0,70010.0,69255.0,69260.0,2745.0
2026-03-19 15:30:00,69260.0,69630.0,68820.0,69480.0,4335.0
2026-03-19 16:00:00,69480.0,69665.0,69225.0,69580.0,1543.0
2026-03-19 16:30:00,69545.0,69715.0,69275.0,69530.0,1592.0
2026-03-19 17:00:00,69530.0,69825.0,69160.0,69730.0,1756.0
2026-03-19 17:30:00,69785.0,70050.0,69555.0,69950.0,1741.0
2026-03-19 18:00:00,69945.0,70035.0,69715.0,69740.0,968.0
2026-03-19 18:30:00,69765.0,69950.0,69640.0,69905.0,1093.0
2026-03-19 19:00:00,69910.0,70715.0,69885.0,70370.0,5478.0
2026-03-19 19:30:00,70345.0,70590.0,70205.0,70345.0,2330.0
2026-03-19 20:00:00,70335.0,70545.0,70245.0,70415.0,903.0
2026-03-19 20:30:00,70415.0,70700.0,70385.0,70525.0,776.0
2026-03-20 13:30:00,70575.0,70610.0,69820.0,69910.0,5258.0
2026-03-20 14:00:00,69905.0,70160.0,69605.0,69985.0,4514.0
2026-03-20 14:30:00,70030.0,70355.0,69690.0,69770.0,3103.0
2026-03-20 15:00:00,69805.0,70090.0,69515.0,69865.0,2462.0
2026-03-20 15:30:00,69825.0,70075.0,69800.0,69910.0,1391.0
2026-03-20 16:00:00,69920.0,70180.0,69900.0,70090.0,1317.0
2026-03-20 16:30:00,70095.0,70095.0,69625.0,69875.0,1052.0
2026-03-20 17:00:00,69900.0,69995.0,69660.0,69670.0,1216.0
2026-03-20 17:30:00,69690.0,70065.0,69420.0,70030.0,1525.0
2026-03-20 18:00:00,70020.0,70120.0,69680.0,69705.0,1011.0
2026-03-20 18:30:00,69735.0,69990.0,69575.0,69790.0,2892.0
2026-03-20 19:00:00,69835.0,70045.0,69725.0,69910.0,1710.0
2026-03-20 19:30:00,69955.0,70280.0,69695.0,70240.0,3274.0
2026-03-20 20:00:00,70245.0,70350.0,70030.0,70055.0,2900.0
2026-03-20 20:30:00,70070.0,70170.0,69825.0,70155.0,1792.0
2026-03-23 13:30:00,70860.0,71700.0,70700.0,71585.0,5438.0
2026-03-23 14:00:00,71570.0,71920.0,71360.0,71410.0,3220.0
2026-03-23 14:30:00,71425.0,71610.0,71175.0,71540.0,1422.0
2026-03-23 15:00:00,71545.0,71765.0,70910.0,70950.0,2405.0
2026-03-23 15:30:00,70955.0,71015.0,70105.0,70145.0,4284.0
2026-03-23 16:00:00,70140.0,70595.0,70135.0,70245.0,1976.0
2026-03-23 16:30:00,70180.0,70795.0,70170.0,70610.0,1478.0
2026-03-23 17:00:00,70640.0,70805.0,70400.0,70570.0,844.0
2026-03-23 17:30:00,70610.0,71200.0,70605.0,71150.0,1374.0
2026-03-23 18:00:00,71165.0,71245.0,70930.0,70975.0,1236.0
2026-03-23 18:30:00,70965.0,71255.0,70965.0,71165.0,738.0
2026-03-23 19:00:00,71135.0,71310.0,70855.0,71075.0,916.0
2026-03-23 19:30:00,71080.0,71120.0,70665.0,70720.0,1317.0
2026-03-23 20:00:00,70710.0,70855.0,70595.0,70840.0,1116.0
2026-03-23 20:30:00,70830.0,71020.0,70805.0,70960.0,400.0
2026-03-24 13:30:00,70630.0,70840.0,69980.0,70130.0,4323.0
2026-03-24 14:00:00,70120.0,70505.0,69735.0,69990.0,2732.0
2026-03-24 14:30:00,70000.0,70150.0,69485.0,69870.0,3336.0
2026-03-24 15:00:00,69920.0,70280.0,69855.0,70045.0,2199.0
2026-03-24 15:30:00,70035.0,70190.0,69765.0,69855.0,1244.0
2026-03-24 16:00:00,69840.0,70015.0,69670.0,69805.0,991.0
2026-03-24 16:30:00,69800.0,69835.0,69345.0,69460.0,1575.0
2026-03-24 17:00:00,69470.0,69505.0,69095.0,69165.0,1720.0
2026-03-24 17:30:00,69180.0,69315.0,68930.0,69235.0,1765.0
2026-03-24 18:00:00,69250.0,69495.0,69175.0,69440.0,1142.0
2026-03-24 18:30:00,69430.0,69780.0,69370.0,69440.0,1225.0
2026-03-24 19:00:00,69425.0,69715.0,69420.0,69545.0,1317.0
2026-03-24 19:30:00,69530.0,69565.0,69275.0,69390.0,2478.0
2026-03-24 20:00:00,69385.0,70320.0,69285.0,70005.0,3443.0
2026-03-24 20:30:00,70025.0,70240.0,69915.0,70115.0,1413.0
2026-03-25 13:30:00,71935.0,72290.0,71820.0,71835.0,571.0
2026-03-25 14:00:00,71855.0,71975.0,71555.0,71670.0,331.0
2026-03-25 14:30:00,71690.0,71880.0,71500.0,71545.0,221.0
2026-03-25 15:00:00,71530.0,71600.0,70845.0,71305.0,1532.0
2026-03-25 15:30:00,71285.0,71375.0,71060.0,71120.0,358.0
2026-03-25 16:00:00,71090.0,72050.0,70980.0,71805.0,822.0
2026-03-25 16:30:00,71720.0,71930.0,71555.0,71640.0,340.0
2026-03-25 17:00:00,71615.0,71645.0,71240.0,71345.0,445.0
2026-03-25 17:30:00,71275.0,71295.0,71000.0,71050.0,485.0
2026-03-25 18:00:00,71045.0,71430.0,71000.0,71245.0,321.0
2026-03-25 18:30:00,71260.0,71265.0,70940.0,71060.0,277.0
2026-03-25 19:00:00,71075.0,71280.0,71030.0,71195.0,204.0
2026-03-25 19:30:00,71225.0,71345.0,71025.0,71150.0,579.0
2026-03-25 20:00:00,71185.0,71185.0,70940.0,70995.0,201.0
2026-03-25 20:30:00,71015.0,71350.0,71000.0,71260.0,264.0
2026-03-26 13:30:00,69580.0,70100.0,69435.0,69890.0,1682.0
2026-03-26 14:00:00,69910.0,70085.0,69610.0,69850.0,725.0
2026-03-26 14:30:00,69870.0,70035.0,69420.0,69725.0,758.0
2026-03-26 15:00:00,69730.0,69730.0,68890.0,69210.0,2093.0
2026-03-26 15:30:00,69185.0,69400.0,69070.0,69290.0,579.0
2026-03-26 16:00:00,69260.0,69285.0,69005.0,69060.0,575.0
2026-03-26 16:30:00,69050.0,69195.0,69020.0,69145.0,334.0
2026-03-26 17:00:00,69105.0,69250.0,69060.0,69245.0,302.0
2026-03-26 17:30:00,69310.0,69355.0,68560.0,68660.0,901.0
2026-03-26 18:00:00,68720.0,68800.0,68305.0,68400.0,967.0
2026-03-26 18:30:00,68360.0,68670.0,68360.0,68640.0,619.0
2026-03-26 19:00:00,68660.0,68765.0,68545.0,68600.0,377.0
2026-03-26 19:30:00,68620.0,68905.0,68515.0,68700.0,1109.0
2026-03-26 20:00:00,68725.0,69620.0,68610.0,69355.0,2181.0
2026-03-26 20:30:00,69380.0,69505.0,69115.0,69145.0,365.0
2026-03-27 13:30:00,66890.0,66930.0,66170.0,66315.0,4962.0
2026-03-27 14:00:00,66315.0,66555.0,65850.0,65865.0,2785.0
2026-03-27 14:30:00,65865.0,66430.0,65865.0,66375.0,2691.0
2026-03-27 15:00:00,66385.0,66630.0,66110.0,66485.0,2949.0
2026-03-27 15:30:00,66490.0,66805.0,66260.0,66305.0,2785.0
2026-03-27 16:00:00,66305.0,66305.0,65960.0,66130.0,2775.0
2026-03-27 16:30:00,66120.0,66360.0,65970.0,66140.0,1269.0
2026-03-27 17:00:00,66150.0,66460.0,66030.0,66040.0,1440.0
2026-03-27 17:30:00,66035.0,66100.0,65740.0,65780.0,1728.0
2026-03-27 18:00:00,65765.0,66035.0,65690.0,65915.0,1850.0
2026-03-27 18:30:00,65920.0,66100.0,65860.0,65990.0,1439.0
2026-03-27 19:00:00,65980.0,66085.0,65820.0,66075.0,1181.0
2026-03-27 19:30:00,66100.0,66275.0,66000.0,66165.0,2651.0
2026-03-27 20:00:00,66180.0,66295.0,65960.0,66035.0,1853.0
2026-03-27 20:30:00,66025.0,66250.0,65980.0,66190.0,907.0
2026-03-30 13:30:00,68095.0,68280.0,67640.0,67730.0,4423.0
2026-03-30 14:00:00,67755.0,67965.0,67415.0,67495.0,1940.0
2026-03-30 14:30:00,67480.0,68110.0,67265.0,68015.0,2756.0
2026-03-30 15:00:00,68025.0,68130.0,67615.0,67745.0,1727.0
2026-03-30 15:30:00,67755.0,68140.0,67660.0,67810.0,885.0
2026-03-30 16:00:00,67835.0,67855.0,67475.0,67550.0,986.0
2026-03-30 16:30:00,67555.0,67700.0,67425.0,67560.0,824.0
2026-03-30 17:00:00,67570.0,67650.0,66810.0,66955.0,2566.0
2026-03-30 17:30:00,66970.0,67185.0,66935.0,67000.0,1850.0
2026-03-30 18:00:00,66995.0,67110.0,66750.0,66865.0,1387.0
2026-03-30 18:30:00,66875.0,67000.0,66680.0,66820.0,1100.0
2026-03-30 19:00:00,66825.0,66840.0,66395.0,66475.0,1358.0
2026-03-30 19:30:00,66495.0,66745.0,66420.0,66735.0,1849.0
2026-03-30 20:00:00,66730.0,66880.0,66680.0,66810.0,798.0
2026-03-30 20:30:00,66810.0,66860.0,66700.0,66835.0,405.0
2026-03-31 13:30:00,66990.0,67640.0,66905.0,67495.0,4686.0
2026-03-31 14:00:00,67485.0,67990.0,67310.0,67975.0,4401.0
2026-03-31 14:30:00,67970.0,67985.0,66600.0,66760.0,4795.0
2026-03-31 15:00:00,66760.0,67485.0,66760.0,67150.0,1923.0
2026-03-31 15:30:00,67120.0,67365.0,66855.0,66920.0,1074.0
2026-03-31 16:00:00,66900.0,67410.0,66900.0,67280.0,796.0
2026-03-31 16:30:00,67240.0,68260.0,67135.0,67865.0,5575.0
2026-03-31 17:00:00,67850.0,68800.0,67750.0,68225.0,6424.0
2026-03-31 17:30:00,68225.0,68350.0,67580.0,67695.0,3038.0
2026-03-31 18:00:00,67715.0,68135.0,67705.0,67980.0,1358.0
2026-03-31 18:30:00,67960.0,68155.0,67835.0,68030.0,712.0
2026-03-31 19:00:00,68025.0,68205.0,68010.0,68045.0,1053.0
2026-03-31 19:30:00,68070.0,68170.0,67880.0,68010.0,1672.0
2026-03-31 20:00:00,68005.0,68420.0,68000.0,68210.0,1049.0
2026-03-31 20:30:00,68195.0,68460.0,68145.0,68420.0,614.0
2026-04-01 13:30:00,68785.0,68900.0,68110.0,68340.0,2624.0
2026-04-01 14:00:00,68310.0,68770.0,68260.0,68750.0,1580.0
2026-04-01 14:30:00,68745.0,68900.0,68455.0,68825.0,1986.0
2026-04-01 15:00:00,68820.0,69130.0,68635.0,68980.0,1378.0
2026-04-01 15:30:00,68980.0,69220.0,68865.0,69165.0,1495.0
2026-04-01 16:00:00,69150.0,69180.0,68845.0,69085.0,956.0
2026-04-01 16:30:00,69115.0,69240.0,68950.0,69060.0,809.0
2026-04-01 17:00:00,69050.0,69425.0,68710.0,68750.0,1987.0
2026-04-01 17:30:00,68750.0,68770.0,68435.0,68445.0,1627.0
2026-04-01 18:00:00,68495.0,68495.0,68140.0,68265.0,2569.0
2026-04-01 18:30:00,68275.0,68540.0,68165.0,68265.0,1762.0
2026-04-01 19:00:00,68275.0,68450.0,68195.0,68440.0,1503.0
2026-04-01 19:30:00,68460.0,68485.0,68230.0,68360.0,1581.0
2026-04-01 20:00:00,68365.0,68385.0,68205.0,68255.0,984.0
2026-04-01 20:30:00,68255.0,68435.0,68170.0,68375.0,896.0
2026-04-02 13:30:00,66305.0,66460.0,65850.0,66430.0,3164.0
2026-04-02 14:00:00,66440.0,66685.0,66300.0,66445.0,2541.0
2026-04-02 14:30:00,66455.0,67335.0,66445.0,67080.0,7121.0
2026-04-02 15:00:00,67085.0,67195.0,66825.0,67055.0,2094.0
2026-04-02 15:30:00,67065.0,67215.0,66895.0,67070.0,975.0
2026-04-02 16:00:00,67065.0,67195.0,66960.0,67110.0,969.0
2026-04-02 16:30:00,67100.0,67530.0,67070.0,67305.0,2173.0
2026-04-02 17:00:00,67310.0,67665.0,67080.0,67460.0,2195.0
2026-04-02 17:30:00,67480.0,67500.0,66870.0,66885.0,2142.0
2026-04-02 18:00:00,66900.0,67060.0,66800.0,66830.0,739.0
2026-04-02 18:30:00,66840.0,67300.0,66840.0,67210.0,628.0
2026-04-02 19:00:00,67230.0,67340.0,67150.0,67255.0,1574.0
2026-04-02 19:30:00,67250.0,67285.0,67100.0,67185.0,1989.0
2026-04-02 20:00:00,67190.0,67240.0,66970.0,67235.0,1420.0
2026-04-02 20:30:00,67210.0,67270.0,67105.0,67110.0,781.0
2026-04-06 13:30:00,69695.0,69780.0,69440.0,69650.0,3163.0
2026-04-06 14:00:00,69635.0,69890.0,69375.0,69775.0,2635.0
2026-04-06 14:30:00,69775.0,70080.0,69515.0,69895.0,3694.0
2026-04-06 15:00:00,69895.0,70065.0,69750.0,70000.0,2330.0
2026-04-06 15:30:00,70005.0,70255.0,69885.0,70240.0,2777.0
2026-04-06 16:00:00,70240.0,70385.0,70105.0,70170.0,2091.0
2026-04-06 16:30:00,70180.0,70630.0,70030.0,70050.0,2964.0
2026-04-06 17:00:00,70050.0,70075.0,69475.0,69760.0,4522.0
2026-04-06 17:30:00,69750.0,69875.0,69640.0,69795.0,631.0
2026-04-06 18:00:00,69810.0,70195.0,69700.0,70135.0,1559.0
2026-04-06 18:30:00,70095.0,70185.0,69915.0,70120.0,687.0
2026-04-06 19:00:00,70120.0,70140.0,69790.0,70055.0,692.0
2026-04-06 19:30:00,70060.0,70115.0,69870.0,69950.0,1293.0
2026-04-06 20:00:00,69960.0,70200.0,69830.0,70190.0,1105.0
2026-04-06 20:30:00,70205.0,70235.0,70010.0,70030.0,786.0
2026-04-07 13:30:00,68640.0,68755.0,68320.0,68370.0,2213.0
2026-04-07 14:00:00,68375.0,68405.0,67890.0,68290.0,3408.0
2026-04-07 14:30:00,68280.0,68390.0,67965.0,67965.0,1909.0
2026-04-07 15:00:00,67965.0,68355.0,67840.0,68315.0,3492.0
2026-04-07 15:30:00,68320.0,68420.0,68190.0,68305.0,1514.0
2026-04-07 16:00:00,68295.0,68620.0,68205.0,68530.0,2069.0
2026-04-07 16:30:00,68530.0,68545.0,68340.0,68380.0,533.0
2026-04-07 17:00:00,68385.0,68565.0,68340.0,68565.0,904.0
2026-04-07 17:30:00,68565.0,69210.0,68565.0,68885.0,3635.0
2026-04-07 18:00:00,68890.0,68970.0,68730.0,68820.0,611.0
2026-04-07 18:30:00,68815.0,68915.0,68495.0,68600.0,730.0
2026-04-07 19:00:00,68570.0,69000.0,68495.0,68745.0,2487.0
2026-04-07 19:30:00,68710.0,69270.0,68615.0,69175.0,3733.0
2026-04-07 20:00:00,69180.0,69765.0,69175.0,69575.0,3377.0
2026-04-07 20:30:00,69585.0,69600.0,69360.0,69510.0,837.0
2026-04-08 13:30:00,72700.0,72810.0,71670.0,71810.0,6729.0
2026-04-08 14:00:00,71815.0,71955.0,71470.0,71630.0,3494.0
2026-04-08 14:30:00,71650.0,71700.0,70810.0,71065.0,4243.0
2026-04-08 15:00:00,71085.0,71395.0,70955.0,71335.0,1340.0
2026-04-08 15:30:00,71350.0,71525.0,71250.0,71480.0,971.0
2026-04-08 16:00:00,71465.0,71680.0,71435.0,71570.0,930.0
2026-04-08 16:30:00,71575.0,71925.0,71420.0,71820.0,904.0
2026-04-08 17:00:00,71815.0,72010.0,71675.0,71845.0,934.0
2026-04-08 17:30:00,71880.0,72165.0,71825.0,72110.0,1377.0
2026-04-08 18:00:00,72120.0,72120.0,71480.0,71610.0,1159.0
2026-04-08 18:30:00,71610.0,71810.0,71240.0,71245.0,1079.0
2026-04-08 19:00:00,71260.0,71480.0,71180.0,71295.0,902.0
2026-04-08 19:30:00,71315.0,71560.0,71255.0,71515.0,1919.0
2026-04-08 20:00:00,71510.0,71660.0,71490.0,71630.0,1151.0
2026-04-08 20:30:00,71620.0,71630.0,71460.0,71575.0,274.0
2026-04-09 13:30:00,71300.0,71380.0,70780.0,70955.0,4159.0
2026-04-09 14:00:00,70955.0,71005.0,70650.0,70775.0,1621.0
2026-04-09 14:30:00,70775.0,71460.0,70745.0,71335.0,2231.0
2026-04-09 15:00:00,71320.0,71845.0,71120.0,71560.0,2757.0
2026-04-09 15:30:00,71505.0,72610.0,71500.0,72390.0,4888.0
2026-04-09 16:00:00,72400.0,72645.0,72265.0,72290.0,1782.0
2026-04-09 16:30:00,72275.0,72325.0,71950.0,72315.0,1547.0
2026-04-09 17:00:00,72310.0,72795.0,72305.0,72560.0,2119.0
2026-04-09 17:30:00,72520.0,72735.0,72310.0,72540.0,1477.0
2026-04-09 18:00:00,72560.0,72580.0,71975.0,72085.0,1702.0
2026-04-09 18:30:00,72080.0,72150.0,71915.0,72060.0,1000.0
2026-04-09 19:00:00,72055.0,72315.0,71925.0,71990.0,1652.0
2026-04-09 19:30:00,71990.0,72475.0,71990.0,72305.0,2799.0
2026-04-09 20:00:00,72290.0,72555.0,72195.0,72500.0,1445.0
2026-04-09 20:30:00,72485.0,72680.0,72450.0,72600.0,808.0
2026-04-10 13:30:00,72495.0,72610.0,72055.0,72520.0,2133.0
2026-04-10 14:00:00,72510.0,73320.0,72465.0,73200.0,4135.0
2026-04-10 14:30:00,73245.0,73420.0,72935.0,73150.0,2866.0
2026-04-10 15:00:00,73150.0,73550.0,73000.0,73010.0,1549.0
2026-04-10 15:30:00,73055.0,73085.0,72545.0,72635.0,2627.0
2026-04-10 16:00:00,72665.0,73025.0,72580.0,72975.0,1692.0
2026-04-10 16:30:00,72980.0,73260.0,72795.0,73185.0,848.0
2026-04-10 17:00:00,73190.0,73260.0,73020.0,73195.0,821.0
2026-04-10 17:30:00,73160.0,73365.0,73000.0,73365.0,665.0
2026-04-10 18:00:00,73350.0,73380.0,73090.0,73190.0,882.0
2026-04-10 18:30:00,73210.0,73355.0,73130.0,73355.0,560.0
2026-04-10 19:00:00,73345.0,73495.0,73230.0,73230.0,907.0
2026-04-10 19:30:00,73230.0,73510.0,73125.0,73470.0,1940.0
2026-04-10 20:00:00,73485.0,73545.0,73390.0,73505.0,1660.0
2026-04-10 20:30:00,73510.0,73725.0,73290.0,73615.0,2159.0
2026-04-13 13:30:00,71315.0,71830.0,70925.0,71825.0,8595.0
2026-04-13 14:00:00,71830.0,71915.0,71530.0,71805.0,2844.0
2026-04-13 14:30:00,71825.0,72605.0,71775.0,72595.0,2927.0
2026-04-13 15:00:00,72590.0,72650.0,72030.0,72130.0,2037.0
2026-04-13 15:30:00,72135.0,72135.0,71795.0,72025.0,2210.0
2026-04-13 16:00:00,72020.0,72445.0,71820.0,72425.0,1599.0
2026-04-13 16:30:00,72430.0,72640.0,72245.0,72410.0,2842.0
2026-04-13 17:00:00,72405.0,72640.0,72325.0,72640.0,892.0
2026-04-13 17:30:00,72660.0,72780.0,72255.0,72340.0,1755.0
2026-04-13 18:00:00,72300.0,72475.0,72215.0,72335.0,832.0
2026-04-13 18:30:00,72345.0,72645.0,72340.0,72600.0,642.0
2026-04-13 19:00:00,72595.0,73065.0,72460.0,73015.0,2248.0
2026-04-13 19:30:00,73015.0,73655.0,73000.0,73500.0,4226.0
2026-04-13 20:00:00,73490.0,73560.0,73205.0,73315.0,2050.0
2026-04-13 20:30:00,73310.0,73465.0,73265.0,73350.0,1119.0
2026-04-14 13:30:00,74685.0,75800.0,74685.0,75795.0,8140.0
2026-04-14 14:00:00,75795.0,76145.0,75575.0,76105.0,4314.0
2026-04-14 14:30:00,76130.0,76325.0,75225.0,75235.0,7485.0
2026-04-14 15:00:00,75240.0,75340.0,74770.0,74985.0,4928.0
2026-04-14 15:30:00,74990.0,75640.0,74975.0,75520.0,2149.0
2026-04-14 16:00:00,75520.0,75890.0,75390.0,75450.0,1763.0
2026-04-14 16:30:00,75445.0,75485.0,74710.0,74815.0,2898.0
2026-04-14 17:00:00,74810.0,75120.0,74745.0,74800.0,1841.0
2026-04-14 17:30:00,74780.0,74935.0,74395.0,74910.0,2286.0
2026-04-14 18:00:00,74925.0,74970.0,74595.0,74700.0,1229.0
2026-04-14 18:30:00,74680.0,74725.0,73980.0,74260.0,2528.0
2026-04-14 19:00:00,74255.0,74565.0,74050.0,74335.0,1327.0
2026-04-14 19:30:00,74335.0,74445.0,74200.0,74400.0,1766.0
2026-04-14 20:00:00,74400.0,74620.0,74305.0,74360.0,1341.0
2026-04-14 20:30:00,74405.0,74480.0,74170.0,74280.0,1515.0
2026-04-15 13:30:00,74540.0,74565.0,73920.0,74175.0,3253.0
2026-04-15 14:00:00,74190.0,74665.0,73915.0,74590.0,2481.0
2026-04-15 14:30:00,74595.0,74630.0,74020.0,74260.0,1884.0
2026-04-15 15:00:00,74265.0,74430.0,74080.0,74100.0,905.0
2026-04-15 15:30:00,74130.0,74130.0,73700.0,73970.0,2578.0
2026-04-15 16:00:00,73935.0,74300.0,73880.0,74215.0,759.0
2026-04-15 16:30:00,74240.0,74285.0,73905.0,74050.0,726.0
2026-04-15 17:00:00,74080.0,74370.0,74030.0,74240.0,355.0
2026-04-15 17:30:00,74275.0,74310.0,74040.0,74260.0,497.0
2026-04-15 18:00:00,74240.0,74520.0,74200.0,74340.0,1227.0
2026-04-15 18:30:00,74330.0,74550.0,74330.0,74520.0,563.0
2026-04-15 19:00:00,74540.0,74900.0,74500.0,74885.0,1972.0
2026-04-15 19:30:00,74885.0,75450.0,74885.0,75160.0,3636.0
2026-04-15 20:00:00,75170.0,75200.0,74665.0,74930.0,1449.0
2026-04-15 20:30:00,74950.0,75100.0,74790.0,75010.0,1230.0
2026-04-16 13:30:00,75125.0,75155.0,73130.0,73870.0,8181.0
2026-04-16 14:00:00,73845.0,74080.0,73470.0,73870.0,4154.0
2026-04-16 14:30:00,73860.0,74305.0,73845.0,74065.0,1926.0
2026-04-16 15:00:00,74040.0,74560.0,74030.0,74320.0,2327.0
2026-04-16 15:30:00,74320.0,75015.0,74305.0,74865.0,3110.0
2026-04-16 16:00:00,74865.0,75105.0,74695.0,74705.0,1281.0
2026-04-16 16:30:00,74720.0,74790.0,74175.0,74300.0,1804.0
2026-04-16 17:00:00,74285.0,74380.0,73990.0,74315.0,1429.0
2026-04-16 17:30:00,74360.0,74560.0,74185.0,74460.0,1259.0
2026-04-16 18:00:00,74455.0,74630.0,74345.0,74500.0,585.0
2026-04-16 18:30:00,74505.0,75235.0,74485.0,75140.0,1471.0
2026-04-16 19:00:00,75175.0,75220.0,74860.0,75160.0,1995.0
2026-04-16 19:30:00,75155.0,75575.0,75115.0,75475.0,2779.0
2026-04-16 20:00:00,75480.0,75675.0,75220.0,75340.0,1543.0
2026-04-16 20:30:00,75345.0,75430.0,75140.0,75355.0,723.0
2026-04-17 13:30:00,76770.0,77630.0,76320.0,77570.0,10397.0
2026-04-17 14:00:00,77580.0,77980.0,77200.0,77640.0,4322.0
2026-04-17 14:30:00,77710.0,78310.0,77710.0,78110.0,3748.0
2026-04-17 15:00:00,78090.0,78225.0,77790.0,77950.0,3067.0
2026-04-17 15:30:00,77960.0,78095.0,77645.0,77970.0,2534.0
2026-04-17 16:00:00,77950.0,78540.0,77895.0,78385.0,2314.0
2026-04-17 16:30:00,78395.0,78520.0,77945.0,78035.0,1582.0
2026-04-17 17:00:00,78050.0,78120.0,77265.0,77390.0,3298.0
2026-04-17 17:30:00,77400.0,77835.0,77400.0,77700.0,1081.0
2026-04-17 18:00:00,77670.0,77725.0,77235.0,77350.0,1448.0
2026-04-17 18:30:00,77375.0,77560.0,77215.0,77325.0,948.0
2026-04-17 19:00:00,77310.0,77530.0,77120.0,77405.0,1467.0
2026-04-17 19:30:00,77410.0,77640.0,77340.0,77595.0,2154.0
2026-04-17 20:00:00,77595.0,77810.0,77520.0,77540.0,1507.0
2026-04-17 20:30:00,77540.0,77585.0,77325.0,77555.0,1129.0
2026-04-20 13:30:00,75300.0,75550.0,74925.0,75340.0,2666.0
2026-04-20 14:00:00,75360.0,75895.0,75125.0,75705.0,2040.0
2026-04-20 14:30:00,75685.0,75820.0,75005.0,75135.0,2368.0
2026-04-20 15:00:00,75160.0,75890.0,74770.0,75880.0,3527.0
2026-04-20 15:30:00,75830.0,75855.0,75625.0,75840.0,2134.0
2026-04-20 16:00:00,75825.0,75840.0,75430.0,75485.0,952.0
2026-04-20 16:30:00,75500.0,75665.0,75375.0,75440.0,633.0
2026-04-20 17:00:00,75445.0,76010.0,75390.0,75835.0,1110.0
2026-04-20 17:30:00,75825.0,76075.0,75700.0,75985.0,1149.0
2026-04-20 18:00:00,76010.0,76440.0,75995.0,76220.0,3412.0
2026-04-20 18:30:00,76230.0,76570.0,76100.0,76535.0,1685.0
2026-04-20 19:00:00,76560.0,76600.0,76270.0,76320.0,1429.0
2026-04-20 19:30:00,76305.0,76440.0,76245.0,76395.0,1779.0
2026-04-20 20:00:00,76400.0,76670.0,76215.0,76440.0,2256.0
2026-04-20 20:30:00,76420.0,76430.0,76305.0,76375.0,1162.0
2026-04-21 13:30:00,76105.0,76270.0,75810.0,75965.0,2082.0
2026-04-21 14:00:00,76000.0,76385.0,75750.0,76200.0,1634.0
2026-04-21 14:30:00,76190.0,76690.0,75665.0,75725.0,2758.0
2026-04-21 15:00:00,75725.0,76065.0,75485.0,75735.0,2626.0
2026-04-21 15:30:00,75735.0,75905.0,75555.0,75900.0,910.0
2026-04-21 16:00:00,75930.0,76065.0,75880.0,75920.0,980.0
2026-04-21 16:30:00,75900.0,76280.0,75815.0,75865.0,750.0
2026-04-21 17:00:00,75840.0,75905.0,75100.0,75395.0,2548.0
2026-04-21 17:30:00,75415.0,76005.0,75330.0,75610.0,1979.0
2026-04-21 18:00:00,75590.0,75725.0,75440.0,75530.0,1257.0
2026-04-21 18:30:00,75550.0,75710.0,75360.0,75655.0,1004.0
2026-04-21 19:00:00,75675.0,75985.0,75590.0,75845.0,1457.0
2026-04-21 19:30:00,75860.0,75860.0,74860.0,75075.0,3940.0
2026-04-21 20:00:00,75080.0,75850.0,75020.0,75715.0,5436.0
2026-04-21 20:30:00,75720.0,75940.0,75645.0,75735.0,1352.0
2026-04-22 13:30:00,78995.0,79385.0,78785.0,79365.0,1087.0
2026-04-22 14:00:00,79390.0,79700.0,79210.0,79525.0,1724.0
2026-04-22 14:30:00,79550.0,79625.0,79100.0,79550.0,936.0
2026-04-22 15:00:00,79560.0,79640.0,79340.0,79585.0,848.0
2026-04-22 15:30:00,79570.0,79965.0,79495.0,79820.0,1509.0
2026-04-22 16:00:00,79820.0,80000.0,79400.0,79465.0,526.0
2026-04-22 16:30:00,79435.0,79545.0,79125.0,79215.0,444.0
2026-04-22 17:00:00,79285.0,79550.0,79185.0,79340.0,273.0
2026-04-22 17:30:00,79350.0,79475.0,79220.0,79395.0,171.0
2026-04-22 18:00:00,79440.0,79495.0,79310.0,79395.0,205.0
2026-04-22 18:30:00,79390.0,79675.0,79345.0,79535.0,320.0
2026-04-22 19:00:00,79535.0,79560.0,79230.0,79540.0,491.0
2026-04-22 19:30:00,79520.0,79585.0,79260.0,79350.0,882.0
2026-04-22 20:00:00,79345.0,79410.0,78960.0,79070.0,666.0
2026-04-22 20:30:00,79080.0,79080.0,78885.0,78945.0,284.0
2026-04-23 13:30:00,78005.0,78115.0,77770.0,77940.0,841.0
2026-04-23 14:00:00,77880.0,78395.0,77840.0,78155.0,666.0
2026-04-23 14:30:00,78175.0,78680.0,78175.0,78655.0,1158.0
2026-04-23 15:00:00,78660.0,79175.0,78410.0,78860.0,858.0
2026-04-23 15:30:00,78850.0,79105.0,78730.0,78875.0,654.0
2026-04-23 16:00:00,78885.0,79000.0,78715.0,78735.0,611.0
2026-04-23 16:30:00,78735.0,78920.0,78480.0,78565.0,250.0
2026-04-23 17:00:00,78605.0,78615.0,77990.0,78040.0,1197.0
2026-04-23 17:30:00,78025.0,78255.0,77355.0,78190.0,1902.0
2026-04-23 18:00:00,78185.0,78605.0,78160.0,78345.0,896.0
2026-04-23 18:30:00,78375.0,78610.0,78080.0,78125.0,1381.0
2026-04-23 19:00:00,78080.0,78355.0,78035.0,78305.0,1045.0
2026-04-23 19:30:00,78290.0,78325.0,78030.0,78195.0,1538.0
2026-04-23 20:00:00,78200.0,78415.0,78120.0,78200.0,685.0
2026-04-23 20:30:00,78205.0,78520.0,78195.0,78350.0,342.0
2026-04-24 13:30:00,78665.0,78790.0,78350.0,78570.0,3086.0
2026-04-24 14:00:00,78540.0,78540.0,78105.0,78145.0,3200.0
2026-04-24 14:30:00,78140.0,78500.0,78090.0,78470.0,1527.0
2026-04-24 15:00:00,78475.0,78475.0,77880.0,78255.0,1988.0
2026-04-24 15:30:00,78285.0,78650.0,78125.0,78490.0,3256.0
2026-04-24 16:00:00,78500.0,78510.0,78040.0,78125.0,1370.0
2026-04-24 16:30:00,78140.0,78325.0,77985.0,78200.0,989.0
2026-04-24 17:00:00,78180.0,78185.0,77995.0,78120.0,950.0
2026-04-24 17:30:00,78080.0,78245.0,77875.0,78075.0,1854.0
2026-04-24 18:00:00,78100.0,78125.0,77720.0,77880.0,1177.0
2026-04-24 18:30:00,77870.0,78045.0,77865.0,78010.0,597.0
2026-04-24 19:00:00,78020.0,78160.0,77920.0,77965.0,688.0
2026-04-24 19:30:00,77985.0,78060.0,77905.0,78020.0,1420.0
2026-04-24 20:00:00,78035.0,78035.0,77820.0,77905.0,1181.0
2026-04-24 20:30:00,77925.0,78120.0,77920.0,78120.0,1430.0
2026-04-27 13:30:00,78065.0,78335.0,77900.0,78110.0,3830.0
2026-04-27 14:00:00,78105.0,78315.0,78010.0,78265.0,2196.0
2026-04-27 14:30:00,78235.0,78680.0,78175.0,78185.0,3783.0
2026-04-27 15:00:00,78195.0,78210.0,76855.0,77165.0,9820.0
2026-04-27 15:30:00,77150.0,77445.0,77040.0,77100.0,2334.0
2026-04-27 16:00:00,77085.0,77185.0,76965.0,77060.0,1253.0
2026-04-27 16:30:00,77070.0,77150.0,76845.0,76935.0,958.0
2026-04-27 17:00:00,76940.0,77210.0,76930.0,77135.0,1362.0
2026-04-27 17:30:00,77130.0,77245.0,77010.0,77050.0,1418.0
2026-04-27 18:00:00,77040.0,77185.0,76980.0,77005.0,600.0
2026-04-27 18:30:00,77010.0,77220.0,77000.0,77150.0,558.0
2026-04-27 19:00:00,77120.0,77245.0,76925.0,76925.0,1021.0
2026-04-27 19:30:00,76920.0,77250.0,76765.0,77250.0,3413.0
2026-04-27 20:00:00,77250.0,77375.0,77155.0,77365.0,1361.0
2026-04-27 20:30:00,77340.0,77430.0,77305.0,77330.0,1152.0
2026-04-28 13:30:00,76500.0,76765.0,76335.0,76505.0,3411.0
2026-04-28 14:00:00,76515.0,76530.0,76035.0,76110.0,1582.0
2026-04-28 14:30:00,76110.0,76260.0,75930.0,76260.0,2578.0
2026-04-28 15:00:00,76250.0,76395.0,76145.0,76325.0,1149.0
2026-04-28 15:30:00,76290.0,76400.0,76170.0,76365.0,565.0
2026-04-28 16:00:00,76365.0,76435.0,76240.0,76265.0,635.0
2026-04-28 16:30:00,76270.0,76525.0,76175.0,76420.0,1263.0
2026-04-28 17:00:00,76440.0,76520.0,76255.0,76405.0,689.0
2026-04-28 17:30:00,76420.0,76595.0,76420.0,76500.0,786.0
2026-04-28 18:00:00,76510.0,76610.0,76450.0,76570.0,588.0
2026-04-28 18:30:00,76555.0,76585.0,76470.0,76555.0,456.0
2026-04-28 19:00:00,76520.0,76525.0,76370.0,76485.0,455.0
2026-04-28 19:30:00,76490.0,76735.0,76450.0,76655.0,1820.0
2026-04-28 20:00:00,76655.0,76805.0,76655.0,76705.0,1371.0
2026-04-28 20:30:00,76695.0,76830.0,76685.0,76795.0,477.0
2026-04-29 13:30:00,77255.0,77260.0,76715.0,77130.0,5581.0
2026-04-29 14:00:00,77085.0,77090.0,76815.0,77030.0,951.0
2026-04-29 14:30:00,77025.0,77175.0,76760.0,76870.0,1055.0
2026-04-29 15:00:00,76870.0,76935.0,76390.0,76490.0,3401.0
2026-04-29 15:30:00,76500.0,76610.0,75930.0,76190.0,4931.0
2026-04-29 16:00:00,76195.0,76410.0,75950.0,76090.0,2784.0
2026-04-29 16:30:00,76060.0,76185.0,75910.0,76050.0,1170.0
2026-04-29 17:00:00,76060.0,76370.0,76040.0,76140.0,1057.0
2026-04-29 17:30:00,76165.0,76425.0,76120.0,76395.0,1017.0
2026-04-29 18:00:00,76465.0,76525.0,75180.0,75405.0,5712.0
2026-04-29 18:30:00,75390.0,75775.0,75160.0,75750.0,3428.0
2026-04-29 19:00:00,75765.0,75860.0,75590.0,75750.0,1398.0
2026-04-29 19:30:00,75760.0,75840.0,75500.0,75810.0,1512.0
2026-04-29 20:00:00,75815.0,75990.0,75740.0,75945.0,2735.0
2026-04-29 20:30:00,75940.0,76120.0,75855.0,75970.0,994.0
2026-04-30 13:30:00,76475.0,77035.0,76385.0,76745.0,5418.0
2026-04-30 14:00:00,76750.0,76950.0,76410.0,76685.0,3325.0
2026-04-30 14:30:00,76655.0,76890.0,76490.0,76610.0,1834.0
2026-04-30 15:00:00,76630.0,76845.0,76460.0,76845.0,1011.0
2026-04-30 15:30:00,76850.0,77010.0,76635.0,76815.0,1011.0
2026-04-30 16:00:00,76795.0,76805.0,76605.0,76675.0,589.0
2026-04-30 16:30:00,76680.0,76740.0,76510.0,76565.0,757.0
2026-04-30 17:00:00,76550.0,76640.0,76365.0,76455.0,1193.0
2026-04-30 17:30:00,76460.0,76625.0,76415.0,76545.0,639.0
2026-04-30 18:00:00,76555.0,76785.0,76545.0,76585.0,921.0
2026-04-30 18:30:00,76580.0,76795.0,76540.0,76680.0,480.0
2026-04-30 19:00:00,76650.0,76835.0,76610.0,76790.0,517.0
2026-04-30 19:30:00,76820.0,76860.0,76690.0,76715.0,694.0
2026-04-30 20:00:00,76720.0,76890.0,76630.0,76790.0,1228.0
2026-04-30 20:30:00,76780.0,76885.0,76760.0,76800.0,591.0
2026-05-01 13:30:00,78725.0,79420.0,78555.0,79190.0,7340.0
2026-05-01 14:00:00,79200.0,79355.0,78615.0,78685.0,4112.0
2026-05-01 14:30:00,78680.0,78895.0,78440.0,78775.0,1579.0
2026-05-01 15:00:00,78755.0,79060.0,78585.0,78980.0,1073.0
2026-05-01 15:30:00,78995.0,79175.0,78605.0,78885.0,1696.0
2026-05-01 16:00:00,78860.0,79120.0,78580.0,78765.0,1150.0
2026-05-01 16:30:00,78750.0,78805.0,78565.0,78640.0,676.0
2026-05-01 17:00:00,78645.0,78760.0,78520.0,78595.0,529.0
2026-05-01 17:30:00,78610.0,79015.0,78575.0,78995.0,983.0
2026-05-01 18:00:00,79005.0,79065.0,78880.0,79025.0,759.0
2026-05-01 18:30:00,79005.0,79015.0,78770.0,78825.0,520.0
2026-05-01 19:00:00,78830.0,78950.0,78735.0,78810.0,928.0
2026-05-01 19:30:00,78785.0,78860.0,78675.0,78740.0,1569.0
2026-05-01 20:00:00,78740.0,78810.0,78410.0,78475.0,1976.0
2026-05-01 20:30:00,78475.0,78515.0,78110.0,78270.0,1156.0
2026-05-04 13:30:00,79275.0,79460.0,79015.0,79090.0,2908.0
2026-05-04 14:00:00,79095.0,79765.0,78785.0,79600.0,4173.0
2026-05-04 14:30:00,79595.0,80990.0,79595.0,80615.0,6774.0
2026-05-04 15:00:00,80610.0,80795.0,79705.0,80085.0,9526.0
2026-05-04 15:30:00,80100.0,80530.0,79850.0,80395.0,3498.0
2026-05-04 16:00:00,80405.0,80785.0,79930.0,80645.0,4405.0
2026-05-04 16:30:00,80630.0,80775.0,80335.0,80385.0,2255.0
2026-05-04 17:00:00,80385.0,80925.0,80385.0,80845.0,3118.0
2026-05-04 17:30:00,80820.0,81155.0,80645.0,80765.0,2540.0
2026-05-04 18:00:00,80795.0,80825.0,80490.0,80615.0,1227.0
2026-05-04 18:30:00,80640.0,80680.0,80350.0,80485.0,945.0
2026-05-04 19:00:00,80480.0,80500.0,80215.0,80280.0,1478.0
2026-05-04 19:30:00,80260.0,80450.0,80230.0,80365.0,1726.0
2026-05-04 20:00:00,80370.0,80495.0,80230.0,80340.0,1398.0
2026-05-04 20:30:00,80345.0,80365.0,80210.0,80250.0,843.0
2026-05-05 13:30:00,81830.0,82065.0,81525.0,81695.0,4765.0
2026-05-05 14:00:00,81695.0,81835.0,81265.0,81760.0,4298.0
2026-05-05 14:30:00,81790.0,81885.0,81460.0,81695.0,1618.0
2026-05-05 15:00:00,81655.0,82070.0,81580.0,82020.0,2183.0
2026-05-05 15:30:00,82025.0,82105.0,81890.0,81905.0,708.0
2026-05-05 16:00:00,81985.0,81985.0,81685.0,81770.0,1026.0
2026-05-05 16:30:00,81760.0,81760.0,81360.0,81625.0,1918.0
2026-05-05 17:00:00,81610.0,81800.0,81510.0,81735.0,1060.0
2026-05-05 17:30:00,81735.0,81735.0,81570.0,81585.0,645.0
2026-05-05 18:00:00,81610.0,81940.0,81605.0,81800.0,986.0
2026-05-05 18:30:00,81780.0,81905.0,81750.0,81860.0,615.0
2026-05-05 19:00:00,81850.0,81930.0,81735.0,81860.0,518.0
2026-05-05 19:30:00,81860.0,82050.0,81850.0,81935.0,1966.0
2026-05-05 20:00:00,81940.0,82135.0,81845.0,81890.0,2188.0
2026-05-05 20:30:00,81885.0,82070.0,81865.0,81950.0,1121.0
2026-05-06 13:30:00,82245.0,82385.0,81870.0,81970.0,5494.0
2026-05-06 14:00:00,81965.0,82050.0,81390.0,81885.0,5642.0
2026-05-06 14:30:00,81875.0,82285.0,81755.0,81790.0,2575.0
2026-05-06 15:00:00,81775.0,82090.0,81565.0,81930.0,2598.0
2026-05-06 15:30:00,81940.0,82070.0,81735.0,81970.0,1982.0
2026-05-06 16:00:00,81965.0,82180.0,81785.0,81790.0,1219.0
2026-05-06 16:30:00,81765.0,82075.0,81690.0,81865.0,910.0
2026-05-06 17:00:00,81875.0,81990.0,81670.0,81730.0,901.0
2026-05-06 17:30:00,81745.0,81820.0,81625.0,81710.0,1310.0
2026-05-06 18:00:00,81700.0,81840.0,81505.0,81785.0,744.0
2026-05-06 18:30:00,81680.0,81760.0,81520.0,81600.0,739.0
2026-05-06 19:00:00,81595.0,81675.0,81435.0,81575.0,1252.0
2026-05-06 19:30:00,81580.0,81785.0,81510.0,81720.0,1716.0
2026-05-06 20:00:00,81730.0,81995.0,81720.0,81865.0,1254.0
2026-05-06 20:30:00,81860.0,81880.0,81585.0,81725.0,847.0
2026-05-07 13:30:00,81200.0,81220.0,80440.0,80725.0,4760.0
2026-05-07 14:00:00,80730.0,80935.0,80560.0,80635.0,3401.0
2026-05-07 14:30:00,80645.0,80685.0,80220.0,80370.0,3211.0
2026-05-07 15:00:00,80365.0,80490.0,79895.0,80035.0,4768.0
2026-05-07 15:30:00,79985.0,80275.0,79980.0,80090.0,1877.0
2026-05-07 16:00:00,80080.0,80210.0,79885.0,80180.0,1990.0
2026-05-07 16:30:00,80190.0,80220.0,79920.0,79985.0,814.0
2026-05-07 17:00:00,79985.0,80140.0,79675.0,79875.0,2375.0
2026-05-07 17:30:00,79875.0,80355.0,79825.0,80320.0,2158.0
2026-05-07 18:00:00,80325.0,80450.0,80275.0,80345.0,1165.0
2026-05-07 18:30:00,80420.0,80530.0,80220.0,80450.0,1743.0
2026-05-07 19:00:00,80435.0,80440.0,80120.0,80155.0,1129.0
2026-05-07 19:30:00,80190.0,80450.0,80190.0,80390.0,2202.0
2026-05-07 20:00:00,80375.0,80630.0,80315.0,80385.0,2759.0
2026-05-07 20:30:00,80380.0,80385.0,80065.0,80110.0,2206.0
2026-05-08 13:30:00,79795.0,80030.0,79710.0,79795.0,2917.0
2026-05-08 14:00:00,79805.0,80690.0,79800.0,80290.0,4408.0
2026-05-08 14:30:00,80310.0,80535.0,79995.0,80355.0,1588.0
2026-05-08 15:00:00,80345.0,80400.0,79780.0,79875.0,1452.0
2026-05-08 15:30:00,79900.0,80400.0,79775.0,80350.0,1322.0
2026-05-08 16:00:00,80360.0,80395.0,80120.0,80140.0,684.0
2026-05-08 16:30:00,80100.0,80100.0,79920.0,79975.0,535.0
2026-05-08 17:00:00,79975.0,80270.0,79890.0,80235.0,1236.0
2026-05-08 17:30:00,80235.0,80505.0,80190.0,80265.0,1312.0
2026-05-08 18:00:00,80300.0,80540.0,80275.0,80500.0,1147.0
2026-05-08 18:30:00,80455.0,80520.0,80280.0,80280.0,908.0
2026-05-08 19:00:00,80290.0,80370.0,80195.0,80250.0,421.0
2026-05-08 19:30:00,80260.0,80430.0,80260.0,80405.0,1201.0
2026-05-08 20:00:00,80415.0,80560.0,80380.0,80505.0,975.0
2026-05-08 20:30:00,80500.0,80530.0,80330.0,80380.0,836.0
2026-05-11 13:30:00,81300.0,81400.0,80880.0,81220.0,2386.0
2026-05-11 14:00:00,81205.0,81425.0,80850.0,80865.0,1438.0
2026-05-11 14:30:00,80855.0,81115.0,80565.0,81105.0,3480.0
2026-05-11 15:00:00,81090.0,81625.0,80975.0,81520.0,1962.0
2026-05-11 15:30:00,81540.0,81640.0,81375.0,81640.0,1328.0
2026-05-11 16:00:00,81635.0,82115.0,81510.0,82005.0,3924.0
2026-05-11 16:30:00,82050.0,82140.0,81765.0,81795.0,1364.0
2026-05-11 17:00:00,81795.0,81895.0,81575.0,81860.0,577.0
2026-05-11 17:30:00,81865.0,82300.0,81800.0,82180.0,1763.0
2026-05-11 18:00:00,82180.0,82335.0,82065.0,82280.0,1174.0
2026-05-11 18:30:00,82285.0,82400.0,82065.0,82095.0,1321.0
2026-05-11 19:00:00,82090.0,82330.0,81955.0,82135.0,1448.0
2026-05-11 19:30:00,82130.0,82325.0,82075.0,82200.0,1591.0
2026-05-11 20:00:00,82195.0,82315.0,82090.0,82135.0,1467.0
2026-05-11 20:30:00,82135.0,82155.0,81990.0,82035.0,623.0
2026-05-12 13:30:00,80795.0,81050.0,80505.0,80580.0,2541.0
2026-05-12 14:00:00,80595.0,81025.0,80505.0,80820.0,1267.0
2026-05-12 14:30:00,80800.0,81070.0,80560.0,80680.0,1750.0
2026-05-12 15:00:00,80615.0,80800.0,80285.0,80350.0,2500.0
2026-05-12 15:30:00,80375.0,80605.0,80375.0,80440.0,1540.0
2026-05-12 16:00:00,80455.0,80570.0,80325.0,80420.0,976.0
2026-05-12 16:30:00,80420.0,80475.0,79940.0,80105.0,1717.0
2026-05-12 17:00:00,80125.0,80620.0,80075.0,80585.0,1129.0
2026-05-12 17:30:00,80570.0,80740.0,80560.0,80675.0,579.0
2026-05-12 18:00:00,80675.0,80735.0,80565.0,80620.0,511.0
2026-05-12 18:30:00,80635.0,80920.0,80635.0,80840.0,859.0
2026-05-12 19:00:00,80835.0,81005.0,80830.0,80905.0,760.0
2026-05-12 19:30:00,80905.0,81065.0,80895.0,81020.0,1336.0
2026-05-12 20:00:00,81015.0,81080.0,80910.0,80995.0,615.0
2026-05-12 20:30:00,80970.0,80980.0,80805.0,80875.0,462.0
2026-05-13 13:30:00,80265.0,80330.0,79650.0,79730.0,6128.0
2026-05-13 14:00:00,79715.0,80010.0,79540.0,79960.0,2716.0
2026-05-13 14:30:00,79930.0,79960.0,79725.0,79840.0,1201.0
2026-05-13 15:00:00,79830.0,79960.0,79310.0,79350.0,2229.0
2026-05-13 15:30:00,79335.0,79415.0,78855.0,78875.0,3259.0
2026-05-13 16:00:00,78885.0,79130.0,78820.0,79105.0,2999.0
2026-05-13 16:30:00,79100.0,79305.0,79075.0,79180.0,1563.0
2026-05-13 17:00:00,79180.0,79460.0,79165.0,79435.0,1087.0
2026-05-13 17:30:00,79430.0,79655.0,79390.0,79590.0,980.0
2026-05-13 18:00:00,79610.0,79930.0,79605.0,79860.0,1775.0
2026-05-13 18:30:00,79865.0,79950.0,79665.0,79695.0,1365.0
2026-05-13 19:00:00,79740.0,79740.0,79505.0,79605.0,645.0
2026-05-13 19:30:00,79615.0,79765.0,79550.0,79750.0,1622.0
2026-05-13 20:00:00,79750.0,79875.0,79720.0,79720.0,870.0
2026-05-13 20:30:00,79735.0,79880.0,79735.0,79845.0,697.0
2026-05-14 13:30:00,80070.0,80205.0,79780.0,79820.0,3322.0
2026-05-14 14:00:00,79790.0,80405.0,79680.0,80275.0,2341.0
2026-05-14 14:30:00,80300.0,81220.0,80230.0,81155.0,3735.0
2026-05-14 15:00:00,81160.0,81340.0,81015.0,81215.0,3224.0
2026-05-14 15:30:00,81200.0,81565.0,81010.0,81505.0,2417.0
2026-05-14 16:00:00,81525.0,81820.0,81520.0,81755.0,3776.0
2026-05-14 16:30:00,81780.0,82165.0,81295.0,82135.0,3527.0
2026-05-14 17:00:00,82125.0,82320.0,81485.0,81710.0,5222.0
2026-05-14 17:30:00,81705.0,82035.0,81655.0,81870.0,1424.0
2026-05-14 18:00:00,81885.0,82205.0,81685.0,82095.0,1566.0
2026-05-14 18:30:00,82090.0,82135.0,81635.0,81815.0,2334.0
2026-05-14 19:00:00,81805.0,81950.0,81530.0,81550.0,1537.0
2026-05-14 19:30:00,81575.0,81705.0,81525.0,81650.0,2146.0
2026-05-14 20:00:00,81635.0,81810.0,81425.0,81475.0,1596.0
2026-05-14 20:30:00,81490.0,81655.0,81345.0,81620.0,1006.0
2026-05-15 13:30:00,80105.0,80130.0,78710.0,78785.0,9051.0
2026-05-15 14:00:00,78810.0,79395.0,78670.0,79130.0,3712.0
2026-05-15 14:30:00,79180.0,79410.0,78990.0,79225.0,1516.0
2026-05-15 15:00:00,79255.0,79455.0,79135.0,79210.0,1135.0
2026-05-15 15:30:00,79245.0,79340.0,79080.0,79230.0,1190.0
2026-05-15 16:00:00,79255.0,79410.0,79195.0,79385.0,798.0
2026-05-15 16:30:00,79395.0,79480.0,79200.0,79390.0,709.0
2026-05-15 17:00:00,79370.0,79555.0,79310.0,79475.0,816.0
2026-05-15 17:30:00,79485.0,79630.0,79450.0,79570.0,1082.0
2026-05-15 18:00:00,79560.0,79680.0,79265.0,79350.0,1011.0
2026-05-15 18:30:00,79350.0,79415.0,79235.0,79340.0,790.0
2026-05-15 19:00:00,79350.0,79375.0,79095.0,79190.0,1165.0
2026-05-15 19:30:00,79190.0,79265.0,79130.0,79185.0,1312.0
2026-05-15 20:00:00,79195.0,79280.0,79100.0,79220.0,875.0
2026-05-15 20:30:00,79250.0,79260.0,79060.0,79175.0,880.0
2026-05-18 13:30:00,77300.0,77320.0,76700.0,76940.0,5002.0
2026-05-18 14:00:00,76930.0,76975.0,76410.0,76635.0,3616.0
2026-05-18 14:30:00,76695.0,76740.0,76210.0,76370.0,2977.0
2026-05-18 15:00:00,76370.0,76435.0,76030.0,76060.0,2436.0
2026-05-18 15:30:00,76050.0,76465.0,76015.0,76380.0,1451.0
2026-05-18 16:00:00,76385.0,76645.0,76165.0,76265.0,1346.0
2026-05-18 16:30:00,76250.0,76540.0,76195.0,76430.0,1791.0
2026-05-18 17:00:00,76425.0,76725.0,76375.0,76695.0,1741.0
2026-05-18 17:30:00,76700.0,76790.0,76570.0,76725.0,1024.0
2026-05-18 18:00:00,76725.0,76730.0,76155.0,76385.0,1080.0
2026-05-18 18:30:00,76390.0,76460.0,76240.0,76290.0,1009.0
2026-05-18 19:00:00,76255.0,76940.0,76255.0,76670.0,3470.0
2026-05-18 19:30:00,76640.0,77025.0,76635.0,76920.0,2424.0
2026-05-18 20:00:00,76950.0,77165.0,76870.0,77155.0,1129.0
2026-05-18 20:30:00,77125.0,77180.0,76875.0,76945.0,823.0
2026-05-19 13:30:00,76580.0,77075.0,76550.0,76875.0,3758.0
2026-05-19 14:00:00,76860.0,77040.0,76265.0,76450.0,2363.0
2026-05-19 14:30:00,76465.0,76580.0,76060.0,76370.0,1718.0
2026-05-19 15:00:00,76370.0,76680.0,76315.0,76500.0,1027.0
2026-05-19 15:30:00,76490.0,76685.0,76415.0,76525.0,650.0
2026-05-19 16:00:00,76540.0,76640.0,76410.0,76615.0,550.0
2026-05-19 16:30:00,76655.0,76970.0,76640.0,76925.0,1219.0
2026-05-19 17:00:00,76930.0,77085.0,76900.0,76915.0,1428.0
2026-05-19 17:30:00,76910.0,77070.0,76775.0,76885.0,616.0
2026-05-19 18:00:00,76885.0,77005.0,76795.0,76805.0,734.0
2026-05-19 18:30:00,76780.0,76940.0,76755.0,76820.0,465.0
2026-05-19 19:00:00,76860.0,77130.0,76795.0,76825.0,672.0
2026-05-19 19:30:00,76840.0,76945.0,76810.0,76860.0,1068.0
2026-05-19 20:00:00,76855.0,76985.0,76840.0,76945.0,342.0
2026-05-19 20:30:00,76950.0,77085.0,76930.0,77070.0,572.0
2026-05-20 13:30:00,77315.0,77385.0,76975.0,77160.0,3400.0
2026-05-20 14:00:00,77245.0,77630.0,76875.0,77430.0,4266.0
2026-05-20 14:30:00,77480.0,77610.0,77285.0,77485.0,1412.0
2026-05-20 15:00:00,77485.0,77935.0,77325.0,77590.0,4091.0
2026-05-20 15:30:00,77545.0,77685.0,77400.0,77480.0,1357.0
2026-05-20 16:00:00,77475.0,77600.0,76990.0,77080.0,1725.0
2026-05-20 16:30:00,77075.0,77390.0,77010.0,77360.0,1058.0
2026-05-20 17:00:00,77335.0,77685.0,77220.0,77595.0,832.0
2026-05-20 17:30:00,77620.0,77770.0,77545.0,77610.0,920.0
2026-05-20 18:00:00,77605.0,77685.0,77460.0,77545.0,477.0
2026-05-20 18:30:00,77555.0,77605.0,77400.0,77435.0,472.0
2026-05-20 19:00:00,77430.0,77610.0,77375.0,77605.0,317.0
2026-05-20 19:30:00,77615.0,77755.0,77555.0,77690.0,2435.0
2026-05-20 20:00:00,77695.0,77795.0,77470.0,77705.0,1639.0
2026-05-20 20:30:00,77690.0,77800.0,77620.0,77700.0,633.0
2026-05-21 13:30:00,77310.0,77310.0,76665.0,77110.0,5056.0
2026-05-21 14:00:00,77115.0,77240.0,76730.0,77040.0,2149.0
2026-05-21 14:30:00,77055.0,77180.0,76850.0,76940.0,518.0
2026-05-21 15:00:00,76970.0,77305.0,76850.0,77260.0,1013.0
2026-05-21 15:30:00,77260.0,77405.0,77055.0,77245.0,521.0
2026-05-21 16:00:00,77280.0,77360.0,77105.0,77180.0,782.0
2026-05-21 16:30:00,77180.0,77295.0,76995.0,77185.0,565.0
2026-05-21 17:00:00,77280.0,78055.0,77205.0,78020.0,4198.0
2026-05-21 17:30:00,78030.0,78145.0,77825.0,77915.0,1913.0
2026-05-21 18:00:00,77910.0,77970.0,77645.0,77770.0,1354.0
2026-05-21 18:30:00,77780.0,77875.0,77240.0,77395.0,1780.0
2026-05-21 19:00:00,77375.0,77625.0,77345.0,77550.0,742.0
2026-05-21 19:30:00,77565.0,77810.0,77565.0,77705.0,831.0
2026-05-21 20:00:00,77710.0,77760.0,77660.0,77705.0,199.0
2026-05-21 20:30:00,77705.0,77830.0,77665.0,77735.0,457.0
2026-05-22 13:30:00,77245.0,77345.0,77065.0,77250.0,2818.0
2026-05-22 14:00:00,77240.0,77245.0,76690.0,76810.0,2418.0
2026-05-22 14:30:00,76800.0,76810.0,76680.0,76720.0,1107.0
2026-05-22 15:00:00,76665.0,76920.0,76485.0,76870.0,1417.0
2026-05-22 15:30:00,76870.0,76980.0,76585.0,76730.0,714.0
2026-05-22 16:00:00,76730.0,76905.0,76710.0,76900.0,785.0
2026-05-22 16:30:00,76905.0,76970.0,76825.0,76915.0,372.0
2026-05-22 17:00:00,76955.0,77075.0,76715.0,77040.0,1907.0
2026-05-22 17:30:00,77060.0,77090.0,76690.0,76690.0,657.0
2026-05-22 18:00:00,76710.0,76880.0,76625.0,76750.0,774.0
2026-05-22 18:30:00,76745.0,76780.0,75995.0,76465.0,2923.0
2026-05-22 19:00:00,76470.0,76545.0,76120.0,76190.0,1435.0
2026-05-22 19:30:00,76190.0,76205.0,75585.0,75790.0,3816.0
2026-05-22 20:00:00,75800.0,75955.0,75775.0,75900.0,1528.0
2026-05-22 20:30:00,75870.0,76050.0,75740.0,75935.0,1499.0
2026-05-26 13:30:00,76730.0,77445.0,76605.0,77190.0,2933.0
2026-05-26 14:00:00,77210.0,78085.0,77115.0,77955.0,3804.0
2026-05-26 14:30:00,77990.0,78000.0,76640.0,76815.0,5304.0
2026-05-26 15:00:00,76820.0,76935.0,76450.0,76550.0,2879.0
2026-05-26 15:30:00,76515.0,76610.0,76140.0,76415.0,2292.0
2026-05-26 16:00:00,76395.0,76430.0,76075.0,76420.0,1576.0
2026-05-26 16:30:00,76415.0,76600.0,76275.0,76445.0,1056.0
2026-05-26 17:00:00,76445.0,76545.0,75925.0,75945.0,1348.0
2026-05-26 17:30:00,75940.0,76020.0,75715.0,75805.0,1674.0
2026-05-26 18:00:00,75800.0,76130.0,75735.0,75930.0,884.0
2026-05-26 18:30:00,75925.0,75985.0,75610.0,75660.0,770.0
2026-05-26 19:00:00,75675.0,75790.0,75640.0,75755.0,428.0
2026-05-26 19:30:00,75770.0,75965.0,75720.0,75920.0,880.0
2026-05-26 20:00:00,75925.0,76050.0,75890.0,76035.0,507.0
2026-05-26 20:30:00,76045.0,76065.0,75845.0,75960.0,468.0
2026-05-27 13:30:00,75265.0,75415.0,74940.0,75175.0,709.0
2026-05-27 14:00:00,75175.0,75360.0,74880.0,74940.0,473.0
2026-05-27 14:30:00,75000.0,75305.0,74900.0,75170.0,399.0
2026-05-27 15:00:00,75125.0,75510.0,75100.0,75415.0,360.0
2026-05-27 15:30:00,75500.0,75665.0,75250.0,75470.0,194.0
2026-05-27 16:00:00,75455.0,75500.0,75165.0,75215.0,91.0
2026-05-27 16:30:00,75215.0,75455.0,75140.0,75455.0,234.0
2026-05-27 17:00:00,75430.0,75470.0,75005.0,75090.0,239.0
2026-05-27 17:30:00,75115.0,75175.0,74810.0,74975.0,493.0
2026-05-27 18:00:00,74925.0,75050.0,74740.0,75050.0,234.0
2026-05-27 18:30:00,75030.0,75130.0,74975.0,75100.0,66.0
2026-05-27 19:00:00,75115.0,75200.0,75085.0,75155.0,163.0
2026-05-27 19:30:00,75155.0,75245.0,75080.0,75200.0,357.0
2026-05-27 20:00:00,75170.0,75575.0,75170.0,75390.0,109.0
2026-05-27 20:30:00,75405.0,75465.0,75350.0,75400.0,177.0
2026-05-28 13:30:00,73260.0,73260.0,72820.0,73130.0,1094.0
2026-05-28 14:00:00,73120.0,73680.0,72655.0,73080.0,1986.0
2026-05-28 14:30:00,73040.0,73140.0,72770.0,73140.0,467.0
2026-05-28 15:00:00,73100.0,73270.0,72780.0,73055.0,376.0
2026-05-28 15:30:00,73075.0,73170.0,72925.0,73030.0,330.0
2026-05-28 16:00:00,73010.0,73425.0,72890.0,73290.0,508.0
2026-05-28 16:30:00,73290.0,73610.0,73265.0,73600.0,606.0
2026-05-28 17:00:00,73610.0,73690.0,73445.0,73550.0,412.0
2026-05-28 17:30:00,73500.0,73900.0,73490.0,73745.0,683.0
2026-05-28 18:00:00,73730.0,73955.0,73675.0,73780.0,302.0
2026-05-28 18:30:00,73795.0,73965.0,73755.0,73820.0,223.0
2026-05-28 19:00:00,73800.0,73820.0,73640.0,73770.0,209.0
2026-05-28 19:30:00,73800.0,73800.0,73565.0,73640.0,903.0
2026-05-28 20:00:00,73615.0,73870.0,73465.0,73870.0,370.0
2026-05-28 20:30:00,73860.0,73935.0,73780.0,73780.0,188.0
2026-05-29 13:30:00,73205.0,73520.0,73020.0,73300.0,2915.0
2026-05-29 14:00:00,73315.0,73375.0,72590.0,72830.0,3571.0
2026-05-29 14:30:00,72850.0,73295.0,72670.0,73180.0,4931.0
2026-05-29 15:00:00,73190.0,73930.0,73100.0,73785.0,4604.0
2026-05-29 15:30:00,73780.0,74390.0,73780.0,73980.0,3592.0
2026-05-29 16:00:00,74000.0,74200.0,73715.0,73810.0,947.0
2026-05-29 16:30:00,73805.0,74345.0,73805.0,74235.0,2769.0
2026-05-29 17:00:00,74250.0,74505.0,74095.0,74415.0,2721.0
2026-05-29 17:30:00,74410.0,74535.0,74085.0,74155.0,938.0
2026-05-29 18:00:00,74195.0,74255.0,73910.0,73970.0,1651.0
2026-05-29 18:30:00,73975.0,74045.0,73370.0,73540.0,2214.0
2026-05-29 19:00:00,73535.0,73680.0,73425.0,73530.0,949.0
2026-05-29 19:30:00,73525.0,73935.0,73525.0,73700.0,1464.0
2026-05-29 20:00:00,73695.0,73920.0,73675.0,73875.0,1261.0
2026-05-29 20:30:00,73885.0,73925.0,73765.0,73830.0,507.0
2026-06-01 13:30:00,71915.0,72215.0,71465.0,71780.0,9066.0
2026-06-01 14:00:00,71770.0,71990.0,71535.0,71610.0,3629.0
2026-06-01 14:30:00,71575.0,71700.0,71450.0,71590.0,2052.0
2026-06-01 15:00:00,71650.0,71770.0,71120.0,71155.0,2296.0
2026-06-01 15:30:00,71125.0,71555.0,71120.0,71175.0,2370.0
2026-06-01 16:00:00,71180.0,71270.0,70740.0,71165.0,2576.0
2026-06-01 16:30:00,71165.0,71690.0,71105.0,71660.0,1880.0
2026-06-01 17:00:00,71670.0,71880.0,71570.0,71870.0,1366.0
2026-06-01 17:30:00,71865.0,71930.0,71650.0,71765.0,2635.0
2026-06-01 18:00:00,71775.0,71810.0,71495.0,71685.0,975.0
2026-06-01 18:30:00,71705.0,71815.0,71530.0,71630.0,1043.0
2026-06-01 19:00:00,71625.0,71770.0,71495.0,71760.0,752.0
2026-06-01 19:30:00,71755.0,71820.0,71650.0,71745.0,2203.0
2026-06-01 20:00:00,71735.0,71815.0,71635.0,71720.0,650.0
2026-06-01 20:30:00,71740.0,71810.0,71550.0,71595.0,697.0
2026-06-02 13:30:00,69110.0,69205.0,68800.0,68900.0,3768.0
2026-06-02 14:00:00,68895.0,68915.0,67690.0,67940.0,6716.0
2026-06-02 14:30:00,67935.0,68360.0,67935.0,68055.0,3431.0
2026-06-02 15:00:00,68055.0,68140.0,67450.0,67520.0,5039.0
2026-06-02 15:30:00,67500.0,67585.0,67150.0,67345.0,5869.0
2026-06-02 16:00:00,67340.0,68185.0,67270.0,67910.0,3469.0
2026-06-02 16:30:00,67885.0,67900.0,67475.0,67495.0,2342.0
2026-06-02 17:00:00,67510.0,67855.0,67455.0,67795.0,1820.0
2026-06-02 17:30:00,67780.0,67890.0,67415.0,67530.0,2157.0
2026-06-02 18:00:00,67535.0,67715.0,67355.0,67370.0,889.0
2026-06-02 18:30:00,67380.0,67440.0,67205.0,67415.0,1409.0
2026-06-02 19:00:00,67400.0,67495.0,67015.0,67050.0,1945.0
2026-06-02 19:30:00,67070.0,67595.0,66510.0,67455.0,7658.0
2026-06-02 20:00:00,67455.0,67560.0,66995.0,67050.0,2579.0
2026-06-02 20:30:00,67025.0,67760.0,67025.0,67690.0,1390.0
2026-06-03 13:30:00,66905.0,67285.0,66695.0,67005.0,4009.0
2026-06-03 14:00:00,66990.0,67055.0,66720.0,66890.0,1907.0
2026-06-03 14:30:00,66885.0,67105.0,66815.0,66950.0,699.0
2026-06-03 15:00:00,66960.0,66975.0,66320.0,66685.0,3167.0
2026-06-03 15:30:00,66690.0,66785.0,66165.0,66175.0,1457.0
2026-06-03 16:00:00,66190.0,66465.0,65645.0,65720.0,3116.0
2026-06-03 16:30:00,65735.0,66195.0,65705.0,66175.0,1448.0
2026-06-03 17:00:00,66180.0,66240.0,65800.0,66060.0,1961.0
2026-06-03 17:30:00,66065.0,66305.0,65905.0,66070.0,2081.0
2026-06-03 18:00:00,66070.0,66200.0,65840.0,66005.0,1372.0
2026-06-03 18:30:00,66025.0,66280.0,65900.0,66145.0,905.0
2026-06-03 19:00:00,66155.0,66190.0,65690.0,65770.0,838.0
2026-06-03 19:30:00,65780.0,65980.0,65355.0,65585.0,3829.0
2026-06-03 20:00:00,65590.0,65725.0,65375.0,65675.0,2556.0
2026-06-03 20:30:00,65665.0,65690.0,64890.0,65110.0,2104.0
2026-06-04 13:30:00,63375.0,64425.0,63330.0,64365.0,6902.0
2026-06-04 14:00:00,64390.0,64685.0,64150.0,64310.0,3964.0
2026-06-04 14:30:00,64290.0,64290.0,63920.0,64105.0,1580.0
2026-06-04 15:00:00,64090.0,64570.0,63925.0,64110.0,2736.0
2026-06-04 15:30:00,64125.0,64230.0,63810.0,64015.0,1851.0
2026-06-04 16:00:00,64025.0,64035.0,63770.0,63780.0,975.0
2026-06-04 16:30:00,63800.0,64075.0,63580.0,63695.0,1378.0
2026-06-04 17:00:00,63690.0,63850.0,63235.0,63335.0,1885.0
2026-06-04 17:30:00,63415.0,63780.0,63060.0,63665.0,2319.0
2026-06-04 18:00:00,63705.0,64005.0,63275.0,63995.0,1999.0
2026-06-04 18:30:00,64010.0,64235.0,63845.0,63925.0,2928.0
2026-06-04 19:00:00,63915.0,64315.0,63735.0,64255.0,1714.0
2026-06-04 19:30:00,64245.0,64250.0,63650.0,63735.0,2520.0
2026-06-04 20:00:00,63735.0,63750.0,63305.0,63465.0,1524.0
2026-06-04 20:30:00,63455.0,63790.0,63455.0,63755.0,1044.0
2026-06-05 13:30:00,62210.0,62450.0,60830.0,60830.0,11272.0
2026-06-05 14:00:00,60840.0,61305.0,60435.0,60505.0,10129.0
2026-06-05 14:30:00,60500.0,61320.0,60430.0,60990.0,6037.0
2026-06-05 15:00:00,60985.0,61260.0,60590.0,60890.0,7006.0
2026-06-05 15:30:00,60880.0,60955.0,60175.0,60570.0,7538.0
2026-06-05 16:00:00,60530.0,61655.0,59890.0,61065.0,22623.0
2026-06-05 16:30:00,61050.0,61590.0,60815.0,61520.0,5352.0
2026-06-05 17:00:00,61510.0,61625.0,60750.0,60780.0,2874.0
2026-06-05 17:30:00,60795.0,61230.0,60760.0,60915.0,1793.0
2026-06-05 18:00:00,60920.0,61040.0,60205.0,60260.0,4915.0
2026-06-05 18:30:00,60260.0,60440.0,59275.0,59525.0,11695.0
2026-06-05 19:00:00,59520.0,60010.0,59270.0,59995.0,4819.0
2026-06-05 19:30:00,59975.0,60615.0,59630.0,60450.0,8640.0
2026-06-05 20:00:00,60455.0,61210.0,60085.0,61085.0,8174.0
2026-06-05 20:30:00,61075.0,61930.0,61020.0,61745.0,7730.0
2026-06-08 13:30:00,63685.0,64005.0,63435.0,63885.0,4834.0
2026-06-08 14:00:00,63905.0,64055.0,63695.0,63910.0,2550.0
2026-06-08 14:30:00,63890.0,64240.0,63885.0,64095.0,2668.0
2026-06-08 15:00:00,64120.0,64375.0,64015.0,64120.0,2517.0
2026-06-08 15:30:00,64130.0,64155.0,63800.0,63885.0,1939.0
2026-06-08 16:00:00,63875.0,64165.0,63765.0,63970.0,979.0
2026-06-08 16:30:00,63975.0,63990.0,63555.0,63605.0,1219.0
2026-06-08 17:00:00,63660.0,63785.0,63385.0,63765.0,1767.0
2026-06-08 17:30:00,63730.0,63750.0,63375.0,63660.0,720.0
2026-06-08 18:00:00,63680.0,63780.0,63625.0,63760.0,574.0
2026-06-08 18:30:00,63760.0,63815.0,63420.0,63570.0,791.0
2026-06-08 19:00:00,63560.0,63685.0,63465.0,63645.0,444.0
2026-06-08 19:30:00,63655.0,63710.0,63445.0,63475.0,2609.0
2026-06-08 20:00:00,63480.0,63550.0,63245.0,63295.0,2269.0
2026-06-08 20:30:00,63295.0,63595.0,63275.0,63595.0,824.0
2026-06-09 13:30:00,62395.0,62625.0,62195.0,62335.0,3090.0
2026-06-09 14:00:00,62340.0,62465.0,61610.0,61680.0,3857.0
2026-06-09 14:30:00,61655.0,61755.0,61185.0,61610.0,4406.0
2026-06-09 15:00:00,61610.0,61770.0,61345.0,61375.0,2396.0
2026-06-09 15:30:00,61355.0,61485.0,61070.0,61180.0,2212.0
2026-06-09 16:00:00,61180.0,61270.0,60895.0,61085.0,2762.0
2026-06-09 16:30:00,61050.0,61570.0,60805.0,61470.0,5724.0
2026-06-09 17:00:00,61490.0,61955.0,61475.0,61825.0,2747.0
2026-06-09 17:30:00,61820.0,61930.0,61655.0,61780.0,975.0
2026-06-09 18:00:00,61775.0,62060.0,61700.0,61805.0,1267.0
2026-06-09 18:30:00,61835.0,61915.0,61665.0,61860.0,633.0
2026-06-09 19:00:00,61855.0,62010.0,61785.0,61930.0,805.0
2026-06-09 19:30:00,61955.0,62200.0,61830.0,62200.0,2666.0
2026-06-09 20:00:00,62195.0,62375.0,62025.0,62205.0,2068.0
2026-06-09 20:30:00,62160.0,62260.0,62045.0,62250.0,584.0
2026-06-10 13:30:00,61620.0,62570.0,61590.0,62245.0,6255.0
2026-06-10 14:00:00,62215.0,62360.0,61955.0,62145.0,2980.0
2026-06-10 14:30:00,62155.0,62305.0,61875.0,62295.0,2278.0
2026-06-10 15:00:00,62325.0,62535.0,61905.0,62355.0,3047.0
2026-06-10 15:30:00,62355.0,62970.0,62225.0,62740.0,5378.0
2026-06-10 16:00:00,62745.0,62750.0,62175.0,62320.0,1676.0
2026-06-10 16:30:00,62355.0,62500.0,61995.0,62300.0,1198.0
2026-06-10 17:00:00,62300.0,62460.0,61965.0,61990.0,1236.0
2026-06-10 17:30:00,61965.0,62125.0,61715.0,62040.0,2787.0
2026-06-10 18:00:00,62045.0,62215.0,61890.0,62070.0,682.0
2026-06-10 18:30:00,62065.0,62065.0,61665.0,61955.0,1345.0
2026-06-10 19:00:00,61960.0,62015.0,61725.0,61845.0,764.0
2026-06-10 19:30:00,61860.0,62150.0,61850.0,62015.0,2409.0
2026-06-10 20:00:00,62005.0,62020.0,61740.0,61960.0,893.0
2026-06-10 20:30:00,61960.0,61965.0,61750.0,61860.0,465.0
2026-06-11 13:30:00,62880.0,63325.0,62725.0,63150.0,5145.0
2026-06-11 14:00:00,63155.0,63170.0,62765.0,63080.0,1768.0
2026-06-11 14:30:00,63085.0,63155.0,62775.0,62775.0,1486.0
2026-06-11 15:00:00,62785.0,62935.0,62575.0,62770.0,2500.0
2026-06-11 15:30:00,62780.0,62965.0,62610.0,62790.0,1171.0
2026-06-11 16:00:00,62820.0,62920.0,62610.0,62675.0,1841.0
2026-06-11 16:30:00,62660.0,62875.0,62575.0,62600.0,1482.0
2026-06-11 17:00:00,62590.0,63050.0,62350.0,63040.0,4873.0
2026-06-11 17:30:00,63040.0,63725.0,63030.0,63720.0,8969.0
2026-06-11 18:00:00,63710.0,63870.0,63390.0,63440.0,2428.0
2026-06-11 18:30:00,63450.0,63635.0,63415.0,63500.0,973.0
2026-06-11 19:00:00,63500.0,63775.0,63440.0,63670.0,1330.0
2026-06-11 19:30:00,63675.0,64000.0,63635.0,63665.0,2313.0
2026-06-11 20:00:00,63660.0,63735.0,63370.0,63425.0,2474.0
2026-06-11 20:30:00,63410.0,63490.0,63325.0,63460.0,749.0
2026-06-12 13:30:00,63430.0,63460.0,63040.0,63245.0,4873.0
2026-06-12 14:00:00,63230.0,63720.0,63225.0,63695.0,2761.0
2026-06-12 14:30:00,63680.0,64105.0,63525.0,64085.0,5084.0
2026-06-12 15:00:00,64100.0,64490.0,63985.0,64220.0,3997.0
2026-06-12 15:30:00,64195.0,64210.0,63585.0,63640.0,3997.0
2026-06-12 16:00:00,63645.0,64075.0,63555.0,63955.0,2929.0
2026-06-12 16:30:00,63975.0,64090.0,63845.0,64060.0,759.0
2026-06-12 17:00:00,64065.0,64220.0,63795.0,63880.0,962.0
2026-06-12 17:30:00,63910.0,63965.0,63815.0,63910.0,685.0
2026-06-12 18:00:00,63925.0,64020.0,63730.0,63845.0,622.0
2026-06-12 18:30:00,63820.0,63985.0,63735.0,63740.0,575.0
2026-06-12 19:00:00,63755.0,63870.0,63695.0,63785.0,471.0
2026-06-12 19:30:00,63780.0,63915.0,63645.0,63650.0,1158.0
2026-06-12 20:00:00,63655.0,63765.0,63555.0,63570.0,1403.0
2026-06-12 20:30:00,63560.0,63635.0,63425.0,63490.0,1059.0
2026-06-15 13:30:00,66900.0,66970.0,66430.0,66465.0,3493.0
2026-06-15 14:00:00,66480.0,66635.0,66315.0,66625.0,2274.0
2026-06-15 14:30:00,66620.0,66740.0,66455.0,66650.0,1239.0
2026-06-15 15:00:00,66635.0,66780.0,66635.0,66720.0,843.0
2026-06-15 15:30:00,66695.0,67360.0,66655.0,67355.0,2374.0
2026-06-15 16:00:00,67355.0,67370.0,67145.0,67245.0,1280.0
2026-06-15 16:30:00,67265.0,67330.0,67135.0,67215.0,716.0
2026-06-15 17:00:00,67205.0,67205.0,66825.0,66890.0,2010.0
2026-06-15 17:30:00,66860.0,67015.0,66730.0,66905.0,542.0
2026-06-15 18:00:00,66905.0,66980.0,66770.0,66890.0,769.0
2026-06-15 18:30:00,66895.0,66970.0,66800.0,66820.0,505.0
2026-06-15 19:00:00,66815.0,66950.0,66395.0,66550.0,1434.0
2026-06-15 19:30:00,66580.0,66795.0,66530.0,66630.0,1855.0
2026-06-15 20:00:00,66640.0,66680.0,66535.0,66615.0,853.0
2026-06-15 20:30:00,66660.0,66720.0,66520.0,66565.0,355.0
2026-06-16 13:30:00,65995.0,66230.0,65920.0,66060.0,1951.0
2026-06-16 14:00:00,66070.0,66310.0,65510.0,65545.0,2956.0
2026-06-16 14:30:00,65555.0,65780.0,65360.0,65675.0,1806.0
2026-06-16 15:00:00,65675.0,65945.0,65635.0,65825.0,1320.0
2026-06-16 15:30:00,65830.0,66035.0,65710.0,65905.0,992.0
2026-06-16 16:00:00,65890.0,65980.0,65740.0,65790.0,386.0
2026-06-16 16:30:00,65800.0,65900.0,65720.0,65780.0,262.0
2026-06-16 17:00:00,65790.0,65890.0,65720.0,65770.0,508.0
2026-06-16 17:30:00,65760.0,66060.0,65740.0,65980.0,595.0
2026-06-16 18:00:00,66000.0,66270.0,65900.0,65930.0,1078.0
2026-06-16 18:30:00,65955.0,66015.0,65830.0,65860.0,505.0
2026-06-16 19:00:00,65860.0,65860.0,65560.0,65740.0,966.0
2026-06-16 19:30:00,65750.0,65815.0,65585.0,65730.0,1729.0
2026-06-16 20:00:00,65720.0,65865.0,65595.0,65750.0,1376.0
2026-06-16 20:30:00,65760.0,65870.0,65730.0,65835.0,298.0
2026-06-17 13:30:00,64925.0,65415.0,64845.0,65325.0,2431.0
2026-06-17 14:00:00,65250.0,65520.0,65150.0,65300.0,1346.0
2026-06-17 14:30:00,65310.0,65330.0,64790.0,65125.0,2808.0
2026-06-17 15:00:00,65150.0,65485.0,65030.0,65380.0,838.0
2026-06-17 15:30:00,65390.0,65900.0,65300.0,65800.0,1725.0
2026-06-17 16:00:00,65795.0,66505.0,65755.0,66315.0,1893.0
2026-06-17 16:30:00,66325.0,66365.0,65870.0,65895.0,1857.0
2026-06-17 17:00:00,65915.0,66050.0,65830.0,66015.0,763.0
2026-06-17 17:30:00,66025.0,66225.0,65840.0,66145.0,819.0
2026-06-17 18:00:00,66140.0,66155.0,64835.0,65425.0,4521.0
2026-06-17 18:30:00,65455.0,66085.0,65275.0,65530.0,3872.0
2026-06-17 19:00:00,65525.0,65680.0,64365.0,64470.0,4432.0
2026-06-17 19:30:00,64480.0,64680.0,64035.0,64290.0,5086.0
2026-06-17 20:00:00,64295.0,64455.0,64190.0,64330.0,1567.0
2026-06-17 20:30:00,64370.0,64475.0,64170.0,64385.0,776.0
2026-06-18 13:30:00,64320.0,64390.0,63760.0,63960.0,2918.0
2026-06-18 14:00:00,63965.0,64205.0,63670.0,63780.0,2690.0
2026-06-18 14:30:00,63795.0,64080.0,63580.0,63830.0,1461.0
2026-06-18 15:00:00,63815.0,63815.0,63175.0,63190.0,3536.0
2026-06-18 15:30:00,63230.0,63345.0,62245.0,62340.0,5673.0
2026-06-18 16:00:00,62325.0,62720.0,62305.0,62550.0,1617.0
2026-06-18 16:30:00,62540.0,62770.0,62465.0,62630.0,1087.0
2026-06-18 17:00:00,62650.0,62650.0,62215.0,62535.0,1310.0
2026-06-18 17:30:00,62540.0,62705.0,62455.0,62565.0,878.0
2026-06-18 18:00:00,62575.0,62945.0,62530.0,62795.0,2007.0
2026-06-18 18:30:00,62790.0,62865.0,62575.0,62670.0,1492.0
2026-06-18 19:00:00,62685.0,62780.0,62590.0,62745.0,657.0
2026-06-18 19:30:00,62750.0,62990.0,62740.0,62935.0,4088.0
2026-06-18 20:00:00,62930.0,63250.0,62930.0,63075.0,2396.0
2026-06-18 20:30:00,63055.0,63150.0,63010.0,63070.0,489.0
2026-06-22 13:30:00,64975.0,65595.0,64945.0,65570.0,4640.0
2026-06-22 14:00:00,65595.0,65610.0,64940.0,64945.0,2411.0
2026-06-22 14:30:00,64925.0,65045.0,64800.0,64965.0,1458.0
2026-06-22 15:00:00,64955.0,65105.0,64870.0,64990.0,1438.0
2026-06-22 15:30:00,65005.0,65115.0,64700.0,64785.0,1741.0
2026-06-22 16:00:00,64815.0,64825.0,64575.0,64635.0,1852.0
2026-06-22 16:30:00,64630.0,64770.0,64455.0,64685.0,1442.0
2026-06-22 17:00:00,64690.0,64725.0,64475.0,64480.0,294.0
2026-06-22 17:30:00,64435.0,64625.0,64350.0,64570.0,1108.0
2026-06-22 18:00:00,64575.0,64710.0,64550.0,64570.0,929.0
2026-06-22 18:30:00,64590.0,64600.0,64280.0,64305.0,1561.0
2026-06-22 19:00:00,64305.0,64400.0,64235.0,64310.0,1359.0
2026-06-22 19:30:00,64325.0,64475.0,64225.0,64455.0,1262.0
2026-06-22 20:00:00,64455.0,64655.0,64345.0,64390.0,1806.0
2026-06-22 20:30:00,64390.0,64480.0,64385.0,64395.0,399.0
2026-06-23 13:30:00,61990.0,62480.0,61880.0,62430.0,2209.0
2026-06-23 14:00:00,62430.0,62820.0,62385.0,62490.0,2268.0
2026-06-23 14:30:00,62530.0,62725.0,62345.0,62455.0,1449.0
2026-06-23 15:00:00,62440.0,62470.0,62140.0,62220.0,996.0
2026-06-23 15:30:00,62235.0,62450.0,62145.0,62425.0,807.0
2026-06-23 16:00:00,62450.0,62770.0,62380.0,62535.0,2691.0
2026-06-23 16:30:00,62540.0,62610.0,62425.0,62505.0,567.0
2026-06-23 17:00:00,62470.0,62605.0,62340.0,62580.0,538.0
2026-06-23 17:30:00,62555.0,62625.0,62260.0,62285.0,535.0
2026-06-23 18:00:00,62295.0,62400.0,62200.0,62290.0,444.0
2026-06-23 18:30:00,62270.0,62270.0,62025.0,62170.0,506.0
2026-06-23 19:00:00,62170.0,62395.0,62170.0,62390.0,299.0
2026-06-23 19:30:00,62400.0,62425.0,62220.0,62340.0,1107.0
2026-06-23 20:00:00,62355.0,62480.0,62345.0,62440.0,443.0
2026-06-23 20:30:00,62415.0,62430.0,62315.0,62385.0,214.0
2026-06-24 13:30:00,61970.0,62280.0,61380.0,61495.0,732.0
2026-06-24 14:00:00,61435.0,61590.0,61010.0,61350.0,818.0
2026-06-24 14:30:00,61360.0,61515.0,61100.0,61205.0,477.0
2026-06-24 15:00:00,61235.0,61280.0,60905.0,60985.0,380.0
2026-06-24 15:30:00,60975.0,60975.0,60360.0,60365.0,666.0
2026-06-24 16:00:00,60375.0,60795.0,60315.0,60695.0,354.0
2026-06-24 16:30:00,60655.0,60675.0,59750.0,59965.0,1161.0
2026-06-24 17:00:00,59965.0,60185.0,59450.0,59765.0,601.0
2026-06-24 17:30:00,59795.0,59815.0,59205.0,59495.0,671.0
2026-06-24 18:00:00,59480.0,60030.0,59450.0,59920.0,446.0
2026-06-24 18:30:00,59805.0,59810.0,59495.0,59690.0,135.0
2026-06-24 19:00:00,59750.0,59910.0,59625.0,59900.0,128.0
2026-06-24 19:30:00,59890.0,60160.0,59840.0,60155.0,883.0
2026-06-24 20:00:00,60135.0,60985.0,60010.0,60940.0,834.0
2026-06-24 20:30:00,61000.0,61330.0,60850.0,61110.0,355.0
2026-06-25 13:30:00,61335.0,61435.0,58200.0,58390.0,4911.0
2026-06-25 14:00:00,58410.0,59795.0,58405.0,59450.0,2226.0
2026-06-25 14:30:00,59450.0,60595.0,59285.0,59555.0,2713.0
2026-06-25 15:00:00,59535.0,59535.0,58930.0,59320.0,816.0
2026-06-25 15:30:00,59335.0,59720.0,59190.0,59655.0,307.0
2026-06-25 16:00:00,59655.0,60165.0,59565.0,59850.0,466.0
2026-06-25 16:30:00,59805.0,59805.0,59270.0,59435.0,366.0
2026-06-25 17:00:00,59450.0,59735.0,59235.0,59680.0,565.0
2026-06-25 17:30:00,59675.0,59860.0,59580.0,59770.0,371.0
2026-06-25 18:00:00,59790.0,59885.0,59520.0,59835.0,607.0
2026-06-25 18:30:00,59830.0,59830.0,59475.0,59645.0,535.0
2026-06-25 19:00:00,59660.0,59660.0,59260.0,59490.0,757.0
2026-06-25 19:30:00,59485.0,59575.0,59320.0,59460.0,1074.0
2026-06-25 20:00:00,59450.0,59850.0,59430.0,59750.0,1201.0
2026-06-25 20:30:00,59725.0,59775.0,59445.0,59535.0,217.0
2026-06-26 13:30:00,59060.0,60420.0,59005.0,60370.0,4832.0
2026-06-26 14:00:00,60380.0,60475.0,59995.0,60250.0,3196.0
2026-06-26 14:30:00,60255.0,60270.0,59545.0,59740.0,2534.0
2026-06-26 15:00:00,59755.0,60585.0,59735.0,60395.0,2608.0
2026-06-26 15:30:00,60390.0,60730.0,60315.0,60530.0,3387.0
2026-06-26 16:00:00,60545.0,60780.0,60165.0,60250.0,1902.0
2026-06-26 16:30:00,60270.0,60600.0,60215.0,60255.0,3643.0
2026-06-26 17:00:00,60235.0,60495.0,60215.0,60400.0,1321.0
2026-06-26 17:30:00,60395.0,60435.0,60145.0,60225.0,1742.0
2026-06-26 18:00:00,60250.0,60370.0,59990.0,60005.0,1554.0
2026-06-26 18:30:00,60015.0,60060.0,59730.0,59845.0,794.0
2026-06-26 19:00:00,59850.0,60270.0,59780.0,60100.0,1463.0
2026-06-26 19:30:00,60110.0,60265.0,59875.0,59945.0,2814.0
2026-06-26 20:00:00,59955.0,60190.0,59835.0,59945.0,1691.0
2026-06-26 20:30:00,59950.0,59965.0,59730.0,59880.0,1614.0
2026-06-29 13:30:00,60055.0,60390.0,59405.0,59665.0,4590.0
2026-06-29 14:00:00,59680.0,59700.0,59070.0,59605.0,3733.0
2026-06-29 14:30:00,59625.0,59810.0,59355.0,59575.0,2024.0
2026-06-29 15:00:00,59550.0,59610.0,59160.0,59600.0,2036.0
2026-06-29 15:30:00,59630.0,60065.0,59630.0,59945.0,3172.0
2026-06-29 16:00:00,59940.0,60060.0,59690.0,59720.0,927.0
2026-06-29 16:30:00,59720.0,60135.0,59715.0,60035.0,761.0
2026-06-29 17:00:00,60040.0,60805.0,60040.0,60710.0,3592.0
2026-06-29 17:30:00,60715.0,60830.0,60550.0,60565.0,1243.0
2026-06-29 18:00:00,60570.0,60680.0,60380.0,60420.0,782.0
2026-06-29 18:30:00,60415.0,60485.0,60325.0,60445.0,920.0
2026-06-29 19:00:00,60450.0,60630.0,60300.0,60600.0,991.0
2026-06-29 19:30:00,60600.0,60695.0,60450.0,60560.0,1494.0
2026-06-29 20:00:00,60540.0,60685.0,60475.0,60525.0,875.0
2026-06-29 20:30:00,60545.0,60610.0,60390.0,60415.0,995.0
2026-06-30 13:30:00,58550.0,58855.0,58250.0,58790.0,4292.0
2026-06-30 14:00:00,58765.0,59320.0,58705.0,59105.0,2979.0
2026-06-30 14:30:00,59100.0,59175.0,58475.0,58530.0,2645.0
2026-06-30 15:00:00,58530.0,58655.0,58205.0,58440.0,2863.0
2026-06-30 15:30:00,58430.0,58855.0,58300.0,58430.0,1562.0
2026-06-30 16:00:00,58445.0,58685.0,58310.0,58355.0,1118.0
2026-06-30 16:30:00,58375.0,58655.0,58310.0,58570.0,1381.0
2026-06-30 17:00:00,58560.0,58690.0,58440.0,58465.0,413.0
2026-06-30 17:30:00,58465.0,58525.0,58365.0,58495.0,915.0
2026-06-30 18:00:00,58500.0,58770.0,58425.0,58600.0,549.0
2026-06-30 18:30:00,58610.0,58750.0,58450.0,58750.0,626.0
2026-06-30 19:00:00,58745.0,58810.0,58635.0,58730.0,1060.0
2026-06-30 19:30:00,58730.0,58920.0,58730.0,58915.0,1558.0
2026-06-30 20:00:00,58885.0,58965.0,58765.0,58805.0,840.0
2026-06-30 20:30:00,58800.0,58890.0,58725.0,58815.0,502.0
2026-07-01 13:30:00,58910.0,59690.0,58690.0,59605.0,6688.0
2026-07-01 14:00:00,59675.0,60270.0,59405.0,59975.0,5643.0
2026-07-01 14:30:00,59970.0,60010.0,59570.0,59695.0,2462.0
2026-07-01 15:00:00,59685.0,60710.0,59665.0,60500.0,5663.0
2026-07-01 15:30:00,60510.0,60570.0,60250.0,60325.0,2360.0
2026-07-01 16:00:00,60340.0,60455.0,60110.0,60320.0,835.0
2026-07-01 16:30:00,60310.0,60360.0,60035.0,60100.0,616.0
2026-07-01 17:00:00,60090.0,60390.0,59940.0,60335.0,945.0
2026-07-01 17:30:00,60320.0,60430.0,60260.0,60355.0,639.0
2026-07-01 18:00:00,60345.0,60390.0,60190.0,60320.0,712.0
2026-07-01 18:30:00,60290.0,60490.0,60250.0,60335.0,1435.0
2026-07-01 19:00:00,60340.0,60535.0,60290.0,60350.0,1089.0
2026-07-01 19:30:00,60350.0,60465.0,60160.0,60190.0,2157.0
2026-07-01 20:00:00,60185.0,60225.0,60010.0,60155.0,1497.0
2026-07-01 20:30:00,60125.0,60350.0,60125.0,60320.0,694.0
2026-07-02 13:30:00,61870.0,62265.0,61700.0,62125.0,4546.0
2026-07-02 14:00:00,62150.0,62445.0,61755.0,61870.0,2774.0
2026-07-02 14:30:00,61860.0,62020.0,61570.0,61885.0,2539.0
2026-07-02 15:00:00,61905.0,62045.0,61585.0,61900.0,1270.0
2026-07-02 15:30:00,61900.0,62020.0,61700.0,61785.0,1054.0
2026-07-02 16:00:00,61825.0,61950.0,61335.0,61390.0,2055.0
2026-07-02 16:30:00,61400.0,61995.0,61400.0,61875.0,1256.0
2026-07-02 17:00:00,61880.0,62160.0,61820.0,62085.0,893.0
2026-07-02 17:30:00,62060.0,62065.0,61825.0,61845.0,660.0
2026-07-02 18:00:00,61870.0,62075.0,61860.0,62065.0,564.0
2026-07-02 18:30:00,62075.0,62080.0,61895.0,61970.0,426.0
2026-07-02 19:00:00,61965.0,61965.0,61705.0,61835.0,499.0
2026-07-02 19:30:00,61825.0,61905.0,61625.0,61670.0,2099.0
2026-07-02 20:00:00,61675.0,61730.0,61575.0,61580.0,966.0
2026-07-02 20:30:00,61580.0,61785.0,61540.0,61735.0,910.0
2026-07-06 13:30:00,61565.0,62195.0,61425.0,61895.0,4440.0
2026-07-06 14:00:00,61915.0,62590.0,61840.0,62230.0,5205.0
2026-07-06 14:30:00,62205.0,62350.0,62020.0,62145.0,1872.0
2026-07-06 15:00:00,62200.0,62770.0,62200.0,62640.0,3186.0
2026-07-06 15:30:00,62615.0,63750.0,62435.0,63750.0,5978.0
2026-07-06 16:00:00,63755.0,64080.0,63590.0,63685.0,3606.0
2026-07-06 16:30:00,63690.0,64000.0,63690.0,63940.0,1133.0
2026-07-06 17:00:00,63950.0,64180.0,63875.0,64075.0,1177.0
2026-07-06 17:30:00,64080.0,64150.0,63765.0,63785.0,1316.0
2026-07-06 18:00:00,63815.0,64095.0,63745.0,63950.0,870.0
2026-07-06 18:30:00,63920.0,64045.0,63860.0,63885.0,502.0
2026-07-06 19:00:00,63890.0,64085.0,63830.0,64040.0,545.0
2026-07-06 19:30:00,64010.0,64065.0,63875.0,63895.0,1827.0
2026-07-06 20:00:00,63900.0,63935.0,63735.0,63920.0,1477.0
2026-07-06 20:30:00,63930.0,64080.0,63930.0,63990.0,791.0
2026-07-07 13:30:00,63215.0,63520.0,63090.0,63140.0,3641.0
2026-07-07 14:00:00,63160.0,63370.0,62975.0,63265.0,2804.0
2026-07-07 14:30:00,63275.0,63780.0,62740.0,63685.0,4586.0
2026-07-07 15:00:00,63705.0,63945.0,63505.0,63880.0,2049.0
2026-07-07 15:30:00,63885.0,64260.0,63825.0,64105.0,2366.0
2026-07-07 16:00:00,64110.0,64240.0,63970.0,64165.0,963.0
2026-07-07 16:30:00,64140.0,64425.0,64090.0,64170.0,1276.0
2026-07-07 17:00:00,64155.0,64330.0,64060.0,64320.0,767.0
2026-07-07 17:30:00,64330.0,64415.0,64265.0,64370.0,411.0
2026-07-07 18:00:00,64355.0,64355.0,64140.0,64165.0,907.0
2026-07-07 18:30:00,64155.0,64305.0,63835.0,63855.0,1643.0
2026-07-07 19:00:00,63860.0,63935.0,63540.0,63765.0,2043.0
2026-07-07 19:30:00,63785.0,64090.0,63785.0,63995.0,1253.0
2026-07-07 20:00:00,64000.0,64085.0,63860.0,63910.0,1219.0
2026-07-07 20:30:00,63915.0,63935.0,63790.0,63845.0,474.0
2026-07-08 13:30:00,61935.0,62200.0,61715.0,62060.0,3520.0
2026-07-08 14:00:00,62055.0,62315.0,61935.0,62160.0,2158.0
2026-07-08 14:30:00,62125.0,62170.0,61810.0,62020.0,1904.0
2026-07-08 15:00:00,62030.0,62050.0,61640.0,61710.0,2176.0
2026-07-08 15:30:00,61715.0,61900.0,61670.0,61835.0,947.0
2026-07-08 16:00:00,61825.0,62110.0,61790.0,62045.0,856.0
2026-07-08 16:30:00,62025.0,62280.0,61915.0,62225.0,1410.0
2026-07-08 17:00:00,62215.0,62460.0,62150.0,62455.0,894.0
2026-07-08 17:30:00,62455.0,62555.0,62195.0,62255.0,1104.0
2026-07-08 18:00:00,62245.0,62500.0,62240.0,62345.0,618.0
2026-07-08 18:30:00,62305.0,62435.0,62170.0,62320.0,322.0
2026-07-08 19:00:00,62350.0,62425.0,62205.0,62375.0,574.0
2026-07-08 19:30:00,62390.0,62455.0,62245.0,62435.0,2061.0
2026-07-08 20:00:00,62440.0,62475.0,62285.0,62395.0,1353.0
2026-07-08 20:30:00,62385.0,62420.0,62230.0,62260.0,523.0
2026-07-09 13:30:00,62845.0,63445.0,62625.0,63185.0,3189.0
2026-07-09 14:00:00,63190.0,63310.0,62800.0,63020.0,1339.0
2026-07-09 14:30:00,63020.0,63215.0,62880.0,63185.0,968.0
2026-07-09 15:00:00,63180.0,63445.0,63075.0,63160.0,2623.0
2026-07-09 15:30:00,63170.0,63265.0,62945.0,63025.0,1137.0
2026-07-09 16:00:00,63020.0,63140.0,62685.0,62855.0,1149.0
2026-07-09 16:30:00,62860.0,62935.0,62730.0,62835.0,570.0
2026-07-09 17:00:00,62845.0,62985.0,62795.0,62965.0,522.0
2026-07-09 17:30:00,62990.0,63310.0,62900.0,63290.0,1154.0
2026-07-09 18:00:00,63290.0,63675.0,63225.0,63510.0,2181.0
2026-07-09 18:30:00,63525.0,63565.0,63335.0,63385.0,708.0
2026-07-09 19:00:00,63400.0,63445.0,63305.0,63430.0,467.0
2026-07-09 19:30:00,63430.0,63535.0,63360.0,63395.0,1597.0
2026-07-09 20:00:00,63390.0,63475.0,63315.0,63425.0,813.0
2026-07-09 20:30:00,63405.0,63485.0,63390.0,63455.0,424.0
2026-07-10 13:30:00,64340.0,64915.0,64310.0,64670.0,3183.0
2026-07-10 14:00:00,64635.0,64705.0,64115.0,64320.0,2191.0
2026-07-10 14:30:00,64315.0,64520.0,63930.0,64080.0,4583.0
2026-07-10 15:00:00,64070.0,64405.0,64045.0,64315.0,1042.0
2026-07-10 15:30:00,64350.0,64360.0,64095.0,64215.0,821.0
2026-07-10 16:00:00,64205.0,64335.0,64120.0,64185.0,680.0
2026-07-10 16:30:00,64185.0,64410.0,63990.0,64340.0,1017.0
2026-07-10 17:00:00,64310.0,64345.0,64025.0,64140.0,728.0
2026-07-10 17:30:00,64100.0,64140.0,63955.0,63960.0,620.0
2026-07-10 18:00:00,64010.0,64170.0,64000.0,64080.0,758.0
2026-07-10 18:30:00,64085.0,64120.0,63875.0,63960.0,477.0
2026-07-10 19:00:00,63950.0,64090.0,63920.0,64030.0,684.0
2026-07-10 19:30:00,64025.0,64220.0,64010.0,64085.0,1644.0
2026-07-10 20:00:00,64080.0,64105.0,63840.0,63905.0,1654.0
2026-07-10 20:30:00,63915.0,64070.0,63900.0,64025.0,663.0
2026-07-13 13:30:00,62595.0,62850.0,62210.0,62410.0,3180.0
2026-07-13 14:00:00,62395.0,62750.0,62155.0,62630.0,3802.0
2026-07-13 14:30:00,62630.0,62885.0,62515.0,62870.0,1494.0
2026-07-13 15:00:00,62870.0,63060.0,62750.0,62915.0,1283.0
2026-07-13 15:30:00,62920.0,62935.0,62630.0,62705.0,595.0
2026-07-13 16:00:00,62690.0,62710.0,62345.0,62405.0,811.0
2026-07-13 16:30:00,62360.0,62485.0,62255.0,62330.0,671.0
2026-07-13 17:00:00,62335.0,62420.0,62210.0,62225.0,737.0
2026-07-13 17:30:00,62225.0,62280.0,61935.0,61955.0,2057.0
2026-07-13 18:00:00,61965.0,62105.0,61865.0,61980.0,1398.0
2026-07-13 18:30:00,61985.0,62170.0,61945.0,62055.0,1005.0
2026-07-13 19:00:00,62075.0,62150.0,62010.0,62060.0,644.0
2026-07-13 19:30:00,62070.0,62365.0,62065.0,62355.0,1739.0
2026-07-13 20:00:00,62355.0,62410.0,62135.0,62265.0,1266.0
2026-07-13 20:30:00,62290.0,62335.0,62115.0,62270.0,477.0
2026-07-14 13:30:00,64105.0,64115.0,63815.0,63975.0,2617.0
2026-07-14 14:00:00,63985.0,64080.0,63680.0,64040.0,2367.0
2026-07-14 14:30:00,64045.0,64525.0,63985.0,64450.0,3325.0
2026-07-14 15:00:00,64450.0,64745.0,64320.0,64650.0,4225.0
2026-07-14 15:30:00,64675.0,65405.0,64645.0,64925.0,5486.0
2026-07-14 16:00:00,64940.0,65070.0,64780.0,65000.0,1685.0
2026-07-14 16:30:00,65000.0,65075.0,64880.0,64895.0,812.0
2026-07-14 17:00:00,64885.0,64885.0,64455.0,64700.0,2208.0
2026-07-14 17:30:00,64690.0,64865.0,64575.0,64790.0,845.0
2026-07-14 18:00:00,64790.0,64815.0,64645.0,64695.0,752.0
2026-07-14 18:30:00,64665.0,64830.0,64635.0,64735.0,1374.0
2026-07-14 19:00:00,64730.0,64850.0,64705.0,64720.0,471.0
2026-07-14 19:30:00,64705.0,64825.0,64640.0,64725.0,2157.0
2026-07-14 20:00:00,64715.0,64740.0,64580.0,64585.0,1265.0
2026-07-14 20:30:00,64595.0,64720.0,64565.0,64680.0,545.0
2026-07-15 13:30:00,65425.0,65670.0,64975.0,65225.0,3986.0
2026-07-15 14:00:00,65240.0,65555.0,65160.0,65480.0,2663.0
2026-07-15 14:30:00,65500.0,65675.0,65430.0,65540.0,1952.0
2026-07-15 15:00:00,65540.0,65640.0,65395.0,65545.0,1295.0
2026-07-15 15:30:00,65515.0,65740.0,65450.0,65535.0,1840.0
2026-07-15 16:00:00,65545.0,65595.0,65140.0,65285.0,2204.0
2026-07-15 16:30:00,65295.0,65300.0,64880.0,65265.0,2330.0
2026-07-15 17:00:00,65255.0,65310.0,65110.0,65185.0,1275.0
2026-07-15 17:30:00,65175.0,65330.0,65110.0,65205.0,1976.0
2026-07-15 18:00:00,65190.0,65285.0,65105.0,65195.0,404.0
2026-07-15 18:30:00,65210.0,65245.0,64945.0,64970.0,1411.0
2026-07-15 19:00:00,64975.0,65070.0,64835.0,64980.0,1401.0
2026-07-15 19:30:00,64990.0,65130.0,64960.0,65110.0,1091.0
2026-07-15 20:00:00,65095.0,65165.0,65025.0,65130.0,629.0
2026-07-15 20:30:00,65150.0,65195.0,65085.0,65105.0,464.0
2026-07-16 13:30:00,64340.0,64590.0,64185.0,64470.0,3588.0
2026-07-16 14:00:00,64475.0,64970.0,64425.0,64870.0,2986.0
2026-07-16 14:30:00,64875.0,64965.0,64480.0,64670.0,1744.0
2026-07-16 15:00:00,64660.0,65025.0,64405.0,64945.0,1019.0
2026-07-16 15:30:00,64915.0,64950.0,64750.0,64835.0,866.0
2026-07-16 16:00:00,64840.0,64845.0,64500.0,64665.0,735.0
2026-07-16 16:30:00,64665.0,64770.0,64415.0,64590.0,582.0
2026-07-16 17:00:00,64565.0,64570.0,64190.0,64335.0,786.0
2026-07-16 17:30:00,64325.0,64415.0,64095.0,64195.0,735.0
2026-07-16 18:00:00,64190.0,64465.0,64150.0,64335.0,1871.0
2026-07-16 18:30:00,64310.0,64465.0,64200.0,64395.0,1013.0
2026-07-16 19:00:00,64390.0,64430.0,64275.0,64385.0,368.0
2026-07-16 19:30:00,64375.0,64415.0,64245.0,64380.0,917.0
2026-07-16 20:00:00,64395.0,64410.0,64260.0,64285.0,496.0
2026-07-16 20:30:00,64290.0,64320.0,64230.0,64235.0,445.0
2026-07-17 13:30:00,62925.0,63270.0,62570.0,63225.0,5255.0
2026-07-17 14:00:00,63245.0,63605.0,63225.0,63330.0,2331.0
2026-07-17 14:30:00,63340.0,63440.0,63150.0,63255.0,1132.0
2026-07-17 15:00:00,63260.0,63360.0,62935.0,63360.0,1760.0
2026-07-17 15:30:00,63365.0,63570.0,63180.0,63570.0,1024.0
2026-07-17 16:00:00,63560.0,63680.0,63410.0,63575.0,1538.0
2026-07-17 16:30:00,63575.0,63835.0,63450.0,63705.0,775.0
2026-07-17 17:00:00,63725.0,64290.0,63705.0,64160.0,2207.0
2026-07-17 17:30:00,64150.0,64375.0,64095.0,64190.0,1457.0
2026-07-17 18:00:00,64190.0,64240.0,64005.0,64085.0,1194.0
2026-07-17 18:30:00,64085.0,64525.0,64070.0,64385.0,1731.0
2026-07-17 19:00:00,64390.0,64395.0,64110.0,64185.0,552.0
2026-07-17 19:30:00,64220.0,64340.0,64195.0,64260.0,1467.0
2026-07-17 20:00:00,64265.0,64265.0,64075.0,64140.0,1212.0
2026-07-17 20:30:00,64135.0,64350.0,64060.0,64280.0,1006.0
2026-07-20 13:30:00,64605.0,64830.0,64235.0,64405.0,3286.0
2026-07-20 14:00:00,64405.0,64550.0,64105.0,64535.0,1537.0
2026-07-20 14:30:00,64545.0,64635.0,64355.0,64480.0,988.0
2026-07-20 15:00:00,64490.0,65110.0,64475.0,65035.0,2321.0
2026-07-20 15:30:00,65035.0,65780.0,64885.0,65710.0,4786.0
2026-07-20 16:00:00,65700.0,65740.0,65460.0,65550.0,1617.0
2026-07-20 16:30:00,65555.0,65665.0,65415.0,65605.0,2002.0
2026-07-20 17:00:00,65590.0,65630.0,65515.0,65590.0,805.0
2026-07-20 17:30:00,65590.0,65745.0,65400.0,65670.0,1361.0
2026-07-20 18:00:00,65680.0,65895.0,65660.0,65685.0,1662.0
2026-07-20 18:30:00,65650.0,65670.0,65260.0,65305.0,1501.0
2026-07-20 19:00:00,65300.0,65345.0,65120.0,65235.0,1487.0
2026-07-20 19:30:00,65225.0,65255.0,65120.0,65205.0,3052.0
2026-07-20 20:00:00,65210.0,65385.0,65110.0,65330.0,1508.0
2026-07-20 20:30:00,65345.0,65500.0,65345.0,65455.0,441.0
2026-07-21 13:30:00,66535.0,66915.0,66395.0,66885.0,4420.0
2026-07-21 14:00:00,66890.0,67115.0,66750.0,66860.0,4534.0
2026-07-21 14:30:00,66865.0,67045.0,66760.0,66970.0,1670.0
2026-07-21 15:00:00,66970.0,66970.0,66710.0,66715.0,1019.0
2026-07-21 15:30:00,66715.0,66825.0,66615.0,66790.0,1270.0
2026-07-21 16:00:00,66775.0,66860.0,66620.0,66630.0,1845.0
2026-07-21 16:30:00,66635.0,66745.0,66560.0,66635.0,680.0
2026-07-21 17:00:00,66630.0,66655.0,66470.0,66535.0,700.0
2026-07-21 17:30:00,66550.0,66595.0,66165.0,66295.0,2919.0
2026-07-21 18:00:00,66290.0,66425.0,66190.0,66330.0,594.0
2026-07-21 18:30:00,66315.0,66440.0,66145.0,66390.0,1908.0
2026-07-21 19:00:00,66390.0,66505.0,66345.0,66480.0,612.0
2026-07-21 19:30:00,66495.0,66610.0,66480.0,66540.0,2022.0
2026-07-21 20:00:00,66535.0,66585.0,66455.0,66490.0,751.0
2026-07-21 20:30:00,66510.0,66600.0,66495.0,66495.0,523.0
2026-07-22 13:30:00,65670.0,66060.0,65670.0,66020.0,2576.0
2026-07-22 14:00:00,66020.0,66300.0,65645.0,65680.0,3468.0
2026-07-22 14:30:00,65690.0,65950.0,65645.0,65870.0,2298.0
2026-07-22 15:00:00,65855.0,66225.0,65855.0,66160.0,1478.0
2026-07-22 15:30:00,66180.0,66215.0,66025.0,66125.0,845.0
2026-07-22 16:00:00,66145.0,66255.0,66000.0,66135.0,556.0
2026-07-22 16:30:00,66110.0,66500.0,66110.0,66305.0,1223.0
2026-07-22 17:00:00,66300.0,66365.0,66020.0,66060.0,886.0
2026-07-22 17:30:00,66060.0,66305.0,66060.0,66110.0,324.0
2026-07-22 18:00:00,66110.0,66160.0,65925.0,65960.0,444.0
2026-07-22 18:30:00,65950.0,66005.0,65810.0,65975.0,1427.0
2026-07-22 19:00:00,65970.0,66005.0,65760.0,65975.0,837.0
2026-07-22 19:30:00,65975.0,66040.0,65900.0,66010.0,1023.0
2026-07-22 20:00:00,66000.0,66030.0,65845.0,66000.0,1996.0
2026-07-22 20:30:00,66000.0,66025.0,65950.0,65990.0,276.0
2026-07-23 13:30:00,65040.0,65240.0,64860.0,64880.0,5505.0
2026-07-23 14:00:00,64890.0,65250.0,64815.0,65175.0,2615.0
2026-07-23 14:30:00,65180.0,65265.0,64840.0,64915.0,2845.0
2026-07-23 15:00:00,64900.0,64975.0,64710.0,64865.0,2251.0
2026-07-23 15:30:00,64860.0,65040.0,64805.0,64980.0,812.0
2026-07-23 16:00:00,64960.0,64960.0,64745.0,64820.0,700.0
2026-07-23 16:30:00,64805.0,64825.0,64685.0,64745.0,556.0
2026-07-23 17:00:00,64740.0,64880.0,64720.0,64880.0,612.0
2026-07-23 17:30:00,64845.0,64915.0,64645.0,64680.0,743.0
2026-07-23 18:00:00,64665.0,64850.0,64665.0,64835.0,410.0
2026-07-23 18:30:00,64835.0,64990.0,64805.0,64905.0,1059.0
2026-07-23 19:00:00,64910.0,64960.0,64765.0,64910.0,409.0
2026-07-23 19:30:00,64930.0,64965.0,64690.0,64860.0,1372.0
2026-07-23 20:00:00,64850.0,65205.0,64830.0,65180.0,980.0
2026-07-23 20:30:00,65170.0,65205.0,65110.0,65180.0,432.0
2026-07-24 13:30:00,64375.0,64435.0,63880.0,64130.0,3621.0
2026-07-24 14:00:00,64135.0,64205.0,63695.0,63835.0,2696.0
2026-07-24 14:30:00,63825.0,64050.0,63695.0,64050.0,1545.0
2026-07-24 15:00:00,64030.0,64190.0,63815.0,64105.0,2298.0
2026-07-24 15:30:00,64085.0,64320.0,64020.0,64090.0,2677.0
2026-07-24 16:00:00,64085.0,64215.0,64015.0,64085.0,1031.0
2026-07-24 16:30:00,64050.0,64050.0,63860.0,63995.0,608.0
2026-07-24 17:00:00,63940.0,64145.0,63875.0,64080.0,751.0
2026-07-24 17:30:00,64075.0,64190.0,64075.0,64165.0,282.0
2026-07-24 18:00:00,64175.0,64215.0,64115.0,64130.0,244.0
2026-07-24 18:30:00,64150.0,64305.0,64100.0,64275.0,965.0
2026-07-24 19:00:00,64280.0,64310.0,64125.0,64205.0,817.0
2026-07-24 19:30:00,64190.0,64280.0,64160.0,64230.0,1658.0
2026-07-24 20:00:00,64230.0,64285.0,64170.0,64240.0,1033.0
2026-07-24 20:30:00,64230.0,64230.0,64110.0,64155.0,884.0
2026-07-27 13:30:00,64930.0,65735.0,64905.0,65220.0,6955.0
2026-07-27 14:00:00,65225.0,65440.0,64850.0,64860.0,3756.0
2026-07-27 14:30:00,64850.0,64870.0,64430.0,64650.0,2657.0
2026-07-27 15:00:00,64675.0,64765.0,64530.0,64625.0,1074.0
2026-07-27 15:30:00,64630.0,64690.0,64400.0,64540.0,1055.0
2026-07-27 16:00:00,64545.0,64785.0,64490.0,64720.0,754.0
2026-07-27 16:30:00,64705.0,64965.0,64705.0,64895.0,866.0
2026-07-27 17:00:00,64885.0,65080.0,64785.0,65005.0,486.0
2026-07-27 17:30:00,65020.0,65090.0,64945.0,65030.0,419.0
2026-07-27 18:00:00,65025.0,65070.0,64840.0,64900.0,255.0
2026-07-27 18:30:00,64935.0,64935.0,64735.0,64880.0,2616.0
2026-07-27 19:00:00,64890.0,65030.0,64795.0,65000.0,905.0
2026-07-27 19:30:00,65005.0,65100.0,64910.0,64975.0,592.0
2026-07-27 20:00:00,64975.0,65045.0,64915.0,65025.0,394.0
2026-07-27 20:30:00,65010.0,65030.0,64915.0,64970.0,356.0
2026-07-28 13:30:00,63260.0,63350.0,62665.0,63015.0,4524.0
2026-07-28 14:00:00,63070.0,63275.0,62925.0,63150.0,1316.0
2026-07-28 14:30:00,63165.0,63520.0,63105.0,63375.0,1769.0
2026-07-28 15:00:00,63400.0,63975.0,63235.0,63750.0,3549.0
2026-07-28 15:30:00,63745.0,64035.0,63695.0,63930.0,1702.0
2026-07-28 16:00:00,63920.0,63950.0,63795.0,63830.0,1146.0
2026-07-28 16:30:00,63820.0,64115.0,63770.0,64045.0,623.0
2026-07-28 17:00:00,64025.0,64030.0,63715.0,63745.0,841.0
2026-07-28 17:30:00,63735.0,63745.0,63495.0,63670.0,580.0
2026-07-28 18:00:00,63705.0,63840.0,63655.0,63680.0,879.0
2026-07-28 18:30:00,63705.0,63795.0,63650.0,63710.0,864.0
2026-07-28 19:00:00,63725.0,63855.0,63700.0,63700.0,632.0
2026-07-28 19:30:00,63815.0,63890.0,63645.0,63885.0,1117.0
2026-07-28 20:00:00,63890.0,64025.0,63865.0,63900.0,725.0
2026-07-28 20:30:00,63905.0,63960.0,63860.0,63930.0,653.0
2026-07-29 13:30:00,64380.0,64850.0,64380.0,64850.0,404.0
2026-07-29 14:00:00,64895.0,64950.0,64295.0,64410.0,213.0
2026-07-29 14:30:00,64405.0,64500.0,64215.0,64280.0,196.0
2026-07-29 15:00:00,64280.0,64350.0,64135.0,64215.0,150.0
2026-07-29 15:30:00,64250.0,64340.0,64040.0,64110.0,85.0
2026-07-29 16:00:00,64145.0,64270.0,64045.0,64195.0,92.0
2026-07-29 16:30:00,64195.0,64195.0,63795.0,63970.0,153.0
2026-07-29 17:00:00,63965.0,64030.0,63905.0,63915.0,82.0
2026-07-29 17:30:00,63920.0,64440.0,63910.0,64365.0,80.0
2026-07-29 18:00:00,64550.0,64940.0,64200.0,64300.0,434.0
2026-07-29 18:30:00,64280.0,64885.0,63985.0,64735.0,608.0
2026-07-29 19:00:00,64745.0,64815.0,64165.0,64205.0,572.0
2026-07-29 19:30:00,64220.0,64285.0,63725.0,63795.0,815.0
2026-07-29 20:00:00,63800.0,63900.0,63585.0,63725.0,852.0
2026-07-29 20:30:00,63700.0,63880.0,63660.0,63690.0,79.0
2026-07-30 13:30:00,65075.0,65450.0,64930.0,65290.0,1254.0
2026-07-30 14:00:00,65295.0,65300.0,64845.0,65040.0,801.0
2026-07-30 14:30:00,65030.0,65120.0,64880.0,64930.0,404.0
2026-07-30 15:00:00,64920.0,65150.0,64830.0,64925.0,270.0
2026-07-30 15:30:00,64925.0,65040.0,64860.0,64960.0,120.0
2026-07-30 16:00:00,64975.0,65225.0,64945.0,65110.0,681.0
2026-07-30 16:30:00,65155.0,65170.0,65010.0,65060.0,466.0
2026-07-30 17:00:00,65070.0,65230.0,65020.0,65220.0,223.0
2026-07-30 17:30:00,65210.0,65250.0,65090.0,65145.0,110.0
2026-07-30 18:00:00,65150.0,65155.0,64975.0,65060.0,117.0
2026-07-30 18:30:00,65060.0,65065.0,64910.0,64940.0,336.0
2026-07-30 19:00:00,64945.0,65150.0,64940.0,65110.0,256.0
2026-07-30 19:30:00,65125.0,65125.0,65015.0,65085.0,439.0
2026-07-30 20:00:00,65055.0,65220.0,65050.0,65090.0,242.0
2026-07-30 20:30:00,65110.0,65190.0,65020.0,65115.0,252.0
2026-07-31 13:30:00,63970.0,63985.0,63335.0,63375.0,6440.0
2026-07-31 14:00:00,63365.0,63435.0,62500.0,62740.0,11513.0
2026-07-31 14:30:00,62760.0,62920.0,62685.0,62780.0,2524.0
2026-07-31 15:00:00,62785.0,62840.0,62565.0,62670.0,2542.0
2026-07-31 15:30:00,62680.0,62885.0,62655.0,62830.0,1757.0
2026-07-31 16:00:00,62830.0,63060.0,62800.0,63055.0,1675.0
2026-07-31 16:30:00,63050.0,63050.0,62930.0,63010.0,870.0
2026-07-31 17:00:00,63005.0,63140.0,62930.0,63105.0,1516.0
2026-07-31 17:30:00,63100.0,63465.0,63085.0,63410.0,1001.0
2026-07-31 18:00:00,63405.0,63480.0,63210.0,63215.0,931.0
2026-07-31 18:30:00,63210.0,63365.0,63110.0,63265.0,1573.0
2026-07-31 19:00:00,63255.0,63340.0,63175.0,63195.0,689.0
2026-07-31 19:30:00,63190.0,63225.0,63090.0,63145.0,1983.0
2026-07-31 20:00:00,63135.0,63215.0,63095.0,63165.0,1227.0
2026-07-31 20:30:00,63160.0,63175.0,63040.0,63075.0,772.0
2026-08-03 13:30:00,62885.0,63560.0,62650.0,63505.0,3891.0
2026-08-03 14:00:00,63495.0,64005.0,63280.0,63955.0,4818.0
2026-08-03 14:30:00,63980.0,64200.0,63825.0,64170.0,4923.0
2026-08-03 15:00:00,64170.0,64205.0,63855.0,63905.0,2622.0
2026-08-03 15:30:00,63915.0,64140.0,63820.0,63885.0,1831.0
2026-08-03 16:00:00,63905.0,64150.0,63850.0,64105.0,2013.0
2026-08-03 16:30:00,64100.0,64100.0,63885.0,63965.0,1103.0
2026-08-03 17:00:00,63970.0,64260.0,63905.0,64020.0,1595.0
2026-08-03 17:30:00,64020.0,64175.0,63980.0,64105.0,811.0
2026-08-03 18:00:00,64120.0,64215.0,64010.0,64045.0,560.0
2026-08-03 18:30:00,64070.0,64145.0,63970.0,64080.0,327.0
2026-08-03 19:00:00,64075.0,64225.0,64030.0,64170.0,503.0
2026-08-03 19:30:00,64195.0,64300.0,64070.0,64075.0,1246.0
2026-08-03 20:00:00,64070.0,64255.0,64025.0,64170.0,1116.0
2026-08-03 20:30:00,64170.0,64185.0,63985.0,63995.0,781.0
2026-08-04 13:30:00,64065.0,64305.0,63820.0,63885.0,4469.0
2026-08-04 14:00:00,63860.0,64125.0,63780.0,64080.0,1451.0
2026-08-04 14:30:00,64090.0,64410.0,64050.0,64350.0,2834.0
2026-08-04 15:00:00,64350.0,64450.0,64130.0,64155.0,1756.0
2026-08-04 15:30:00,64155.0,64460.0,63990.0,64335.0,2932.0
2026-08-04 16:00:00,64340.0,64350.0,64180.0,64220.0,521.0
2026-08-04 16:30:00,64205.0,64265.0,64090.0,64150.0,881.0
2026-08-04 17:00:00,64160.0,64410.0,64155.0,64385.0,1379.0
2026-08-04 17:30:00,64390.0,64410.0,64080.0,64165.0,1364.0
2026-08-04 18:00:00,64195.0,64635.0,64190.0,64590.0,1292.0
2026-08-04 18:30:00,64585.0,64615.0,64435.0,64525.0,1125.0
2026-08-04 19:00:00,64520.0,64605.0,64485.0,64510.0,612.0
2026-08-04 19:30:00,64510.0,64630.0,64410.0,64460.0,1873.0
2026-08-04 20:00:00,64455.0,64475.0,64215.0,64355.0,1947.0
2026-08-04 20:30:00,64410.0,64665.0,64405.0,64580.0,1676.0
2026-08-05 13:30:00,64330.0,64640.0,64040.0,64630.0,4479.0
2026-08-05 14:00:00,64630.0,64835.0,64515.0,64570.0,3831.0
2026-08-05 14:30:00,64555.0,64785.0,64500.0,64725.0,3704.0
2026-08-05 15:00:00,64725.0,65025.0,64670.0,64725.0,4178.0
2026-08-05 15:30:00,64735.0,64970.0,64570.0,64575.0,1737.0
2026-08-05 16:00:00,64580.0,65010.0,64580.0,64995.0,1795.0
2026-08-05 16:30:00,64990.0,65000.0,64825.0,64890.0,552.0
2026-08-05 17:00:00,64920.0,64930.0,64730.0,64815.0,381.0
2026-08-05 17:30:00,64805.0,65045.0,64785.0,65000.0,710.0
2026-08-05 18:00:00,65000.0,65065.0,64895.0,64945.0,1271.0
2026-08-05 18:30:00,64940.0,65100.0,64895.0,65030.0,839.0
2026-08-05 19:00:00,65025.0,65190.0,65010.0,65180.0,1267.0
2026-08-05 19:30:00,65160.0,65190.0,65050.0,65050.0,1163.0
2026-08-05 20:00:00,65060.0,65280.0,65010.0,65225.0,2636.0
2026-08-05 20:30:00,65225.0,65245.0,65070.0,65095.0,618.0
2026-08-06 13:30:00,64405.0,64735.0,64315.0,64600.0,2003.0
2026-08-06 14:00:00,64600.0,64780.0,64560.0,64605.0,1461.0
2026-08-06 14:30:00,64590.0,65055.0,64520.0,64980.0,2098.0
2026-08-06 15:00:00,64970.0,65215.0,64890.0,65030.0,2591.0
2026-08-06 15:30:00,65070.0,65085.0,64815.0,64875.0,897.0
2026-08-06 16:00:00,64840.0,64915.0,64765.0,64825.0,743.0
2026-08-06 16:30:00,64840.0,64975.0,64805.0,64960.0,388.0
2026-08-06 17:00:00,64985.0,65045.0,64865.0,64865.0,484.0
2026-08-06 17:30:00,64870.0,64885.0,64725.0,64800.0,525.0
2026-08-06 18:00:00,64800.0,64805.0,64645.0,64690.0,644.0
2026-08-06 18:30:00,64660.0,64700.0,64540.0,64590.0,766.0
2026-08-06 19:00:00,64585.0,64645.0,64565.0,64565.0,425.0
2026-08-06 19:30:00,64570.0,64660.0,64525.0,64635.0,1013.0
2026-08-06 20:00:00,64625.0,64730.0,64625.0,64655.0,693.0
2026-08-06 20:30:00,64625.0,64675.0,64600.0,64625.0,277.0
2026-08-07 13:30:00,65385.0,65575.0,65165.0,65200.0,7010.0
2026-08-07 14:00:00,65200.0,65460.0,64940.0,65405.0,5208.0
2026-08-07 14:30:00,65395.0,65500.0,65115.0,65140.0,1450.0
2026-08-07 15:00:00,65150.0,65270.0,65060.0,65200.0,1193.0
2026-08-07 15:30:00,65220.0,65335.0,65075.0,65080.0,870.0
2026-08-07 16:00:00,65085.0,65265.0,65055.0,65100.0,878.0
2026-08-07 16:30:00,65095.0,65160.0,64965.0,64980.0,1050.0
2026-08-07 17:00:00,64970.0,64995.0,64730.0,64750.0,4978.0
2026-08-07 17:30:00,64745.0,64940.0,64670.0,64940.0,1466.0
2026-08-07 18:00:00,64940.0,65075.0,64940.0,64980.0,1189.0
2026-08-07 18:30:00,64995.0,65020.0,64825.0,64900.0,1887.0
2026-08-07 19:00:00,64925.0,65205.0,64920.0,65150.0,1918.0
2026-08-07 19:30:00,65150.0,65245.0,65135.0,65175.0,2085.0
2026-08-07 20:00:00,65165.0,65255.0,65155.0,65200.0,737.0
2026-08-07 20:30:00,65180.0,65225.0,65155.0,65225.0,549.0
2026-08-10 13:30:00,65060.0,65070.0,64590.0,64640.0,3880.0
2026-08-10 14:00:00,64645.0,64975.0,64640.0,64930.0,2439.0
2026-08-10 14:30:00,64910.0,65045.0,64730.0,64740.0,1612.0
2026-08-10 15:00:00,64720.0,64830.0,64390.0,64480.0,2052.0
2026-08-10 15:30:00,64480.0,64515.0,64285.0,64400.0,2285.0
2026-08-10 16:00:00,64385.0,64470.0,64055.0,64200.0,2984.0
2026-08-10 16:30:00,64195.0,64255.0,63875.0,63960.0,2731.0
2026-08-10 17:00:00,63980.0,64090.0,63880.0,63970.0,738.0
2026-08-10 17:30:00,63970.0,64085.0,63935.0,64005.0,610.0
2026-08-10 18:00:00,64010.0,64095.0,63945.0,63955.0,894.0
2026-08-10 18:30:00,63950.0,64005.0,63880.0,63955.0,941.0
2026-08-10 19:00:00,63965.0,64120.0,63965.0,64120.0,328.0
2026-08-10 19:30:00,64115.0,64195.0,63990.0,64125.0,1946.0
2026-08-10 20:00:00,64135.0,64210.0,64095.0,64195.0,625.0
2026-08-10 20:30:00,64195.0,64290.0,64165.0,64240.0,514.0
2026-08-11 13:30:00,64290.0,64345.0,64115.0,64290.0,1827.0
2026-08-11 14:00:00,64260.0,64365.0,63975.0,64100.0,2095.0
2026-08-11 14:30:00,64080.0,64130.0,63775.0,63835.0,1470.0
2026-08-11 15:00:00,63840.0,63940.0,63760.0,63940.0,1840.0
2026-08-11 15:30:00,63915.0,63920.0,63490.0,63660.0,2597.0
2026-08-11 16:00:00,63655.0,63730.0,63605.0,63660.0,1531.0
2026-08-11 16:30:00,63645.0,63685.0,63500.0,63560.0,547.0
2026-08-11 17:00:00,63560.0,63645.0,63505.0,63615.0,810.0
2026-08-11 17:30:00,63640.0,63690.0,63565.0,63655.0,653.0
2026-08-11 18:00:00,63655.0,63680.0,63515.0,63520.0,867.0
2026-08-11 18:30:00,63520.0,63560.0,63300.0,63420.0,1849.0
2026-08-11 19:00:00,63415.0,63430.0,63265.0,63395.0,925.0
2026-08-11 19:30:00,63410.0,63610.0,63395.0,63600.0,1329.0
2026-08-11 20:00:00,63610.0,63780.0,63600.0,63735.0,1344.0
2026-08-11 20:30:00,63755.0,63815.0,63710.0,63810.0,590.0
2026-08-12 13:30:00,64035.0,64170.0,63895.0,63920.0,2086.0
2026-08-12 14:00:00,63900.0,64010.0,63655.0,63725.0,1938.0
2026-08-12 14:30:00,63705.0,63760.0,63395.0,63400.0,3037.0
2026-08-12 15:00:00,63400.0,63590.0,63350.0,63515.0,1304.0
2026-08-12 15:30:00,63535.0,63625.0,63420.0,63475.0,807.0
2026-08-12 16:00:00,63470.0,63610.0,63380.0,63610.0,592.0
2026-08-12 16:30:00,63595.0,63625.0,63500.0,63535.0,387.0
2026-08-12 17:00:00,63540.0,63600.0,63455.0,63485.0,516.0
2026-08-12 17:30:00,63480.0,63585.0,63445.0,63515.0,390.0
2026-08-12 18:00:00,63515.0,63550.0,63425.0,63475.0,1298.0
2026-08-12 18:30:00,63470.0,63565.0,63405.0,63410.0,693.0
2026-08-12 19:00:00,63410.0,63505.0,63350.0,63430.0,746.0
2026-08-12 19:30:00,63415.0,63480.0,63350.0,63455.0,765.0
2026-08-12 20:00:00,63465.0,63560.0,63460.0,63545.0,451.0
2026-08-12 20:30:00,63545.0,63655.0,63535.0,63625.0,499.0
2026-08-13 13:30:00,63635.0,63940.0,63600.0,63770.0,2455.0
2026-08-13 14:00:00,63785.0,63980.0,63730.0,63870.0,2383.0
2026-08-13 14:30:00,63880.0,64090.0,63835.0,63925.0,1708.0
2026-08-13 15:00:00,63955.0,64025.0,63660.0,63690.0,1804.0
2026-08-13 15:30:00,63690.0,63830.0,63445.0,63445.0,1603.0
2026-08-13 16:00:00,63450.0,63620.0,63330.0,63400.0,2262.0
2026-08-13 16:30:00,63405.0,63475.0,62875.0,63200.0,3176.0
2026-08-13 17:00:00,63200.0,63305.0,63110.0,63220.0,716.0
2026-08-13 17:30:00,63220.0,63340.0,63125.0,63180.0,432.0
2026-08-13 18:00:00,63170.0,63330.0,63150.0,63155.0,304.0
2026-08-13 18:30:00,63155.0,63420.0,63130.0,63370.0,638.0
2026-08-13 19:00:00,63365.0,63585.0,63360.0,63495.0,2005.0
2026-08-13 19:30:00,63475.0,63550.0,63450.0,63460.0,2041.0
2026-08-13 20:00:00,63475.0,63540.0,63435.0,63530.0,825.0
2026-08-13 20:30:00,63530.0,63545.0,63455.0,63485.0,331.0
2026-08-14 13:30:00,62780.0,62840.0,62585.0,62655.0,2899.0
2026-08-14 14:00:00,62675.0,62755.0,62550.0,62680.0,3031.0
2026-08-14 14:30:00,62680.0,62825.0,62535.0,62610.0,2359.0
2026-08-14 15:00:00,62600.0,62850.0,62590.0,62825.0,955.0
2026-08-14 15:30:00,62875.0,63135.0,62805.0,63050.0,1867.0
2026-08-14 16:00:00,63030.0,63215.0,63005.0,63165.0,939.0
2026-08-14 16:30:00,63180.0,63290.0,63145.0,63185.0,1639.0
2026-08-14 17:00:00,63200.0,63310.0,63165.0,63255.0,399.0
2026-08-14 17:30:00,63260.0,63280.0,63050.0,63065.0,796.0
2026-08-14 18:00:00,63055.0,63130.0,63000.0,63070.0,590.0
2026-08-14 18:30:00,63045.0,63070.0,62915.0,62950.0,678.0
2026-08-14 19:00:00,62940.0,62960.0,62835.0,62950.0,2000.0
2026-08-14 19:30:00,62955.0,63025.0,62895.0,62990.0,1153.0
2026-08-14 20:00:00,62995.0,63055.0,62945.0,62970.0,583.0
2026-08-14 20:30:00,62970.0,62975.0,62905.0,62925.0,655.0
2026-08-17 13:30:00,63500.0,63850.0,63485.0,63705.0,3703.0
2026-08-17 14:00:00,63720.0,63795.0,63605.0,63665.0,1178.0
2026-08-17 14:30:00,63655.0,63975.0,63620.0,63970.0,2445.0
2026-08-17 15:00:00,63965.0,64220.0,63875.0,64125.0,3121.0
2026-08-17 15:30:00,64130.0,64335.0,64055.0,64295.0,2503.0
2026-08-17 16:00:00,64305.0,64305.0,64130.0,64170.0,1083.0
2026-08-17 16:30:00,64185.0,64280.0,64145.0,64185.0,339.0
2026-08-17 17:00:00,64180.0,64540.0,64030.0,64285.0,2267.0
2026-08-17 17:30:00,64290.0,64440.0,64130.0,64410.0,1999.0
2026-08-17 18:00:00,64410.0,64735.0,64365.0,64590.0,3209.0
2026-08-17 18:30:00,64595.0,64630.0,64490.0,64535.0,1077.0
2026-08-17 19:00:00,64530.0,64530.0,64395.0,64505.0,449.0
2026-08-17 19:30:00,64490.0,64525.0,64385.0,64400.0,963.0
2026-08-17 20:00:00,64395.0,64520.0,64340.0,64505.0,405.0
2026-08-17 20:30:00,64500.0,64510.0,64420.0,64475.0,234.0
2026-08-18 13:30:00,64105.0,64350.0,64060.0,64275.0,2523.0
2026-08-18 14:00:00,64290.0,65165.0,64270.0,65105.0,7931.0
2026-08-18 14:30:00,65120.0,65190.0,64745.0,64805.0,3214.0
2026-08-18 15:00:00,64805.0,64950.0,64725.0,64910.0,1793.0
2026-08-18 15:30:00,64900.0,65015.0,64880.0,64970.0,1444.0
2026-08-18 16:00:00,64980.0,65015.0,64785.0,64810.0,681.0
2026-08-18 16:30:00,64785.0,64990.0,64770.0,64930.0,383.0
2026-08-18 17:00:00,64945.0,64945.0,64850.0,64945.0,658.0
2026-08-18 17:30:00,64945.0,64945.0,64735.0,64735.0,1272.0
2026-08-18 18:00:00,64735.0,64910.0,64720.0,64890.0,819.0
2026-08-18 18:30:00,64900.0,64930.0,64830.0,64850.0,1194.0
2026-08-18 19:00:00,64850.0,64890.0,64775.0,64875.0,1156.0
2026-08-18 19:30:00,64865.0,64870.0,64700.0,64705.0,1212.0
2026-08-18 20:00:00,64710.0,64735.0,64645.0,64680.0,531.0
2026-08-18 20:30:00,64680.0,64725.0,64640.0,64640.0,489.0
2026-08-19 13:30:00,65090.0,65325.0,64850.0,65090.0,4252.0
2026-08-19 14:00:00,65125.0,65605.0,65090.0,65525.0,3693.0
2026-08-19 14:30:00,65520.0,66115.0,65455.0,66065.0,5151.0
2026-08-19 15:00:00,66065.0,69845.0,66020.0,68440.0,25732.0
2026-08-19 15:30:00,68455.0,69035.0,67935.0,68715.0,8974.0
2026-08-19 16:00:00,68705.0,69140.0,68670.0,69055.0,2379.0
2026-08-19 16:30:00,69030.0,69065.0,68565.0,68645.0,920.0
2026-08-19 17:00:00,68630.0,68690.0,67970.0,68110.0,2708.0
2026-08-19 17:30:00,68135.0,68405.0,67935.0,68325.0,1704.0
2026-08-19 18:00:00,68335.0,68500.0,68185.0,68435.0,848.0
2026-08-19 18:30:00,68420.0,68635.0,68370.0,68560.0,1197.0
2026-08-19 19:00:00,68500.0,68625.0,68115.0,68320.0,2991.0
2026-08-19 19:30:00,68310.0,68660.0,68275.0,68575.0,3254.0
2026-08-19 20:00:00,68590.0,68995.0,68525.0,68870.0,1978.0
2026-08-19 20:30:00,68870.0,69735.0,68785.0,69185.0,3308.0
2026-08-20 13:30:00,72100.0,72105.0,71220.0,71845.0,11001.0
2026-08-20 14:00:00,71835.0,72135.0,71460.0,71565.0,3226.0
2026-08-20 14:30:00,71550.0,71980.0,71530.0,71975.0,2450.0
2026-08-20 15:00:00,71970.0,72730.0,71935.0,72570.0,7649.0
2026-08-20 15:30:00,72555.0,72975.0,72315.0,72625.0,2832.0
2026-08-20 16:00:00,72620.0,72680.0,72360.0,72545.0,1408.0
2026-08-20 16:30:00,72465.0,73045.0,72410.0,73005.0,2866.0
2026-08-20 17:00:00,73005.0,73050.0,72695.0,72960.0,2099.0
2026-08-20 17:30:00,72960.0,73125.0,72865.0,72885.0,923.0
2026-08-20 18:00:00,72900.0,72975.0,72620.0,72865.0,2573.0
2026-08-20 18:30:00,72845.0,72865.0,72530.0,72600.0,1954.0
2026-08-20 19:00:00,72590.0,72815.0,72485.0,72770.0,1044.0
2026-08-20 19:30:00,72760.0,72950.0,72720.0,72815.0,4032.0
2026-08-20 20:00:00,72815.0,73090.0,72760.0,72995.0,1245.0
2026-08-20 20:30:00,72995.0,73245.0,72760.0,72860.0,1189.0
2026-08-21 13:30:00,77230.0,77880.0,76360.0,77420.0,8999.0
2026-08-21 14:00:00,77400.0,77400.0,76690.0,77215.0,3659.0
2026-08-21 14:30:00,77215.0,77640.0,77010.0,77575.0,2740.0
2026-08-21 15:00:00,77570.0,78060.0,77485.0,77785.0,2221.0
2026-08-21 15:30:00,77785.0,77930.0,77310.0,77365.0,1628.0
2026-08-21 16:00:00,77405.0,77535.0,76905.0,77535.0,2505.0
2026-08-21 16:30:00,77515.0,77710.0,77360.0,77650.0,1351.0
2026-08-21 17:00:00,77635.0,77870.0,77350.0,77695.0,1268.0
2026-08-21 17:30:00,77700.0,77815.0,77465.0,77515.0,874.0
2026-08-21 18:00:00,77525.0,77700.0,77405.0,77530.0,1417.0
2026-08-21 18:30:00,77510.0,77600.0,76770.0,77260.0,2725.0
2026-08-21 19:00:00,77285.0,77485.0,77020.0,77450.0,2180.0
2026-08-21 19:30:00,77455.0,77505.0,77145.0,77170.0,3568.0
2026-08-21 20:00:00,77160.0,77695.0,77000.0,77630.0,4239.0
2026-08-21 20:30:00,77660.0,77710.0,77485.0,77675.0,918.0
2026-08-24 13:30:00,79125.0,79160.0,77895.0,78705.0,10983.0
2026-08-24 14:00:00,78710.0,79755.0,78705.0,79510.0,7508.0
2026-08-24 14:30:00,79500.0,79980.0,79385.0,79585.0,6236.0
2026-08-24 15:00:00,79615.0,80105.0,79480.0,80010.0,4767.0
2026-08-24 15:30:00,80030.0,80115.0,78910.0,79190.0,7780.0
2026-08-24 16:00:00,79185.0,79975.0,79185.0,79770.0,4966.0
2026-08-24 16:30:00,79790.0,79885.0,78970.0,79115.0,2720.0
2026-08-24 17:00:00,79145.0,79300.0,78550.0,78670.0,4405.0
2026-08-24 17:30:00,78650.0,78940.0,78575.0,78855.0,1430.0
2026-08-24 18:00:00,78895.0,79190.0,78815.0,79105.0,1527.0
2026-08-24 18:30:00,79155.0,79210.0,78825.0,79010.0,1093.0
2026-08-24 19:00:00,79035.0,79240.0,78720.0,78985.0,1210.0
2026-08-24 19:30:00,78985.0,79070.0,78690.0,78840.0,1436.0
2026-08-24 20:00:00,78855.0,78920.0,78635.0,78770.0,1306.0
2026-08-24 20:30:00,78810.0,79080.0,78765.0,79020.0,542.0
2026-08-25 13:30:00,78695.0,79330.0,78180.0,78735.0,10148.0
2026-08-25 14:00:00,78720.0,79415.0,78605.0,79320.0,6119.0
2026-08-25 14:30:00,79315.0,79505.0,79085.0,79340.0,4195.0
2026-08-25 15:00:00,79370.0,79490.0,79125.0,79340.0,3253.0
2026-08-25 15:30:00,79345.0,79635.0,79285.0,79615.0,3040.0
2026-08-25 16:00:00,79610.0,79690.0,79140.0,79220.0,2455.0
2026-08-25 16:30:00,79220.0,79485.0,79210.0,79265.0,1573.0
2026-08-25 17:00:00,79225.0,79255.0,78825.0,78890.0,1614.0
2026-08-25 17:30:00,78895.0,79345.0,78895.0,79320.0,825.0
2026-08-25 18:00:00,79325.0,79465.0,79300.0,79370.0,787.0
2026-08-25 18:30:00,79330.0,79335.0,79140.0,79205.0,419.0
2026-08-25 19:00:00,79220.0,79310.0,78980.0,78990.0,678.0
2026-08-25 19:30:00,78985.0,79030.0,78800.0,78990.0,1125.0
2026-08-25 20:00:00,79005.0,79060.0,78745.0,78840.0,674.0
2026-08-25 20:30:00,78860.0,78870.0,78235.0,78255.0,1581.0
2026-08-26 13:30:00,78485.0,79000.0,78470.0,78865.0,422.0
2026-08-26 14:00:00,78890.0,79045.0,78620.0,78695.0,599.0
2026-08-26 14:30:00,78690.0,78725.0,78160.0,78195.0,1029.0
2026-08-26 15:00:00,78200.0,78585.0,78030.0,78580.0,1149.0
2026-08-26 15:30:00,78575.0,78595.0,78330.0,78390.0,650.0
2026-08-26 16:00:00,78465.0,78600.0,78395.0,78475.0,347.0
2026-08-26 16:30:00,78465.0,78605.0,78245.0,78390.0,283.0
2026-08-26 17:00:00,78400.0,78925.0,78395.0,78910.0,166.0
2026-08-26 17:30:00,78925.0,79055.0,78775.0,78815.0,220.0
2026-08-26 18:00:00,78845.0,79080.0,78815.0,78855.0,272.0
2026-08-26 18:30:00,78875.0,78910.0,78710.0,78885.0,209.0
2026-08-26 19:00:00,78870.0,78985.0,78695.0,78940.0,552.0
2026-08-26 19:30:00,78960.0,78970.0,78800.0,78870.0,544.0
2026-08-26 20:00:00,78870.0,78950.0,78600.0,78825.0,146.0
2026-08-26 20:30:00,78840.0,78840.0,78695.0,78825.0,62.0
2026-08-27 13:30:00,79720.0,80005.0,79285.0,79980.0,4533.0
2026-08-27 14:00:00,79980.0,80360.0,79760.0,80360.0,2801.0
2026-08-27 14:30:00,80370.0,80870.0,80250.0,80630.0,2567.0
2026-08-27 15:00:00,80635.0,81255.0,80540.0,81075.0,2732.0
2026-08-27 15:30:00,81060.0,81085.0,80720.0,80755.0,1775.0
2026-08-27 16:00:00,80750.0,80995.0,80590.0,80835.0,1398.0
2026-08-27 16:30:00,80825.0,81080.0,80685.0,80795.0,446.0
2026-08-27 17:00:00,80805.0,81315.0,80645.0,81150.0,862.0
2026-08-27 17:30:00,81160.0,81250.0,80840.0,80845.0,671.0
2026-08-27 18:00:00,80825.0,80845.0,80140.0,80300.0,1760.0
2026-08-27 18:30:00,80295.0,80535.0,80200.0,80535.0,588.0
2026-08-27 19:00:00,80550.0,80705.0,80425.0,80550.0,1291.0
2026-08-27 19:30:00,80545.0,80610.0,80245.0,80295.0,1534.0
2026-08-27 20:00:00,80265.0,80500.0,80215.0,80375.0,540.0
2026-08-27 20:30:00,80355.0,80505.0,80320.0,80450.0,543.0
2026-08-28 13:30:00,79535.0,79905.0,79360.0,79650.0,2981.0
2026-08-28 14:00:00,79700.0,80095.0,78700.0,79300.0,8248.0
2026-08-28 14:30:00,79290.0,80060.0,79165.0,79925.0,4982.0
2026-08-28 15:00:00,79945.0,80240.0,79575.0,79695.0,2885.0
2026-08-28 15:30:00,79690.0,79690.0,78600.0,78620.0,4170.0
2026-08-28 16:00:00,78615.0,78715.0,77165.0,77835.0,8084.0
2026-08-28 16:30:00,77820.0,78315.0,77820.0,78105.0,3066.0
2026-08-28 17:00:00,78115.0,78450.0,77960.0,78250.0,2274.0
2026-08-28 17:30:00,78250.0,78350.0,78035.0,78230.0,1419.0
2026-08-28 18:00:00,78230.0,78270.0,77830.0,77925.0,1866.0
2026-08-28 18:30:00,77960.0,77965.0,77600.0,77875.0,2188.0
2026-08-28 19:00:00,77905.0,78100.0,77805.0,78005.0,2127.0
2026-08-28 19:30:00,77985.0,78000.0,77635.0,77850.0,3265.0
2026-08-28 20:00:00,77850.0,77900.0,77690.0,77790.0,1528.0
2026-08-28 20:30:00,77780.0,77780.0,77580.0,77695.0,835.0
2026-08-31 13:30:00,78305.0,78580.0,77980.0,78140.0,6357.0
2026-08-31 14:00:00,78140.0,78365.0,77995.0,78320.0,3369.0
2026-08-31 14:30:00,78320.0,78985.0,78230.0,78880.0,3639.0
2026-08-31 15:00:00,78890.0,79000.0,78500.0,78770.0,2893.0
2026-08-31 15:30:00,78765.0,79100.0,78730.0,78885.0,2572.0
2026-08-31 16:00:00,78890.0,79135.0,78820.0,78980.0,1623.0
2026-08-31 16:30:00,78970.0,79195.0,78885.0,78940.0,1290.0
2026-08-31 17:00:00,78945.0,79140.0,78800.0,78845.0,1827.0
2026-08-31 17:30:00,78875.0,79365.0,78855.0,79240.0,1670.0
2026-08-31 18:00:00,79230.0,79425.0,79100.0,79205.0,1822.0
2026-08-31 18:30:00,79215.0,79535.0,79200.0,79350.0,1676.0
2026-08-31 19:00:00,79360.0,79605.0,79345.0,79430.0,1700.0
2026-08-31 19:30:00,79440.0,79475.0,79150.0,79225.0,2179.0
2026-08-31 20:00:00,79215.0,79510.0,79175.0,79255.0,805.0
2026-08-31 20:30:00,79250.0,79290.0,79110.0,79210.0,928.0
2026-09-01 13:30:00,78095.0,78505.0,77690.0,78325.0,6540.0
2026-09-01 14:00:00,78365.0,78710.0,78320.0,78530.0,3221.0
2026-09-01 14:30:00,78535.0,78725.0,78420.0,78435.0,1180.0
2026-09-01 15:00:00,78415.0,78425.0,77935.0,78100.0,1605.0
2026-09-01 15:30:00,78080.0,78335.0,78030.0,78165.0,688.0
2026-09-01 16:00:00,78165.0,78210.0,77675.0,77865.0,2019.0
2026-09-01 16:30:00,77855.0,77890.0,77525.0,77825.0,1466.0
2026-09-01 17:00:00,77835.0,77880.0,77640.0,77760.0,977.0
2026-09-01 17:30:00,77750.0,77985.0,77485.0,77510.0,1258.0
2026-09-01 18:00:00,77515.0,77565.0,76775.0,77260.0,3503.0
2026-09-01 18:30:00,77270.0,77390.0,76640.0,77380.0,2459.0
2026-09-01 19:00:00,77390.0,77715.0,77320.0,77595.0,1211.0
2026-09-01 19:30:00,77590.0,77630.0,77430.0,77570.0,1568.0
2026-09-01 20:00:00,77570.0,77700.0,77455.0,77635.0,1488.0
2026-09-01 20:30:00,77635.0,77690.0,77550.0,77640.0,753.0
2026-09-02 13:30:00,77105.0,77715.0,76815.0,77410.0,4439.0
2026-09-02 14:00:00,77380.0,77750.0,77245.0,77575.0,2029.0
2026-09-02 14:30:00,77570.0,77655.0,77275.0,77280.0,1472.0
2026-09-02 15:00:00,77275.0,77430.0,76950.0,77265.0,1761.0
2026-09-02 15:30:00,77260.0,77655.0,77205.0,77555.0,1754.0
2026-09-02 16:00:00,77545.0,77845.0,77455.0,77675.0,924.0
2026-09-02 16:30:00,77705.0,77820.0,77400.0,77400.0,746.0
2026-09-02 17:00:00,77460.0,77480.0,77190.0,77290.0,444.0
2026-09-02 17:30:00,77345.0,77655.0,77300.0,77640.0,643.0
2026-09-02 18:00:00,77620.0,77815.0,77570.0,77705.0,768.0
2026-09-02 18:30:00,77700.0,77715.0,77550.0,77645.0,309.0
2026-09-02 19:00:00,77635.0,77685.0,77420.0,77420.0,497.0
2026-09-02 19:30:00,77405.0,77610.0,77350.0,77600.0,797.0
2026-09-02 20:00:00,77600.0,77805.0,77460.0,77630.0,1216.0
2026-09-02 20:30:00,77640.0,77745.0,77550.0,77620.0,672.0
2026-09-03 13:30:00,78730.0,79305.0,78710.0,79145.0,6930.0
2026-09-03 14:00:00,79125.0,80025.0,78985.0,80020.0,7567.0
2026-09-03 14:30:00,79995.0,80945.0,79930.0,80940.0,8892.0
2026-09-03 15:00:00,80910.0,81310.0,80720.0,81100.0,4793.0
2026-09-03 15:30:00,81125.0,81725.0,81060.0,81705.0,3479.0
2026-09-03 16:00:00,81690.0,81725.0,80965.0,81105.0,3166.0
2026-09-03 16:30:00,81135.0,81410.0,81105.0,81330.0,1655.0
2026-09-03 17:00:00,81305.0,81490.0,81240.0,81340.0,1176.0
2026-09-03 17:30:00,81395.0,81550.0,81350.0,81375.0,1196.0
2026-09-03 18:00:00,81400.0,81715.0,81275.0,81275.0,1564.0
2026-09-03 18:30:00,81285.0,81610.0,81230.0,81595.0,1195.0
2026-09-03 19:00:00,81585.0,81990.0,81515.0,81905.0,3215.0
2026-09-03 19:30:00,81905.0,82145.0,81740.0,82080.0,4550.0
2026-09-03 20:00:00,82080.0,82110.0,81725.0,81895.0,2967.0
2026-09-03 20:30:00,81925.0,82030.0,81790.0,81850.0,1313.0
2026-09-04 13:30:00,79525.0,79940.0,79185.0,79590.0,7416.0
2026-09-04 14:00:00,79585.0,79785.0,79265.0,79585.0,2488.0
2026-09-04 14:30:00,79605.0,79705.0,78830.0,79110.0,4098.0
2026-09-04 15:00:00,79105.0,79675.0,79000.0,79650.0,2622.0
2026-09-04 15:30:00,79670.0,79830.0,79595.0,79680.0,2178.0
2026-09-04 16:00:00,79675.0,79825.0,79625.0,79785.0,685.0
2026-09-04 16:30:00,79805.0,80155.0,79785.0,80005.0,1681.0
2026-09-04 17:00:00,80010.0,80010.0,79745.0,79745.0,752.0
2026-09-04 17:30:00,79770.0,79835.0,79625.0,79715.0,1371.0
2026-09-04 18:00:00,79725.0,79875.0,79725.0,79785.0,403.0
2026-09-04 18:30:00,79815.0,79940.0,79790.0,79890.0,1114.0
2026-09-04 19:00:00,79895.0,80110.0,79895.0,80080.0,1714.0
2026-09-04 19:30:00,80070.0,80095.0,79895.0,80070.0,2792.0
2026-09-04 20:00:00,80055.0,80170.0,80020.0,80045.0,1121.0
2026-09-04 20:30:00,80040.0,80060.0,79935.0,79985.0,770.0
